Name,Email,University_ID,Research Area
Brian Zambri,N/A,I63966007,"Computer science, Biology, Geology"
G. Gomez Ceballos,N/A,I63966007,"Physics, Particle physics, Nuclear physics, Quantum mechanics, Large Hadron Collider, Astronomy, Mathematics, Astrophysics, Quark, Geography, Materials science, History, Archaeology, Electron, Metallurgy, Galaxy, Luminosity, Computer science, Engineering, Gauge (firearms), Lepton, Standard Model (mathematical formulation), Economics, Hadron, Boson"
K. Long,N/A,I63966007,"Physics, Particle physics, Nuclear physics, Quantum mechanics, Large Hadron Collider, Mathematics, Quark, Astronomy, Astrophysics, Materials science, Geography, Computer science, Hadron, Electron, Engineering, Lepton, Proton, History, Archaeology, Metallurgy, Galaxy, Luminosity, Gauge (firearms), Standard Model (mathematical formulation), Economics"
Timothy M. Swager,N/A,I63966007,"Chemistry, Organic chemistry, Materials science, Physics, Biology, Quantum mechanics, Composite material, Nuclear magnetic resonance, Engineering, Biochemistry, Nanotechnology, Polymer, Computer science, Combinatorial chemistry, Catalysis, Polymer chemistry"
Róbert Langer,N/A,I63966007,"Biology, Chemistry, Medicine, Genetics, Materials science, Biochemistry, Engineering, Organic chemistry, Physics, Nanotechnology, Internal medicine, Chemical engineering, Composite material, Quantum mechanics, Nuclear magnetic resonance, Biomedical engineering, Pharmacology, Computer science, Cell biology, Psychology, Gene, Polymer"
Matthew Meyerson,N/A,I63966007,"Biology, Genetics, Chemistry, Medicine, Biochemistry, Internal medicine, Gene, Cancer research, Cancer, Oncology, Mutation, Pathology, Computational biology, Computer science, Cell biology"
Ron Johnston,N/A,I63966007,"Political science, Economics, Sociology, Law, Geography, Politics, Computer science, Mathematics, Philosophy, Economic geography, History, Biology"
G. S. F. Stephans,N/A,I63966007,"Physics, Nuclear physics, Particle physics, Quantum mechanics, Large Hadron Collider, Mathematics, Astronomy, Quark, Computer science, Engineering, Astrophysics, Materials science, Geography, Economics, Electron, Proton, Hadron, Lepton, Metallurgy, History, Archaeology, Galaxy, Luminosity, Macroeconomics, Microeconomics"
R. Frey,N/A,I63966007,"Physics, Quantum mechanics, Particle physics, Nuclear physics, Mathematics, Computer science, Optics, Chemistry, Engineering, Atomic physics, Electrical engineering, Astronomy, Astrophysics, Hadron, Telecommunications, Detector, Materials science, Organic chemistry, Gravitational wave, Branching fraction"
Cass R. Sunstein,N/A,I63966007,"Political science, Law, Economics, Sociology, Computer science, Philosophy, Psychology, Business, Law and economics, Politics, Epistemology, Mathematics"
Stephen J. Lippard,N/A,I63966007,"Chemistry, Organic chemistry, Biology, Biochemistry, Physics, Materials science, Genetics, Medicine, Stereochemistry, Quantum mechanics, Internal medicine, Metallurgy, Computer science, Catalysis, Crystallography, Nuclear magnetic resonance"
Esther Duflo,N/A,I63966007,"Computer science, Mathematics, Economics, Biology, Political science, Medicine, Law, Geography, Psychology"
J. M. Conrad,N/A,I63966007,"Physics, Quantum mechanics, Nuclear physics, Particle physics, Neutrino, Optics, Computer science, Astronomy, Astrophysics, Engineering, Neutrino oscillation, Electrical engineering, Chemistry, Telecommunications, Detector, Mathematics, Organic chemistry, Materials science, Electron, Neutrino detector"
James G. Fujimoto,N/A,I63966007,"Physics, Optics, Medicine, Ophthalmology, Radiology, Optical coherence tomography, Quantum mechanics, Computer science, Biology, Materials science, Engineering, Chemistry, Mathematics, Laser, Psychology, Artificial intelligence, Biochemistry, Internal medicine, Statistics, Optoelectronics, Computer vision, Botany, Retinal, Coherence (philosophical gambling strategy), Neuroscience"
M. S. Dresselhaus,N/A,I63966007,"Physics, Materials science, Quantum mechanics, Engineering, Chemistry, Composite material, Nanotechnology, Organic chemistry, Optics, Condensed matter physics, Chemical engineering, Metallurgy, Optoelectronics, Computer science, Mathematics, Electrical engineering, Thermodynamics, Raman spectroscopy, Carbon nanotube, Biology, Nuclear physics"
Robert M. Townsend,N/A,I63966007,"Chemistry, Physics, Quantum mechanics, Physical chemistry, Townsend, Computer science, Geography, Economics, Mathematics, Business"
B. Wysłouch,N/A,I63966007,"Physics, Nuclear physics, Particle physics, Quantum mechanics, Large Hadron Collider, Mathematics, Astronomy, Quark, Computer science, Astrophysics, Engineering, Proton, Materials science, Electron, Economics, Hadron, Geography, Lepton, Metallurgy, History, Archaeology, Macroeconomics, Microeconomics, Production (economics), Luminosity"
Gaël Forget,N/A,I63966007,"Geology, Environmental science, Biology, Climatology, Physics, Geography, Meteorology, Computer science, Paleontology, Series (stratigraphy), Mathematics, Oceanography"
Stephen L. Buchwald,N/A,I63966007,"Chemistry, Organic chemistry, Biology, Biochemistry, Catalysis, Combinatorial chemistry, Materials science, Physics, Alkyl, Metallurgy, Aryl, Palladium, Medicinal chemistry, Stereochemistry, Quantum mechanics, Composite material, Engineering"
E. Smith,N/A,I63966007,"Physics, Particle physics, Nuclear physics, Quantum mechanics, Chemistry, Mathematics, Astrophysics, Astronomy, Atomic physics, Galaxy, Luminosity, Organic chemistry, Computer science, Meson, Branching fraction, Hadron, Optics"
M. D’Alfonso,N/A,I63966007,"Physics, Nuclear physics, Particle physics, Quantum mechanics, Large Hadron Collider, Mathematics, Astronomy, Quark, Computer science, Astrophysics, Proton, Geography, Electron, Materials science, Engineering, Economics, Lepton, History, Archaeology, Metallurgy, Gauge (firearms), Macroeconomics, Microeconomics, Production (economics), Standard Model (mathematical formulation)"
C. Roland,N/A,I63966007,"Physics, Nuclear physics, Particle physics, Quantum mechanics, Large Hadron Collider, Mathematics, Astronomy, Quark, Computer science, Astrophysics, Engineering, Proton, Materials science, Hadron, Electron, Geography, Economics, Lepton, Metallurgy, History, Archaeology, Luminosity, Galaxy, Macroeconomics, Microeconomics"
G. Ricker,N/A,I63966007,"Physics, Astrophysics, Astronomy, Computer science, Quantum mechanics, Computer vision, Stars, Planet, Engineering, Mathematics, Exoplanet, Optics, Biology"
Ju Li,N/A,I63966007,"Physics, Materials science, Chemistry, Quantum mechanics, Engineering, Organic chemistry, Composite material, Biology, Metallurgy, Thermodynamics, Nanotechnology, Computer science, Chemical engineering, Mathematics, Physical chemistry, Condensed matter physics, Geology, Crystallography, Optics, Medicine, Electrical engineering"
Daron Acemoğlu,N/A,I63966007,"Economics, Political science, Law, Computer science, Mathematics, Business, Sociology, Macroeconomics, Microeconomics, Physics, Politics, Market economy, Biology, Economic growth, Geography"
Daniela Rus,N/A,I63966007,"Computer science, Artificial intelligence, Engineering, Mathematics, Robot, Physics, Operating system, Programming language, Biology, Economics, Quantum mechanics, Geography, Management, Machine learning, Philosophy, Computer vision, Statistics, Algorithm, Electrical engineering"
Rick Danheiser,N/A,I63966007,"Chemistry, Computer science, Organic chemistry, Library science, Political science, Law, World Wide Web, Citation, Art, History, Art history, Biology, Biochemistry, Catalysis"
Dean Karlan,N/A,I63966007,"Economics, Business, Computer science, Political science, Law, Mathematics, Medicine, Geography, Biology, Finance, Psychology"
Manolis Kellis,N/A,I63966007,"Computer science, Biology, Chemistry, Genetics, Biochemistry, Gene, Computational biology, Medicine, Gene expression"
W. Busza,N/A,I63966007,"Physics, Nuclear physics, Particle physics, Quantum mechanics, Large Hadron Collider, Mathematics, Computer science, Engineering, Quark, Astronomy, Economics, Proton, Hadron, Electron, Macroeconomics, Microeconomics, Production (economics), Materials science, Astrophysics, Lepton, Geography, Aerospace engineering, Chemistry"
Douglas A. Lauffenburger,N/A,I63966007,"Biology, Genetics, Medicine, Chemistry, Biochemistry, Internal medicine, Cell biology, Receptor, Immunology, Gene, Computer science, Physics, Cancer, Cancer research, Computational biology, Cell, Pathology, Signal transduction, Cell culture"
G. Roland,N/A,I63966007,"Physics, Nuclear physics, Particle physics, Quantum mechanics, Large Hadron Collider, Computer science, Mathematics, Engineering, Quark, Proton, Astronomy, Economics, Hadron, Macroeconomics, Microeconomics, Production (economics), Electron, Chemistry, Lepton"
William H. Green,N/A,I63966007,"Physics, Chemistry, Biology, Organic chemistry, Quantum mechanics, Computer science, Engineering, Mathematics, Biochemistry, Thermodynamics, Materials science, Physical chemistry, Geography, Medicine"
Atsushi Takahashi,N/A,I63966007,"Medicine, Internal medicine, Biology, Genetics, Chemistry, Biochemistry, Pathology, Surgery, Cardiology, Psychology, Gene, Endocrinology, Radiology, Psychiatry, Genotype, Single-nucleotide polymorphism, Engineering, Aerospace engineering, Mathematics, Atrial fibrillation"
Alex Pentland,N/A,I63966007,"Computer science, Artificial intelligence, Mathematics, Philosophy, Psychology, Physics, Engineering, Political science, Law, Operating system, Biology, Sociology, Economics, Statistics, Linguistics, Geography, Computer vision, Programming language, Medicine, Quantum mechanics, World Wide Web, Business, Epistemology"
Dietmar Seyferth,N/A,I63966007,"Chemistry, Organic chemistry, Materials science, Biology, Physics, Computer science, Medicinal chemistry, Metallurgy, Biochemistry, Catalysis, Political science, Law, Library science, Programming language, Quantum mechanics, World Wide Web, Citation"
Jonathan P. How,N/A,I63966007,"Computer science, Artificial intelligence, Engineering, Mathematics, Economics, Physics, Management, Quantum mechanics, Biology, Control (management), Programming language, Statistics, Machine learning, Mathematical optimization, Algorithm, Operating system, Philosophy, Control theory (sociology), Geography, Electrical engineering, Astronomy, Robot"
Erik D. Demaine,N/A,I63966007,"Computer science, Mathematics, Combinatorics, Algorithm, Geometry, Engineering, Discrete mathematics, Programming language, Theoretical computer science, Mathematical analysis, Operating system, Artificial intelligence, Mechanical engineering, Physics, Philosophy, Graph, Biology"
Dirk Englund,N/A,I63966007,"Physics, Quantum mechanics, Materials science, Optics, Optoelectronics, Engineering, Computer science, Electrical engineering, Chemistry, Photonics, Quantum, Organic chemistry, Nanotechnology, Composite material, Metallurgy, Photon, Telecommunications, Condensed matter physics, Electronic engineering, Mathematics, Photonic crystal, Operating system, Quantum computer"
Markus J. Buehler,N/A,I63966007,"Materials science, Physics, Engineering, Chemistry, Biology, Composite material, Computer science, Quantum mechanics, Nanotechnology, Organic chemistry, Thermodynamics, Biochemistry, Metallurgy, Geology, Mathematics, Genetics, Chemical engineering, Medicine"
D. Kovalskyi,N/A,I63966007,"Physics, Particle physics, Nuclear physics, Quantum mechanics, Large Hadron Collider, Mathematics, Computer science, Quark, Astronomy, Proton, Engineering, Geography, Economics, Astrophysics, Electron, Lepton, Materials science, Macroeconomics, Microeconomics, Production (economics), Hadron, History, Archaeology, Metallurgy, Galaxy"
Joshua B. Tenenbaum,N/A,I63966007,"Computer science, Artificial intelligence, Philosophy, Mathematics, Psychology, Epistemology, Statistics, Machine learning, Biology, Linguistics, Physics, Engineering, Programming language, Economics, Cognitive psychology, Neuroscience, Quantum mechanics, Political science, Law, Medicine, Computer vision, Cognitive science, Operating system"
D. Krasnopevtsev,N/A,I63966007,"Physics, Quantum mechanics, Particle physics, Nuclear physics, Large Hadron Collider, Biology, Geology, Medicine, Anatomy, Paleontology, Atlas (anatomy), Computer science, Engineering, Mathematics, Optics, Boson, Higgs boson, Electron, Hadron, Electrical engineering, Telecommunications, Geography, Lepton, Detector, Astronomy"
Clary B. Clish,N/A,I63966007,"Biology, Medicine, Chemistry, Internal medicine, Biochemistry, Genetics, Endocrinology, Pathology, Bioinformatics, Gene, Physics, Chromatography, Metabolomics, Immunology, Metabolite, Cell biology, Mathematics, Statistics, Organic chemistry"
Steven A. Carr,N/A,I63966007,"Biology, Chemistry, Genetics, Biochemistry, Medicine, Gene, Internal medicine, Cell biology, Computational biology, Cancer research, Physics, Cancer, Computer science, Organic chemistry, Nuclear magnetic resonance, Immunology"
Keith A. Nelson,N/A,I63966007,"Physics, Quantum mechanics, Materials science, Optics, Engineering, Optoelectronics, Chemistry, Laser, Computer science, Organic chemistry, Electrical engineering, Condensed matter physics, Thermodynamics, Mathematics, Astronomy, Composite material, Biology, Terahertz radiation, Femtosecond, Nanotechnology, Spectroscopy, Telecommunications"
Paula T. Hammond,N/A,I63966007,"Chemistry, Biology, Materials science, Physics, Engineering, Organic chemistry, Nanotechnology, Composite material, Quantum mechanics, Chemical engineering, Medicine, Biochemistry, Genetics, Nuclear magnetic resonance, Polymer, Computer science, Physical chemistry, Psychology"
Ivan Amos Cali,N/A,I63966007,"Physics, Nuclear physics, Particle physics, Quantum mechanics, Large Hadron Collider, Quark, Computer science, Mathematics, Proton, Engineering, Astronomy, Economics, Electron, Lepton, Materials science, Macroeconomics, Microeconomics, Production (economics), Geography, Astrophysics, History, Metallurgy, Archaeology, Hadron, Boson"
Eric S. Lander,N/A,I63966007,"Biology, Genetics, Chemistry, Biochemistry, Gene, Medicine, Computational biology, Internal medicine, Genome, Computer science, Cancer"
John D. Joannopoulos,N/A,I63966007,"Physics, Quantum mechanics, Materials science, Optoelectronics, Optics, Engineering, Computer science, Chemistry, Electrical engineering, Mathematics, Organic chemistry, Condensed matter physics, Photonic crystal, Composite material, Photonics, Thermodynamics, Telecommunications, Nanotechnology, Geometry, Biology, Metallurgy"
Robert W. Field,N/A,I63966007,"Physics, Quantum mechanics, Chemistry, Organic chemistry, Atomic physics, Astronomy, Computer science, Optics, Engineering, Materials science, Mathematics, Molecule, Spectroscopy, Nuclear physics, Spectral line, Excited state, Biology, Electrical engineering"
James G. Fox,N/A,I63966007,"Biology, Medicine, Genetics, Internal medicine, Chemistry, Biochemistry, Immunology, Gastroenterology, Pathology, Gene, Helicobacter pylori, Microbiology, Geology, Cancer, Paleontology, Helicobacter, Endocrinology, Ecology"
Micah Altman,N/A,I63966007,"Computer science, Political science, Law, Politics, Programming language, Democracy, Mathematics, Geography, Operating system, Database, Algorithm"
Gian‐Carlo Rota,N/A,I63966007,"Mathematics, Pure mathematics, Physics, Computer science, Algebra over a field"
Jacques H. van Boom,N/A,I63966007,"Chemistry, Biology, Biochemistry, Organic chemistry, Stereochemistry, Genetics, Physics, Nuclear magnetic resonance, Combinatorial chemistry, Gene, DNA, Medicine, Quantum mechanics, Materials science, Catalysis"
R. Vanderspek,N/A,I63966007,"Physics, Astrophysics, Astronomy, Computer science, Computer vision, Stars, Quantum mechanics, Planet, Exoplanet, Mathematics, Engineering, Biology"
Jing Kong,N/A,I63966007,"Physics, Materials science, Quantum mechanics, Engineering, Chemistry, Nanotechnology, Chemical engineering, Organic chemistry, Optoelectronics, Composite material, Biology, Graphene, Optics, Electrical engineering, Computer science, Biochemistry, Condensed matter physics, Metallurgy, Physical chemistry, Thermodynamics"
David E. Smith,N/A,I63966007,"Geology, Physics, Geography, Astronomy, Biology, Engineering, Geodesy, Astrobiology, Remote sensing, Quantum mechanics, Aerospace engineering, Computer science, Meteorology, Optics, Geophysics, Mathematics, Paleontology, Environmental science, Altimeter, Satellite, Telecommunications"
Richard D. Braatz,N/A,I63966007,"Computer science, Physics, Engineering, Quantum mechanics, Mathematics, Biology, Chemistry, Artificial intelligence, Economics, Management, Control (management), Thermodynamics, Materials science, Organic chemistry, Programming language, Statistics, Operating system, Control theory (sociology), Medicine, Mathematical optimization, Electrical engineering, Geology, Machine learning"
Klavs F. Jensen,N/A,I63966007,"Chemistry, Physics, Materials science, Organic chemistry, Engineering, Biology, Quantum mechanics, Nanotechnology, Biochemistry, Thermodynamics, Computer science, Composite material, Chemical engineering, Mathematics, Catalysis, Optoelectronics, Mechanics, Chromatography, Optics, Metallurgy, Geology, Physical chemistry"
V. Azzolini,N/A,I63966007,"Physics, Particle physics, Nuclear physics, Quantum mechanics, Mathematics, Chemistry, Atomic physics, Hadron, Branching fraction, Organic chemistry, Materials science, Large Hadron Collider, Quark, Computer science, Astronomy, Geometry, Astrophysics, Meson, Geography"
Rudolf Jaenisch,N/A,I63966007,"Biology, Genetics, Chemistry, Biochemistry, Gene, Medicine, Cell biology, Internal medicine, Embryonic stem cell, Molecular biology, Gene expression, Immunology, DNA, Stem cell"
Péter Müller,N/A,I63966007,"Chemistry, Materials science, Organic chemistry, Crystallography, Physics, Biology, Quantum mechanics, Crystal structure, Computer science, Biochemistry, Metallurgy, Medicine"
Christoph Paus,N/A,I63966007,"Physics, Particle physics, Nuclear physics, Quantum mechanics, Computer science, Large Hadron Collider, Engineering, Quark, Economics, Proton, Mathematics, Macroeconomics, Microeconomics, Production (economics), Electron, Lepton, Astronomy, Geography, Astrophysics, Hadron, Top quark"
Marin Soljačić,N/A,I63966007,"Physics, Quantum mechanics, Optics, Materials science, Optoelectronics, Engineering, Computer science, Mathematics, Electrical engineering, Photonics, Chemistry, Photonic crystal, Telecommunications, Nanotechnology, Laser, Biology, Condensed matter physics, Thermodynamics"
Richard P. Binzel,N/A,I63966007,"Physics, Astronomy, Biology, Astrobiology, Geology, Asteroid, Astrophysics, Computer science, Geography, Quantum mechanics, Mathematics, Meteorite, Engineering, Pluto, Optics, Solar System"
John W. Fisher,N/A,I63966007,"Engineering, Computer science, Physics, Biology, Materials science, Mathematics, Structural engineering, Composite material, Geology, Quantum mechanics, Artificial intelligence, Thermodynamics, Chemistry, Mechanical engineering, Medicine, Forensic engineering, Philosophy, Metallurgy, Geography, Statistics"
M. Porkoláb,N/A,I63966007,"Physics, Quantum mechanics, Nuclear physics, Plasma, Tokamak, Engineering, Chemistry, Organic chemistry, Computer science, Atomic physics, Magnetic field, Materials science, Optics, Ion, Thermodynamics, Alcator C-Mod, Electron, Electrical engineering, Computational physics, Mechanics, Telecommunications, Composite material, Cyclotron, Mathematics, Geology"
Yang Shao‐Horn,N/A,I63966007,"Chemistry, Physics, Quantum mechanics, Organic chemistry, Materials science, Physical chemistry, Engineering, Biology, Electrode, Chemical engineering, Biochemistry, Electrochemistry, Metallurgy, Nanotechnology, Catalysis, Inorganic chemistry, Composite material, Electrolyte, Thermodynamics, Medicine, Oxygen, Psychology, Internal medicine, Crystallography, Computer science"
Roger D. Kamm,N/A,I63966007,"Biology, Medicine, Chemistry, Genetics, Biochemistry, Internal medicine, Physics, Materials science, Cell biology, Thermodynamics, Engineering, Computer science, Cell, Psychology, Pathology, In vitro, Quantum mechanics, Composite material, Cancer research, Immunology, Nanotechnology, Endocrinology, Organic chemistry"
James M. Poterba,N/A,I63966007,"Economics, Business, Political science, Law, Finance, Market economy, Macroeconomics, Public economics, Computer science, Monetary economics, Mathematics, Biology, Tax reform, Geography, Accounting, Sociology, History"
Richard O. Hynes,N/A,I63966007,"Biology, Genetics, Medicine, Chemistry, Biochemistry, Internal medicine, Cell biology, Cell, Cancer research, Gene, Cancer, Receptor, Immunology, Physics, Extracellular matrix, Pathology, Organic chemistry, Metastasis, Integrin, Materials science"
Robert G. Griffin,N/A,I63966007,"Chemistry, Physics, Quantum mechanics, Organic chemistry, Nuclear magnetic resonance, Materials science, Biology, Stereochemistry, Astronomy, Nuclear magnetic resonance spectroscopy, Engineering, Physical chemistry, Biochemistry, Crystallography, Spectral line, Computer science, Medicine, Genetics, Magic angle spinning, Optics, Molecule, Composite material, Nuclear physics, Chromatography, Atomic physics"
Michael S. Strano,N/A,I63966007,"Materials science, Physics, Nanotechnology, Engineering, Chemistry, Quantum mechanics, Chemical engineering, Composite material, Biology, Organic chemistry, Carbon nanotube, Biochemistry, Optics, Computer science, Physical chemistry, Genetics, Mathematics, Thermodynamics, Optoelectronics, Medicine"
Susan Solomon,N/A,I63966007,"Physics, Geology, Geography, Meteorology, Climatology, Environmental science, Biology, Atmospheric sciences, Chemistry, Organic chemistry, Astronomy, Stratosphere, Ecology, Ozone, Thermodynamics, Oceanography, Quantum mechanics, Mathematics, Engineering, Ozone depletion, Computer science"
Dara Entekhabi,N/A,I63966007,"Geology, Geography, Physics, Environmental science, Engineering, Meteorology, Remote sensing, Computer science, Biology, Quantum mechanics, Geotechnical engineering, Ecology, Materials science, Chemistry, Water content, Organic chemistry, Mathematics, Composite material, Atmospheric sciences, Aerospace engineering, Optics, Astronomy, Climatology, Telecommunications, Moisture"
Richard J. Temkin,N/A,I63966007,"Physics, Quantum mechanics, Engineering, Optics, Materials science, Computer science, Nuclear physics, Electron, Thermodynamics, Electrical engineering, Optoelectronics, Power (physics), Telecommunications, Chemistry, Gyrotron, Organic chemistry, Structural engineering, Civil engineering, Beam (structure), Laser, Astronomy, Electronic engineering, Computer network, Plasma"
B. Coppi,N/A,I63966007,"Physics, Quantum mechanics, Nuclear physics, Plasma, Engineering, Thermodynamics, Computer science, Aerospace engineering, Magnetic field, Mathematics, Ignition system, Mechanics, Materials science, Atomic physics, IGNITOR, Chemistry, Organic chemistry"
Martin Z. Bazant,N/A,I63966007,"Physics, Quantum mechanics, Chemistry, Materials science, Engineering, Organic chemistry, Thermodynamics, Physical chemistry, Biology, Electrode, Composite material, Computer science, Mathematics, Geology, Nanotechnology, Chemical physics, Electrical engineering, Mechanics, Ion, Biochemistry, Electrolyte, Chemical engineering, Medicine"
Moungi G. Bawendi,N/A,I63966007,"Physics, Materials science, Quantum mechanics, Chemistry, Nanotechnology, Engineering, Optoelectronics, Optics, Organic chemistry, Quantum dot, Chemical engineering, Biology, Electrical engineering, Condensed matter physics, Composite material, Computer science, Nanocrystal"
Emery N. Brown,N/A,I63966007,"Psychology, Biology, Medicine, Neuroscience, Computer science, Psychiatry, Mathematics, Internal medicine, Artificial intelligence, Physics, Statistics, Anesthesia, Engineering, Endocrinology, Philosophy, Electroencephalography, Chemistry, Surgery, Cognitive psychology, Economics, Pharmacology, Machine learning"
Lionel C. Kimerling,N/A,I63966007,"Physics, Materials science, Optoelectronics, Quantum mechanics, Optics, Chemistry, Engineering, Organic chemistry, Metallurgy, Electrical engineering, Silicon, Computer science, Composite material, Nanotechnology, Telecommunications, Laser, Photonics, Condensed matter physics, Thermodynamics, Layer (electronics)"
Anantha P. Chandrakasan,N/A,I63966007,"Computer science, Engineering, Electrical engineering, Physics, Quantum mechanics, Telecommunications, Electronic engineering, Mathematics, Operating system, Materials science, Thermodynamics, Computer network, Voltage, Power (physics), Optoelectronics, Statistics, CMOS, Biology, Computer hardware, Embedded system, Programming language, Algorithm, Artificial intelligence, Chemistry, Ecology"
Elazer R. Edelman,N/A,I63966007,"Medicine, Biology, Internal medicine, Chemistry, Surgery, Genetics, Cardiology, Biochemistry, Radiology, Psychology, Physics, Engineering, Psychiatry, Endocrinology, Materials science, Pathology, Cell biology, Biomedical engineering, Organic chemistry"
N. L. Belyaev,N/A,I63966007,"Physics, Quantum mechanics, Particle physics, Nuclear physics, Large Hadron Collider, Biology, Geology, Medicine, Anatomy, Paleontology, Atlas (anatomy), Computer science, Engineering, Optics, Mathematics, Electrical engineering, Higgs boson, Telecommunications, Boson, Detector, Hadron, Atlas detector, Geography, Quark, Electron"
Leo Anthony Celi,N/A,I63966007,"Medicine, Computer science, Psychology, Internal medicine, Biology, Political science, Law, Mathematics, Economics, Pathology, Intensive care medicine, Artificial intelligence, Psychiatry, Statistics, Surgery, Economic growth, Machine learning, Health care, Sociology, Engineering, Physics, Philosophy, Chemistry"
Michael B. Yaffe,N/A,I63966007,"Biology, Chemistry, Genetics, Biochemistry, Medicine, Internal medicine, Cell biology, Gene, Physics, Cancer, Cancer research, Organic chemistry, Cell, Nuclear magnetic resonance, Apoptosis, Phosphorylation, Kinase, Enzyme, Signal transduction, Computational biology, Cell cycle"
Charles P. Kindleberger,N/A,I63966007,"Economics, Political science, Business, History, Law, Computer science, Geography, Macroeconomics, Philosophy, Finance, Economic history"
Gareth H. McKinley,N/A,I63966007,"Physics, Materials science, Composite material, Thermodynamics, Quantum mechanics, Engineering, Chemistry, Mechanics, Organic chemistry, Biology, Mathematics, Rheology, Geology, Viscoelasticity, Classical mechanics, Nuclear magnetic resonance, Polymer, Computer science, Geometry, Geography, Chemical engineering, Paleontology, Meteorology, Nanotechnology"
B. LaBombard,N/A,I63966007,"Physics, Quantum mechanics, Nuclear physics, Plasma, Tokamak, Alcator C-Mod, Engineering, Atomic physics, Chemistry, Organic chemistry, Materials science, Computer science, Thermodynamics, Divertor, Mathematics, Mechanics, Ion, Telecommunications, Electrical engineering, Geography, Computational physics, Optics, Composite material"
Kerry Emanuel,N/A,I63966007,"Physics, Geography, Geology, Meteorology, Climatology, Oceanography, Environmental science, Biology, Tropical cyclone, Atmospheric sciences, Thermodynamics, Computer science, Engineering, Ecology, Quantum mechanics, Mechanics, Storm, Climate change, Convection, Operating system"
Matthew G. Vander Heiden,N/A,I63966007,"Biology, Chemistry, Genetics, Medicine, Biochemistry, Internal medicine, Cancer, Endocrinology, Organic chemistry, Cell biology, Physics, Cancer research, Nuclear magnetic resonance, Enzyme, Gene, Metabolism, Glycolysis"
F. Ë. Taylor,N/A,I63966007,"Physics, Particle physics, Quantum mechanics, Nuclear physics, Biology, Computer science, Large Hadron Collider, Medicine, Mathematics, Geology, Engineering, Optics, Paleontology, Anatomy, Atlas (anatomy), Electrical engineering, Telecommunications, Detector, Hadron, Atlas detector, Chemistry"
Ronald T. Raines,N/A,I63966007,"Chemistry, Biology, Biochemistry, Organic chemistry, Genetics, Physics, Nuclear magnetic resonance, Gene, Enzyme, Medicine, Stereochemistry, RNA, Internal medicine, Quantum mechanics, Materials science, Ribonuclease"
Jonathan Gruber,N/A,I63966007,"Economics, Political science, Law, Business, Economic growth, Medicine, Health care, Computer science, Market economy, Actuarial science, Mathematics, Sociology, Biology, Finance, Philosophy, Demographic economics, Public economics, Health insurance, Nursing, Psychology, Labour economics"
Andrew W. Lo,N/A,I63966007,"Economics, Business, Computer science, Finance, Mathematics, Biology, Financial economics, Political science, Statistics, Econometrics, Law, Medicine, History, Macroeconomics, Philosophy"
Moe Z. Win,N/A,I63966007,"Computer science, Engineering, Telecommunications, Mathematics, Computer network, Electrical engineering, Physics, Statistics, Algorithm, Channel (broadcasting), Operating system, Quantum mechanics, Electronic engineering, Wireless, Decoding methods, Artificial intelligence, Optics, Fading, Estimator, Economics, Biology, Programming language"
Gregory Stephanopoulos,N/A,I63966007,"Biology, Chemistry, Biochemistry, Genetics, Physics, Organic chemistry, Gene, Medicine, Nuclear magnetic resonance, Enzyme, Internal medicine, Computer science, Engineering, Endocrinology, Computational biology, Metabolism, Geology, Materials science, Metabolic engineering"
G. Dresselhaus,N/A,I63966007,"Physics, Quantum mechanics, Materials science, Chemistry, Composite material, Condensed matter physics, Engineering, Organic chemistry, Optics, Nanotechnology, Metallurgy, Chemical engineering, Raman spectroscopy, Mathematics, Computer science, Carbon nanotube, Optoelectronics, Graphite, Nuclear physics, Atomic physics, Crystallography, Electrical engineering"
Joshua D. Angrist,N/A,I63966007,"Mathematics, Economics, Computer science, Statistics, Medicine, Psychology, Political science, Biology, Law, Econometrics, Business, Geography, Machine learning, Sociology, History, Philosophy, Physics"
M. Nafi Toksöz,N/A,I63966007,"Geology, Physics, Biology, Engineering, Seismology, Quantum mechanics, Paleontology, Optics, Computer science, Geophysics, Mathematics, Materials science, Geography, Geotechnical engineering, Composite material, Chemistry, Acoustics, Astronomy, Civil engineering"
Yen-Jie Lee,N/A,I63966007,"Physics, Particle physics, Nuclear physics, Quantum mechanics, Large Hadron Collider, Computer science, Quark, Proton, Mathematics, Engineering, Economics, Macroeconomics, Microeconomics, Production (economics), Electron, Lepton, Astronomy, Hadron, Top quark, Aerospace engineering, Database, Geography, Astrophysics, Data mining, Table (database)"
James Glass,N/A,I63966007,"Computer science, Artificial intelligence, Speech recognition, Natural language processing, Philosophy, Mathematics, Linguistics, Machine learning, Engineering, Biology, Physics, Psychology, Programming language, Statistics, Computer vision, Quantum mechanics, Operating system, Geography, Political science, Law, Economics, Cognitive psychology, Geometry"
U. Feldman,N/A,I63966007,"Physics, Quantum mechanics, Astronomy, Nuclear physics, Optics, Spectral line, Chemistry, Astrophysics, Plasma, Materials science, Organic chemistry, Atomic physics, Engineering, Mathematics, Ion, Biology, Laser, Optoelectronics, Geometry, Magnetic field, Computer science, Aerospace engineering, Line (geometry), Solar flare"
Moshe Ben‐Akiva,N/A,I63966007,"Computer science, Mathematics, Engineering, Economics, Statistics, Transport engineering, Physics, Operating system, Business, Biology, Machine learning, Political science, Econometrics, Law, Geography, Civil engineering, Artificial intelligence, Operations research, Quantum mechanics, Programming language, Microeconomics, Philosophy"
Tonio Buonassisi,N/A,I63966007,"Physics, Materials science, Engineering, Chemistry, Quantum mechanics, Organic chemistry, Optoelectronics, Electrical engineering, Metallurgy, Composite material, Nanotechnology, Biology, Computer science, Silicon, Optics, Ecology, Crystallography, Thermodynamics, Chemical engineering, Photovoltaic system, Condensed matter physics, Solar cell, Layer (electronics), Mathematics"
Phillip A. Sharp,N/A,I63966007,"Biology, Chemistry, Genetics, Biochemistry, Gene, RNA, Gene expression, Molecular biology, Cell biology, Physics, DNA, Medicine, Philosophy, Computational biology, Transcription factor, Organic chemistry, Messenger RNA, Linguistics, Nuclear magnetic resonance"
Erich P. Ippen,N/A,I63966007,"Physics, Quantum mechanics, Optics, Materials science, Engineering, Optoelectronics, Laser, Computer science, Electrical engineering, Telecommunications, Chemistry, Organic chemistry, Wavelength, Composite material, Electronic engineering, Optical fiber, Femtosecond, Fiber, Ultrashort pulse, Detector, Voltage, Condensed matter physics, Pulse (music), Fiber laser"
Avi Shporer,N/A,I63966007,"Physics, Astronomy, Astrophysics, Computer science, Computer vision, Stars, Planet, Exoplanet, Engineering, Biology, Mathematics, Astrobiology, Quantum mechanics, Planetary system, Aerospace engineering, Political science, Law, Arithmetic, Binary number, Computer network, Computer security"
Carlo Ratti,N/A,I63966007,"Computer science, Engineering, Geography, Physics, Biology, Operating system, Mathematics, Economics, Quantum mechanics, Philosophy, Sociology, Political science, Artificial intelligence, Law, Medicine, Ecology, Business, Geology, Psychology, History, Telecommunications, Statistics, Transport engineering, Archaeology"
Andrew Vanderburg,N/A,I63966007,"Physics, Astronomy, Astrophysics, Computer science, Computer vision, Stars, Planet, Exoplanet, Biology, Astrobiology, Mathematics, Quantum mechanics, Engineering, Planetary system"
Karim Nader,N/A,I63966007,"Psychology, Medicine, Biology, Neuroscience, Computer science, Internal medicine, Endocrinology, Psychiatry, Chemistry"
Dimitris Bertsimas,N/A,I63966007,"Computer science, Mathematics, Mathematical optimization, Statistics, Artificial intelligence, Algorithm, Economics, Engineering, Philosophy, Programming language, Biology, Operating system, Machine learning, Physics, Medicine, Epistemology, Geometry, Mathematical analysis, Computer network, Business"
Constantine S. Mitsiades,N/A,I63966007,"Biology, Medicine, Genetics, Internal medicine, Chemistry, Biochemistry, Immunology, Cancer research, Cell biology, Multiple myeloma, Gene, Pathology, Apoptosis, Cell culture, Pharmacology, Bortezomib, Cancer, Endocrinology, In vitro"
Harry L. Tuller,N/A,I63966007,"Materials science, Physics, Chemistry, Quantum mechanics, Organic chemistry, Engineering, Physical chemistry, Metallurgy, Composite material, Nanotechnology, Optoelectronics, Electrical engineering, Electrode, Condensed matter physics, Chromatography, Environmental chemistry, Analytical Chemistry (journal), Chemical engineering, Thermodynamics, Crystallography, Biology, Ion, Oxygen, Oxide, Electrolyte"
A. John Hart,N/A,I63966007,"Physics, Quantum mechanics, Chemistry, Materials science, Composite material, Engineering, Mathematics, Organic chemistry, Nanotechnology, Computer science, Chemical engineering, Nuclear physics, Particle physics, Biology, Metallurgy, Carbon nanotube, Thermodynamics, Optics, Atomic physics, Geology"
Herman L. Marshall,N/A,I63966007,"Physics, Quantum mechanics, Astronomy, Astrophysics, Optics, Chemistry, Computer science, Nuclear physics, Galaxy, Mathematics, Engineering, Scattering, Materials science, Polarimetry, Physical chemistry, Polarization (electrochemistry), Spectral line"
B. Delaney,N/A,I63966007,"Physics, Particle physics, Nuclear physics, Quantum mechanics, Mathematics, Astrophysics, Chemistry, Astronomy, Luminosity, Galaxy, Atomic physics, Computer science, Organic chemistry, Meson, Hadron, Optics"
B. P. Weiss,N/A,I63966007,"Physics, Biology, Geology, Astrobiology, Astronomy, Quantum mechanics, Paleontology, Geophysics, Magnetic field, Geochemistry, Computer science, Meteorite, Astrophysics, Chemistry, Engineering, Paleomagnetism, Geography"
James J. Collins,N/A,I63966007,"Biology, Chemistry, Genetics, Biochemistry, Computer science, Computational biology, Gene, Medicine, Physics, Engineering, Geology"
Jonathan D. Cohen,N/A,I63966007,"Computer science, Psychology, Biology, Medicine, Neuroscience, Psychiatry, Cognitive psychology, Artificial intelligence, Cognition, Mathematics, Economics, Engineering, Philosophy, Programming language, Management, Epistemology, Statistics, Physics, Machine learning"
F. Taylor,N/A,I63966007,"Physics, Particle physics, Nuclear physics, Quantum mechanics, Mathematics, Hadron, Chemistry, Atomic physics, Biology, Computer science, Branching fraction, Large Hadron Collider, Geology, Quark, Organic chemistry, Electron–positron annihilation, Meson, Geometry, Optics, Engineering, Materials science, Electron"
W. H. G. Lewin,N/A,I63966007,"Physics, Astrophysics, Astronomy, Quantum mechanics, Computer science, Optics, Nuclear physics, Galaxy, Mathematics, Computer vision, Stars, Materials science, Chemistry, X-ray, Engineering"
Cherif Amirat,N/A,I63966007,"Computer science, Engineering, Physics, Electrical engineering, Quantum mechanics, Materials science, Optoelectronics"
Yet‐Ming Chiang,N/A,I63966007,"Physics, Materials science, Chemistry, Quantum mechanics, Engineering, Organic chemistry, Physical chemistry, Thermodynamics, Electrode, Composite material, Metallurgy, Biology, Chemical engineering, Nanotechnology, Geology, Electrochemistry, Electrolyte, Electrical engineering, Medicine, Crystallography, Power (physics), Computer science, Psychology, Internal medicine, Battery (electricity)"
Victor Chernozhukov,N/A,I63966007,"Mathematics, Computer science, Statistics, Economics, Econometrics, Machine learning, Artificial intelligence, Philosophy, Epistemology, Inference, Estimator, Biology, Quantile, Psychology, Mathematical analysis, Applied mathematics, Physics, Medicine, Quantile regression"
Eytan Modiano,N/A,I63966007,"Computer science, Engineering, Computer network, Mathematics, Operating system, Telecommunications, Mathematical optimization, Economics, Distributed computing, Wireless, Physics, Programming language, Computer security, Electrical engineering, Operations management, Quantum mechanics, Statistics, Network packet, Scheduling (production processes), Electronic engineering, Algorithm, Wireless network, Combinatorics, Embedded system, Queue"
Jesús A. del Alamo,N/A,I63966007,"Physics, Materials science, Engineering, Quantum mechanics, Electrical engineering, Optoelectronics, Chemistry, Computer science, Voltage, Organic chemistry, Transistor, Condensed matter physics, Composite material, Nanotechnology, Optics, Mathematics, Electronic engineering, Telecommunications, Metallurgy, Thermodynamics, Biology, Layer (electronics)"
C. Paus,N/A,I63966007,"Physics, Particle physics, Nuclear physics, Quantum mechanics, Large Hadron Collider, Astronomy, Mathematics, Astrophysics, Materials science, Hadron, Luminosity, Galaxy, Geography, Electron, Quark, Metallurgy, History, Archaeology, Computer science, Engineering, Gauge (firearms), Lepton, Standard Model (mathematical formulation), Optics, Economics"
Seth Lloyd,N/A,I63966007,"Physics, Quantum mechanics, Computer science, Quantum, Mathematics, Quantum computer, Engineering, Algorithm, Quantum information, Quantum entanglement, Statistics, Artificial intelligence, Statistical physics, Open quantum system, Qubit, Programming language, Electrical engineering, Biology, Mathematical analysis, Quantum algorithm, Quantum network, Chemistry"
R. Ferrari,N/A,I63966007,"Physics, Quantum mechanics, Particle physics, Nuclear physics, Large Hadron Collider, Biology, Geology, Medicine, Anatomy, Paleontology, Atlas (anatomy), Mathematics, Engineering, Hadron, Electron, Astronomy, Optics, Computer science, Geography, Materials science, Lepton, Astrophysics, Quark, History, Archaeology"
Mark Vogelsberger,N/A,I63966007,"Physics, Astrophysics, Astronomy, Quantum mechanics, Galaxy, Computer science, Computer vision, Stars, Star formation, Galaxy formation and evolution, Halo, Particle physics, Redshift, Dark matter, Mathematics, Engineering, Optics"
Peter T. C. So,N/A,I63966007,"Physics, Optics, Medicine, Quantum mechanics, Materials science, Pathology, Engineering, Biology, Computer science, Microscopy, Chemistry, Fluorescence, Genetics, Electrical engineering, Artificial intelligence, Biochemistry, Mathematics, Organic chemistry, Composite material, Excitation, Internal medicine, Cell biology, Computer vision, Nanotechnology"
Jeffrey C. Grossman,N/A,I63966007,"Physics, Materials science, Quantum mechanics, Chemistry, Organic chemistry, Engineering, Nanotechnology, Composite material, Computer science, Biology, Optoelectronics, Chemical engineering, Thermodynamics, Mathematics, Condensed matter physics, Electrical engineering, Computational chemistry, Metallurgy, Chemical physics, Optics, Biochemistry, Physical chemistry"
Anuradha M. Annaswamy,N/A,I63966007,"Computer science, Economics, Engineering, Artificial intelligence, Physics, Management, Control (management), Quantum mechanics, Mathematics, Biology, Control theory (sociology), Electrical engineering, Nonlinear system, Thermodynamics, Control engineering, Adaptive control, Chemistry, Machine learning, Geography, Geometry, Statistics, Agronomy"
T. Alan Hatton,N/A,I63966007,"Chemistry, Physics, Materials science, Organic chemistry, Engineering, Biology, Quantum mechanics, Chemical engineering, Physical chemistry, Composite material, Biochemistry, Nanotechnology, Nuclear magnetic resonance, Thermodynamics, Polymer, Computer science, Polymer chemistry, Metallurgy, Aqueous solution, Chromatography, Inorganic chemistry, Electrode, Genetics"
Wolfgang Ketterle,N/A,I63966007,"Physics, Quantum mechanics, Condensed matter physics, Atomic physics, Chemistry, Engineering, Organic chemistry, Thermodynamics, Optics, Bose–Einstein condensate, Materials science, Computer science, Mathematics, Quantum, Nuclear physics, Geography, Meteorology"
Nancy Lynch,N/A,I63966007,"Computer science, Mathematics, Programming language, Algorithm, Theoretical computer science, Engineering, Artificial intelligence, Distributed computing, Physics, Operating system, Computer network, Philosophy, Telecommunications, Discrete mathematics, Epistemology, Combinatorics, Statistics, Astronomy, Biology"
Deepto Chakrabarty,N/A,I63966007,"Physics, Astrophysics, Quantum mechanics, Astronomy, Computer science, Neutron star, Mathematics, Pulsar, Binary number, Arithmetic, Optics, Nuclear physics, Computer vision, Stars, Millisecond pulsar, Economics, Business, Finance, Engineering, Accretion (finance), Chemistry"
Roger E. Summons,N/A,I63966007,"Biology, Chemistry, Geology, Paleontology, Organic chemistry, Ecology, Physics, Genetics, Biochemistry, Geomorphology, Geochemistry, Structural basin, Environmental chemistry, Quantum mechanics, Materials science, Oceanography, Bacteria, Source rock, Gene, Botany"
George Barbastathis,N/A,I63966007,"Physics, Quantum mechanics, Optics, Computer science, Engineering, Mathematics, Materials science, Artificial intelligence, Optoelectronics, Computer vision, Chemistry, Medicine, Holography, Electrical engineering, Biology, Thermodynamics, Geometry, Organic chemistry, Programming language, Telecommunications, Mathematical analysis, Pathology, Nanotechnology, Composite material"
Ali Jadbabaie,N/A,I63966007,"Computer science, Mathematics, Artificial intelligence, Physics, Economics, Quantum mechanics, Mathematical optimization, Engineering, Algorithm, Statistics, Machine learning, Combinatorics, Biology, Mathematical analysis, Programming language, Philosophy, Geometry, Management, Discrete mathematics, Operating system, Electrical engineering, Computer network, Control (management), Theoretical computer science, Psychology"
M. Greenwald,N/A,I63966007,"Physics, Quantum mechanics, Nuclear physics, Plasma, Tokamak, Computer science, Alcator C-Mod, Engineering, Atomic physics, Chemistry, Organic chemistry, Mathematics, Materials science, Thermodynamics, Geography, Mechanics, Artificial intelligence, Ion, Composite material, Operating system, Electron, Geometry, Computer vision, Meteorology, Magnetic field"
Steven G. Johnson,N/A,I63966007,"Physics, Quantum mechanics, Optics, Materials science, Engineering, Computer science, Optoelectronics, Mathematics, Electrical engineering, Chemistry, Geometry, Telecommunications, Thermodynamics, Composite material, Mathematical analysis, Photonics, Photonic crystal, Organic chemistry"
Ronald G. Prinn,N/A,I63966007,"Physics, Geology, Environmental science, Geography, Biology, Chemistry, Meteorology, Atmospheric sciences, Organic chemistry, Ecology, Climatology, Oceanography, Thermodynamics, Ozone, Engineering, Astronomy, Greenhouse gas, Climate change, Atmosphere (unit), Quantum mechanics, Mathematics"
Robert T. Sauer,N/A,I63966007,"Chemistry, Biology, Biochemistry, Genetics, Gene, Physics, Organic chemistry, Nuclear magnetic resonance, Enzyme, Cell biology, Biophysics, Computer science, Medicine, Protease, Engineering, Crystallography, Transcription factor, Gene expression, Geology, DNA"
H. A. Haus,N/A,I63966007,"Physics, Quantum mechanics, Optics, Engineering, Computer science, Materials science, Electrical engineering, Optoelectronics, Telecommunications, Laser, Chemistry, Mathematics, Electronic engineering, Organic chemistry, Composite material, Wavelength, Computer vision, Optical fiber, Computer network, Nonlinear system, Voltage, Artificial intelligence, Detector"
Christopher A. Walsh,N/A,I63966007,"Biology, Genetics, Chemistry, Biochemistry, Medicine, Psychology, Gene, Neuroscience, Psychiatry, Internal medicine, Cell biology, Endocrinology, Mutation, Phenotype"
Henry I. Smith,N/A,I63966007,"Physics, Materials science, Optoelectronics, Quantum mechanics, Optics, Chemistry, Engineering, Organic chemistry, Nanotechnology, Composite material, Medicine, Computer science, Electrical engineering, Pathology, Art, Layer (electronics), Alternative medicine, Fabrication, Visual arts, Lithography, Mathematics, Resist, Metallurgy, Biology, Geometry"
David Liu,N/A,I63966007,"Biology, Medicine, Genetics, Internal medicine, Chemistry, Biochemistry, Cancer, Cancer research, Gene, Immunology, Oncology, Pathology, Receptor, Immune system, Computer science, Cell biology"
Paul David Luckey,N/A,I63966007,"Physics, Nuclear physics, Particle physics, Quantum mechanics, Large Hadron Collider, Computer science, Quark, Engineering, Economics, Mathematics, Astronomy, Macroeconomics, Microeconomics, Production (economics), Proton, Electron, Aerospace engineering, Table (database), Database, Data mining, Top quark, Astrophysics, Lepton, Geography, Thermodynamics"
Srinivas Devadas,N/A,I63966007,"Computer science, Mathematics, Engineering, Operating system, Programming language, Algorithm, Electrical engineering, Physics, Computer network, Computer security, Parallel computing, Quantum mechanics, Embedded system, Electronic engineering, Biology, Statistics, Philosophy, Theoretical computer science, Electronic circuit, Computer hardware, Economics, Artificial intelligence"
H. Harry Asada,N/A,I63966007,"Computer science, Engineering, Artificial intelligence, Physics, Quantum mechanics, Biology, Economics, Mathematics, Electrical engineering, Management, Control (management), Control theory (sociology), Operating system, Robot, Materials science, Mechanical engineering, Thermodynamics, Medicine, Chemistry, Composite material, Actuator, Programming language, Psychology, Telecommunications, Simulation"
S. Vitale,N/A,I63966007,"Physics, Quantum mechanics, Astronomy, Astrophysics, Computer science, Gravitational wave, Mathematics, Engineering, Optics, Binary number, Arithmetic, Telecommunications, Electrical engineering, Detector, LIGO, Classical mechanics, Theoretical physics, Neutron star, Electronic engineering, Mathematical physics, General relativity, Geography, Binary black hole, Computer network, Interferometry"
A. Hubbard,N/A,I63966007,"Physics, Quantum mechanics, Nuclear physics, Plasma, Tokamak, Alcator C-Mod, Engineering, Atomic physics, Computer science, Chemistry, Organic chemistry, Materials science, Ion, Geography, Electron, Thermodynamics, Mathematics, Magnetic field, Mechanics, Mechanical engineering, Optics, Telecommunications, Artificial intelligence, Operating system, Art"
D. Dujmić,N/A,I63966007,"Physics, Particle physics, Quantum mechanics, Nuclear physics, Chemistry, Mathematics, Atomic physics, Branching fraction, Hadron, Organic chemistry, Meson, Electron–positron annihilation, Computer science, Optics, Biology, Geometry"
Mingwen Zhao,N/A,I63966007,"Physics, Quantum mechanics, Materials science, Chemistry, Organic chemistry, Engineering, Nanotechnology, Biology, Condensed matter physics, Composite material, Chemical engineering, Optoelectronics, Biochemistry, Metallurgy, Mathematics, Computer science, Nuclear physics, Thermodynamics, Physical chemistry, Optics, Computational chemistry, Chemical physics, Electrical engineering"
Joshua Bendavid,N/A,I63966007,"Physics, Nuclear physics, Particle physics, Quantum mechanics, Large Hadron Collider, Computer science, Quark, Proton, Economics, Macroeconomics, Microeconomics, Production (economics), Engineering, Mathematics, Electron, Lepton, Database, Astronomy, Data mining, Table (database), Top quark, Aerospace engineering, Geography, Thermodynamics, Astrophysics"
Olivier de Weck,N/A,I63966007,"Computer science, Engineering, Physics, Mathematics, Operating system, Biology, Geography, Aerospace engineering, Astronomy, Economics, Systems engineering, Business, Geology, Quantum mechanics, Artificial intelligence, Programming language, Philosophy, History, Political science, Archaeology, Law"
David G. Rand,N/A,I63966007,"Psychology, Political science, Computer science, Law, Social psychology, Philosophy, Biology, Mathematics, Economics, Epistemology, Sociology, Medicine, Politics, Physics, Psychiatry, Business, Computer security, Microeconomics"
Xiao-Gang Wen,N/A,I63966007,"Physics, Quantum mechanics, Mathematics, Condensed matter physics, Engineering, Quantum, Particle physics, Combinatorics, Mathematical physics, Theoretical physics, Electrical engineering, Geometry, Topology (electrical circuits), Nuclear physics, Thermodynamics, Pure mathematics, Electron, Superconductivity, Computer science, Materials science, Magnetic field, Topological order"
A. Trisovic,N/A,I63966007,"Physics, Particle physics, Quantum mechanics, Nuclear physics, Chemistry, Astrophysics, Mathematics, Astronomy, Atomic physics, Luminosity, Galaxy, Organic chemistry, Computer science, Branching fraction"
Jeffrey H. Shapiro,N/A,I63966007,"Physics, Quantum mechanics, Computer science, Optics, Quantum, Engineering, Mathematics, Telecommunications, Electrical engineering, Photon, Quantum entanglement, Artificial intelligence, Statistics, Materials science, Computer vision, Quantum information, Computer network, Chemistry, Optoelectronics, Operating system, Quantum computer"
Rosalind W. Picard,N/A,I63966007,"Computer science, Psychology, Artificial intelligence, Medicine, Biology, Philosophy, Engineering, Physics, Psychiatry, Linguistics, Operating system, Mathematics, Human–computer interaction, Sociology, Neuroscience, Cognitive psychology, Social psychology, Economics, Machine learning, Programming language, Computer vision, Political science, Quantum mechanics, Law, Communication"
Christopher A. Schuh,N/A,I63966007,"Materials science, Physics, Chemistry, Composite material, Metallurgy, Crystallography, Organic chemistry, Quantum mechanics, Engineering, Thermodynamics, Microstructure, Geology, Mathematics, Computer science, Nanotechnology, Biology, Chemical engineering, Alloy, Grain boundary, Geography, Oceanography"
R. K. Yamamoto,N/A,I63966007,"Physics, Particle physics, Quantum mechanics, Nuclear physics, Mathematics, Chemistry, Hadron, Atomic physics, Branching fraction, Organic chemistry, Electron–positron annihilation, Computer science, Meson, Optics"
D.A. Antoniadis,N/A,I63966007,"Physics, Materials science, Engineering, Quantum mechanics, Optoelectronics, Electrical engineering, Chemistry, Voltage, Organic chemistry, Transistor, Computer science, Metallurgy, Nanotechnology, Silicon, Composite material, Condensed matter physics, Mathematics, Electronic engineering, MOSFET, Thermodynamics, Layer (electronics), Biology, Optics, Telecommunications"
P.H. Fisher,N/A,I63966007,"Physics, Quantum mechanics, Nuclear physics, Particle physics, Hadron, Mathematics, Optics, Atomic physics, Engineering, Chemistry, Materials science, Astronomy, Electron–positron annihilation, Electron, Astrophysics, Computer science, Organic chemistry"
Max Tegmark,N/A,I63966007,"Physics, Quantum mechanics, Computer science, Astronomy, Astrophysics, Mathematics, Optics, Engineering, Galaxy, Statistics, Anisotropy, Cosmic microwave background, Artificial intelligence, Redshift, Telecommunications, Biology, Geography, Philosophy, Chemistry, Cosmology"
Marija Ilić,N/A,I63966007,"Computer science, Engineering, Physics, Quantum mechanics, Economics, Electrical engineering, Thermodynamics, Power (physics), Mathematics, Biology, Artificial intelligence, Electric power system, Management, Ecology, Control (management), Business, Operating system, Programming language, Statistics, Electricity, Geology, Geography, Telecommunications, Control theory (sociology), Geometry"
R. Cowan,N/A,I63966007,"Physics, Particle physics, Nuclear physics, Quantum mechanics, Chemistry, Atomic physics, Hadron, Mathematics, Branching fraction, Meson, Electron–positron annihilation, Organic chemistry, Geometry, Biology, Computer science, Biochemistry, Optics"
Stuart Madnick,N/A,I63966007,"Computer science, Engineering, Operating system, Business, Political science, Programming language, Economics, Law, Biology, Geography, World Wide Web, Mathematics, History, Philosophy, Archaeology, Artificial intelligence, Data science, Physics, Computer security, Geology, Database, Paleontology, Information retrieval, Epistemology, Context (archaeology)"
Jonathan S. Weissman,N/A,I63966007,"Biology, Chemistry, Genetics, Biochemistry, Gene, Computational biology, Cell biology, Medicine, Internal medicine, RNA, Physics, Genome, Computer science, Nuclear magnetic resonance, Apoptosis"
Martin J. Wainwright,N/A,I63966007,"Mathematics, Computer science, Statistics, Artificial intelligence, Algorithm, Economics, Machine learning, Mathematical optimization, Combinatorics, Physics, Mathematical analysis, Engineering, Discrete mathematics, Applied mathematics, Quantum mechanics, Programming language, Geometry, Philosophy, Biology, Chemistry, Telecommunications, Psychology, Estimator, Microeconomics, Mathematical economics"
Juejun Hu,N/A,I63966007,"Physics, Materials science, Optics, Optoelectronics, Quantum mechanics, Engineering, Computer science, Chemistry, Organic chemistry, Electrical engineering, Metallurgy, Photonics, Nanotechnology, Telecommunications, Chalcogenide, Electronic engineering, Astronomy, Composite material, Thermodynamics, Silicon, Medicine, Biology"
Rubén Juanes,N/A,I63966007,"Physics, Engineering, Geology, Materials science, Thermodynamics, Composite material, Geotechnical engineering, Quantum mechanics, Chemistry, Mechanics, Organic chemistry, Mathematics, Biology, Geography, Porosity, Porous medium, Computer science, Meteorology, Geometry, Chemical engineering, Paleontology, Environmental science"
Ronald A. Remillard,N/A,I63966007,"Physics, Astrophysics, Astronomy, Quantum mechanics, Computer science, Engineering, Optics, Mathematics, Computer network, Computer security, Galaxy, Electronic engineering, Embedded system, Network packet, Black hole (networking), Routing (electronic design automation), Link-state routing protocol, Routing protocol, Computer vision, Stars, Business, Economics, Finance, Accretion (finance), Binary number"
Karl K. Berggren,N/A,I63966007,"Physics, Quantum mechanics, Materials science, Engineering, Optoelectronics, Optics, Computer science, Nanotechnology, Electrical engineering, Chemistry, Telecommunications, Organic chemistry, Condensed matter physics, Composite material, Nanowire, Superconductivity, Detector, Mathematics, Photon, Medicine, Layer (electronics)"
J. W. Hughes,N/A,I63966007,"Physics, Quantum mechanics, Nuclear physics, Plasma, Tokamak, Engineering, Alcator C-Mod, Atomic physics, Computer science, Chemistry, Organic chemistry, Geography, Materials science, Thermodynamics, Mechanics, Mathematics, Ion, Artificial intelligence, Mechanical engineering, History, Art, Archaeology, Visual arts, Pedestal, Magnetic field"
C. R. Canizares,N/A,I63966007,"Physics, Astronomy, Astrophysics, Quantum mechanics, Computer science, Galaxy, Optics, Nuclear physics, Spectral line, Mathematics, Computer vision, Stars, Chemistry, Materials science"
Michael Stonebraker,N/A,I63966007,"Computer science, Database, Operating system, Programming language, Data mining, Mathematics, Engineering, Information retrieval, Artificial intelligence, World Wide Web, Biology"
Elchanan Mossel,N/A,I63966007,"Mathematics, Computer science, Combinatorics, Discrete mathematics, Physics, Mathematical analysis, Statistics, Algorithm, Artificial intelligence, Quantum mechanics, Philosophy, Biology, Chemistry, Machine learning, Theoretical computer science, Geometry, Programming language, Economics, Genetics, Pure mathematics, Epistemology"
Bonnie Berger,N/A,I63966007,"Biology, Computer science, Chemistry, Genetics, Biochemistry, Computational biology, Gene, Mathematics, Artificial intelligence, Physics, Medicine, Engineering, Statistics, Programming language, Philosophy, Operating system, Algorithm"
Sangeeta N. Bhatia,N/A,I63966007,"Biology, Chemistry, Genetics, Medicine, Biochemistry, Internal medicine, Physics, Materials science, Gene, Nanotechnology, Engineering, Organic chemistry, Pathology, Cell biology, Cancer research, Computer science, Immunology, Cancer, Quantum mechanics, In vitro, Nuclear magnetic resonance"
D. H. Shoemaker,N/A,I63966007,"Physics, Quantum mechanics, Astronomy, Astrophysics, Computer science, Gravitational wave, Engineering, Mathematics, Optics, Telecommunications, Electrical engineering, Detector, Binary number, Arithmetic, LIGO, Classical mechanics, Interferometry, Theoretical physics, Mathematical physics, General relativity, Gravitational-wave observatory, Electronic engineering, Neutron star, Geography"
A. Casais Vidal,N/A,I63966007,"Physics, Particle physics, Nuclear physics, Quantum mechanics, Mathematics, Astrophysics, Astronomy, Luminosity, Galaxy, Atomic physics, Chemistry, Computer science, Hadron, Meson, Optics, Organic chemistry"
Justin Solomon,N/A,I63966007,"Computer science, Mathematics, Statistics, Artificial intelligence, Biology, Political science, Economics, Law, Algorithm, Physics, Engineering, Mathematical analysis, Geometry, Politics, Medicine, Pure mathematics, Management, Programming language"
Rüdiger Dornbusch,N/A,I63966007,"Economics, Business, Macroeconomics, Finance, Monetary economics, Political science, Keynesian economics, Philosophy, Law, Exchange rate, Computer science, Linguistics, Physics"
Heather J. Kulik,N/A,I63966007,"Chemistry, Physics, Organic chemistry, Biology, Quantum mechanics, Biochemistry, Materials science, Computer science, Catalysis, Computational chemistry, Engineering, Mathematics, Genetics, Molecule, Crystallography, Artificial intelligence, Nanotechnology, Chemical physics, Density functional theory"
P. T. Bonoli,N/A,I63966007,"Physics, Quantum mechanics, Nuclear physics, Plasma, Tokamak, Engineering, Computer science, Atomic physics, Chemistry, Organic chemistry, Electrical engineering, Computational physics, Thermodynamics, Materials science, Electron, Ion, Alcator C-Mod, Magnetic field, Optics, Geology, Mathematics, Oceanography, Current (fluid), Cyclotron, Nuclear engineering"
Ahmed F. Ghoniem,N/A,I63966007,"Physics, Thermodynamics, Engineering, Chemistry, Organic chemistry, Quantum mechanics, Materials science, Physical chemistry, Biology, Mechanics, Combustion, Geography, Mathematics, Computer science, Aerospace engineering, Meteorology, Waste management, Geology, Ecology, Composite material, Environmental science, Biochemistry, Combustor, Chemical engineering, Geometry"
Susumu Tonegawa,N/A,I63966007,"Biology, Medicine, Genetics, Chemistry, Biochemistry, Internal medicine, Psychology, Gene, Neuroscience, Endocrinology, Immunology, Receptor, Molecular biology, Cell biology, Computer science, Immune system"
Keisuke Nagao,N/A,I63966007,"Physics, Biology, Geology, Chemistry, Quantum mechanics, Geochemistry, Organic chemistry, Astrobiology, Astronomy, Paleontology, Atomic physics, Meteorite, Noble gas, Seismology, Materials science, Nuclear physics, Chondrite, Mineralogy, Engineering"
Mehran Kardar,N/A,I63966007,"Physics, Quantum mechanics, Mathematics, Chemistry, Thermodynamics, Statistical physics, Biology, Materials science, Computer science, Geometry, Condensed matter physics, Engineering, Organic chemistry, Composite material, Classical mechanics, Mathematical analysis, Optics, Genetics"
Tomás Palacios,N/A,I63966007,"Physics, Materials science, Engineering, Quantum mechanics, Optoelectronics, Electrical engineering, Chemistry, Nanotechnology, Organic chemistry, Voltage, Composite material, Transistor, Layer (electronics), Computer science, Condensed matter physics, Biology, Thermodynamics, Physical chemistry, Electronic engineering, Chemical engineering, Optics, Gallium nitride, Metallurgy, Mathematics"
Devavrat Shah,N/A,I63966007,"Computer science, Mathematics, Statistics, Engineering, Algorithm, Artificial intelligence, Economics, Programming language, Machine learning, Combinatorics, Mathematical optimization, Computer network, Operating system, Physics, Telecommunications, Biology, Philosophy, Mathematical analysis, Quantum mechanics, Discrete mathematics, Theoretical computer science, Epistemology, Geometry"
Catherine L. Drennan,N/A,I63966007,"Chemistry, Biology, Biochemistry, Organic chemistry, Physics, Genetics, Nuclear magnetic resonance, Enzyme, Gene, Stereochemistry, Medicine, Computer science, Internal medicine, Crystallography, Geology, Materials science, Catalysis"
Alan J. Grodzinsky,N/A,I63966007,"Biology, Medicine, Chemistry, Anatomy, Biochemistry, Genetics, Fishery, Cartilage, Pathology, Physics, Materials science, Alternative medicine, Osteoarthritis, Internal medicine, Cell biology, Engineering, Composite material, Organic chemistry, Articular cartilage, In vitro, Biophysics, Biomedical engineering, Quantum mechanics, Extracellular matrix, Thermodynamics"
Martin Rinard,N/A,I63966007,"Computer science, Programming language, Mathematics, Operating system, Engineering, Algorithm, Artificial intelligence, Theoretical computer science, Philosophy, Biology, Physics, Parallel computing, Set (abstract data type), Geography, Statistics, Linguistics, Discrete mathematics"
Robert M. Solow,N/A,I63966007,"Economics, Political science, Computer science, Mathematics, Philosophy, Law, Macroeconomics, History, Keynesian economics, Neoclassical economics, Sociology"
Bhaskar D. Rao,N/A,I63966007,"Computer science, Mathematics, Algorithm, Statistics, Engineering, Artificial intelligence, Telecommunications, Electrical engineering, Computer network, Physics, Electronic engineering, Channel (broadcasting), Quantum mechanics, Computer vision, Mathematical optimization, Operating system, Machine learning, Economics, Programming language, Beamforming, Decoding methods, Philosophy, Geometry, Mathematical analysis, Psychology"
Tommi Jaakkola,N/A,I63966007,"Computer science, Mathematics, Artificial intelligence, Philosophy, Machine learning, Statistics, Biology, Physics, Algorithm, Epistemology, Engineering, Chemistry, Programming language, Economics, Quantum mechanics, Linguistics, Combinatorics, Theoretical computer science, Mathematical analysis, Psychology, Genetics, Discrete mathematics, Biochemistry, Geometry, Mathematical optimization"
Peter A. Gloor,N/A,I63966007,"Computer science, Psychology, Political science, Law, Biology, World Wide Web, Sociology, Philosophy, Operating system, Engineering, Medicine, Mathematics, Physics, Artificial intelligence, Economics, Social psychology, Business"
Edward S. Boyden,N/A,I63966007,"Biology, Medicine, Psychology, Computer science, Neuroscience, Chemistry, Genetics, Physics, Biochemistry, Internal medicine, Engineering, Materials science, Quantum mechanics, Optics, Artificial intelligence, Pathology, Gene, Optogenetics, Endocrinology"
G. Grosso,N/A,I63966007,"Physics, Quantum mechanics, Nuclear physics, Particle physics, Large Hadron Collider, Mathematics, Proton, Astronomy, Quark, Astrophysics, Electron, Computer science, Materials science, Higgs boson, Lepton, Boson, Geography, Engineering, Metallurgy, History, Archaeology, Luminosity, Gauge (firearms), Galaxy, Standard Model (mathematical formulation)"
S. Rappaport,N/A,I63966007,"Physics, Astronomy, Astrophysics, Computer science, Computer vision, Stars, Quantum mechanics, Mathematics, Arithmetic, Binary number, Engineering, Optics, Galaxy, Planet"
William Detmold,N/A,I63966007,"Physics, Quantum mechanics, Particle physics, Nuclear physics, Quantum chromodynamics, Quark, Mathematics, Lattice QCD, Acoustics, Lattice (music), Atomic physics, Mathematical physics, Hadron, Computer science, Optics, Pion, Nucleon, Gauge theory, Meson"
Ernst R. Berndt,N/A,I63966007,"Economics, Business, Medicine, Biology, Mathematics, Computer science, Political science, Law, Macroeconomics, Economic growth, Psychology, Microeconomics, Physics, Econometrics, Pharmacology, Psychiatry, Nursing, Philosophy, Geography, Engineering, Quantum mechanics, Statistics"
Munther A. Dahleh,N/A,I63966007,"Computer science, Mathematics, Physics, Economics, Engineering, Artificial intelligence, Quantum mechanics, Biology, Management, Mathematical optimization, Mathematical analysis, Control (management), Statistics, Electrical engineering, Control theory (sociology), Algorithm, Philosophy, Combinatorics, Programming language, Machine learning, Epistemology, Chemistry, Computer network, Thermodynamics, Geometry"
Alan M. Levine,N/A,I63966007,"Physics, Astronomy, Astrophysics, Computer science, Quantum mechanics, Biology, Medicine, Mathematics, Psychology, Engineering, Computer vision, Optics"
Laura L. Kiessling,N/A,I63966007,"Chemistry, Biology, Biochemistry, Genetics, Medicine, Organic chemistry, Physics, Computer science, Nuclear magnetic resonance, Internal medicine, Gene, Materials science, Cell biology"
Daniel G. Anderson,N/A,I63966007,"Biology, Chemistry, Genetics, Biochemistry, Medicine, Gene, Materials science, Internal medicine, Physics, Organic chemistry, Cell biology, Engineering, Nanotechnology, Cell culture, Transfection, Biotechnology, Nuclear magnetic resonance, Chemical engineering, Immunology, Composite material, In vivo, Computer science, Quantum mechanics, RNA"
David Simchi‐Levi,N/A,I63966007,"Computer science, Mathematics, Economics, Engineering, Business, Mathematical optimization, Marketing, Statistics, Operations research, Artificial intelligence, Political science, Law, Microeconomics, Finance, Philosophy, Physics, Mathematical analysis, Operations management, Algorithm, Machine learning, Epistemology, Programming language, Geometry, Supply chain, Biology"
Alex K. Shalek,N/A,I63966007,"Biology, Genetics, Medicine, Chemistry, Biochemistry, Internal medicine, Immunology, Gene, Immune system, Pathology, Computational biology, Cell biology, Cancer research, Cell, Computer science, Gene expression"
Nancy Kanwisher,N/A,I63966007,"Psychology, Biology, Neuroscience, Computer science, Philosophy, Cognitive psychology, Medicine, Artificial intelligence, Epistemology, Perception, Psychiatry, Linguistics, Sociology, Computer vision, Physics, Cognition, Mathematics, Radiology, Communication, Social science, Cognitive science, Visual cortex"
S. Brandt,N/A,I63966007,"Physics, Nuclear physics, Particle physics, Quantum mechanics, Hadron, Mathematics, Quark, Engineering, Materials science, Large Hadron Collider, Astronomy, Electron–positron annihilation, Optics, Economics, Computer science, Atomic physics, Philosophy, Electron, Astrophysics, Linguistics, Geography, Macroeconomics, Microeconomics, Production (economics), Lepton"
Timothy F. Jamison,N/A,I63966007,"Chemistry, Organic chemistry, Biology, Biochemistry, Catalysis, Materials science, Combinatorial chemistry, Physics, Engineering, Metallurgy, Composite material, Stereochemistry, Computer science, Quantum mechanics, Biochemical engineering"
Qing Hu,N/A,I63966007,"Physics, Engineering, Quantum mechanics, Computer science, Materials science, Optics, Optoelectronics, Chemistry, Laser, Terahertz radiation, Electrical engineering, Chemical engineering, Chromatography, Mathematics, Cascade, Economics, Quantum, Political science, Law, Telecommunications, Biology, Business, Quantum cascade laser"
John R. Hauser,N/A,I63966007,"Engineering, Physics, Computer science, Quantum mechanics, Materials science, Mathematics, Electrical engineering, Optoelectronics, Chemistry, Economics, Business, Organic chemistry, Biology, Thermodynamics, Marketing, Composite material, Condensed matter physics, Statistics, Metallurgy, Operating system, Programming language"
G. Lusztig,N/A,I63966007,"Mathematics, Pure mathematics, Algebra over a field, Geometry, Combinatorics, Physics, Quantum mechanics, Discrete mathematics, Computer science, Chemistry, Organic chemistry, Philosophy, Group (periodic table), Mathematical analysis"
Ann M. Graybiel,N/A,I63966007,"Biology, Psychology, Medicine, Neuroscience, Internal medicine, Endocrinology, Dopamine, Striatum, Chemistry, Central nervous system, Biochemistry, Genetics, Psychiatry, Basal ganglia, Physics, Computer science, Pathology, Receptor, Anatomy"
Patrick S. Doyle,N/A,I63966007,"Physics, Chemistry, Materials science, Biology, Engineering, Organic chemistry, Nanotechnology, Quantum mechanics, Thermodynamics, Composite material, Computer science, Biochemistry, Mathematics, Chemical engineering, Genetics, Medicine, Geology, Optics, Nuclear magnetic resonance, Polymer, Mechanics, Physical chemistry, Psychology"
Gregory W. Wornell,N/A,I63966007,"Computer science, Mathematics, Engineering, Statistics, Telecommunications, Algorithm, Physics, Electrical engineering, Computer network, Artificial intelligence, Operating system, Quantum mechanics, Programming language, Electronic engineering, Channel (broadcasting), Decoding methods, Mathematical analysis, Computer vision, Sociology, Philosophy, Biology, Combinatorics, Optics, Social science, Theoretical computer science"
Asuman Ozdaglar,N/A,I63966007,"Computer science, Mathematics, Economics, Mathematical optimization, Engineering, Physics, Biology, Computer network, Artificial intelligence, Statistics, Microeconomics, Machine learning, Algorithm, Macroeconomics, Operating system, Computer security, Mathematical economics, Programming language, Quantum mechanics, Telecommunications, Combinatorics, Mathematical analysis, Geometry, Philosophy, Economic growth"
Isaac L. Chuang,N/A,I63966007,"Physics, Quantum mechanics, Computer science, Quantum, Mathematics, Engineering, Quantum computer, Qubit, Chemistry, Quantum information, Algorithm, Quantum entanglement, Organic chemistry, Quantum algorithm, Materials science, Open quantum system, Programming language, Electrical engineering, Optics"
Arno Behr,N/A,I63966007,"Chemistry, Biology, Organic chemistry, Biochemistry, Catalysis, Materials science, Physics, Engineering, Composite material, Thermodynamics"
Leslie Pack Kaelbling,N/A,I63966007,"Computer science, Artificial intelligence, Mathematics, Philosophy, Programming language, Machine learning, Engineering, Physics, Statistics, Economics, Epistemology, Biology, Robot, Operating system, Quantum mechanics, Algorithm, Linguistics, Management, Mathematical optimization, Mathematical analysis, Computer vision, Systems engineering, Task (project management), Theoretical computer science, Set (abstract data type)"
Miki Wadati,N/A,I63966007,"Physics, Quantum mechanics, Mathematics, Mathematical analysis, Mathematical physics, Pure mathematics, Computer science, Nonlinear system, Chemistry, Geometry, Engineering, Biology, Condensed matter physics, Thermodynamics, Quantum, Optics, Philosophy, Integrable system, Materials science, Genetics, Combinatorics"
Stephanie Dutkiewicz,N/A,I63966007,"Geology, Biology, Ecology, Environmental science, Oceanography, Chemistry, Organic chemistry, Computer science, Nutrient, Physics, Phytoplankton, Geography, Environmental chemistry, Ecosystem"
William T. Freeman,N/A,I63966007,"Computer science, Artificial intelligence, Computer vision, Physics, Mathematics, Philosophy, Image (mathematics), Optics, Psychology, Engineering, Statistics, Linguistics, Quantum mechanics, Machine learning, Cognitive psychology, Programming language, Pattern recognition (psychology), Computer graphics (images), Algorithm, Biology, Geometry, Telecommunications, Epistemology, Operating system"
Jürgen Michel,N/A,I63966007,"Physics, Materials science, Optoelectronics, Quantum mechanics, Optics, Chemistry, Engineering, Organic chemistry, Metallurgy, Electrical engineering, Silicon, Composite material, Computer science, Nanotechnology, Laser, Telecommunications, Condensed matter physics, Layer (electronics), Photonics, Thermodynamics, Biology"
Michael A. Funk,N/A,I63966007,"Biology, Computer science, Chemistry, Biochemistry, Physics"
Leonid Levitov,N/A,I63966007,"Physics, Quantum mechanics, Condensed matter physics, Materials science, Engineering, Nuclear physics, Nanotechnology, Electron, Chemical engineering, Mathematics, Graphene, Chemistry, Optics, Thermodynamics, Optoelectronics, Computer science, Electrical engineering, Superconductivity, Quantum, Particle physics, Organic chemistry"
Judah Cohen,N/A,I63966007,"Environmental science, Geography, Geology, Physics, Climatology, Meteorology, Computer science, Biology, Atmospheric sciences, Oceanography, Precipitation, Ecology, Astronomy"
Michael J. Follows,N/A,I63966007,"Geology, Biology, Ecology, Oceanography, Chemistry, Environmental science, Organic chemistry, Physics, Computer science, Nutrient, Geography, Phytoplankton, Paleontology, Environmental chemistry, Climatology, Ecosystem, Genetics, Fishery"
Forest M. White,N/A,I63966007,"Biology, Genetics, Chemistry, Medicine, Biochemistry, Internal medicine, Cell biology, Cancer research, Gene, Physics, Computational biology, Phosphorylation, Kinase, Nuclear magnetic resonance, Signal transduction, Cancer, Organic chemistry, Computer science, Receptor, Immunology, Enzyme"
Norbert S. Schulz,N/A,I63966007,"Physics, Astronomy, Astrophysics, Quantum mechanics, Computer science, Optics, Mathematics, Computer vision, Stars, Spectral line, Galaxy, Chemistry, Materials science, Engineering, Organic chemistry, Nuclear physics, Geometry"
D.G. Whyte,N/A,I63966007,"Physics, Quantum mechanics, Nuclear physics, Plasma, Tokamak, Engineering, Materials science, Chemistry, Atomic physics, Organic chemistry, Computer science, Nuclear engineering, Divertor, Thermodynamics, Composite material, DIII-D, Ion, Mathematics, Alcator C-Mod, Mechanics, Biology, Metallurgy, Optics, Geology"
A. Beck,N/A,I63966007,"Physics, Particle physics, Nuclear physics, Quantum mechanics, Mathematics, Hadron, Chemistry, Astrophysics, Atomic physics, Computer science, Optics, Astronomy, Meson, Quark, Galaxy, Luminosity, Geometry"
Thomas A. Kochan,N/A,I63966007,"Political science, Economics, Law, Business, Computer science, Management, Sociology, Engineering, Labour economics, Physics, Philosophy, Quantum mechanics, Market economy"
David E. Housman,N/A,I63966007,"Biology, Genetics, Chemistry, Biochemistry, Gene, Medicine, Internal medicine, Molecular biology, Cell biology, Pathology, Cancer research, DNA"
Sidney Yip,N/A,I63966007,"Physics, Quantum mechanics, Materials science, Chemistry, Thermodynamics, Composite material, Organic chemistry, Engineering, Computer science, Mathematics, Condensed matter physics, Computational chemistry, Metallurgy, Crystallography, Statistical physics, Biology, Molecular dynamics, Geography, Optics, Geology, Classical mechanics, Nuclear physics"
Samuel A. Bowring,N/A,I63966007,"Geology, Biology, Paleontology, Geochemistry, Physics, Seismology, Tectonics, Nuclear physics, Zircon, Geomorphology, Geography, Geochronology, Structural basin, Geophysics, Petrology, Chemistry, History, Archaeology, Computer science"
Pablo Jarillo‐Herrero,N/A,I63966007,"Physics, Quantum mechanics, Materials science, Engineering, Condensed matter physics, Nanotechnology, Chemical engineering, Graphene, Optoelectronics, Chemistry, Organic chemistry, Optics, Electrical engineering, Nuclear physics, Mathematics, Composite material, Biology, Superconductivity, Electron"
Earle Williams,N/A,I63966007,"Physics, Geology, Geography, Meteorology, Quantum mechanics, Environmental science, Thermodynamics, Engineering, Computer science, Oceanography, Atmospheric sciences, Power (physics), Lightning (connector), Chemistry, Astronomy, Biology, Climatology, Optics, Mathematics, Thunderstorm, Electrical engineering, Aerospace engineering, Organic chemistry"
Ronald L. Rivest,N/A,I63966007,"Computer science, Mathematics, Algorithm, Computer security, Operating system, Programming language, Computer network, Political science, Law, Theoretical computer science, Philosophy, Physics, Engineering, Artificial intelligence, Statistics, Economics, Biology, Combinatorics"
G. W. Turner,N/A,I63966007,"Physics, Quantum mechanics, Materials science, Engineering, Optoelectronics, Optics, Electrical engineering, Chemistry, Organic chemistry, Computer science, Laser, Biology, Geology, Composite material, Astronomy, Nanotechnology, Condensed matter physics, Diode, Thermodynamics, Semiconductor"
Wojciech Matusik,N/A,I63966007,"Computer science, Artificial intelligence, Mathematics, Physics, Engineering, Computer vision, Computer graphics (images), Operating system, Programming language, Optics, Quantum mechanics, Philosophy, Biology, Mechanical engineering, Materials science, Linguistics, Economics, Composite material, Algorithm, Statistics, Geography, Geometry, Image (mathematics)"
Samuel J. Gershman,N/A,I63966007,"Computer science, Psychology, Artificial intelligence, Mathematics, Biology, Philosophy, Epistemology, Neuroscience, Statistics, Medicine, Cognitive psychology, Machine learning, Economics, Physics, Engineering, Psychiatry, Quantum mechanics, Social psychology, Programming language, Linguistics, Cognition, Cognitive science"
Vladimir Bulović,N/A,I63966007,"Materials science, Physics, Quantum mechanics, Optoelectronics, Engineering, Chemistry, Nanotechnology, Organic chemistry, Electrical engineering, Optics, Composite material, Biology, Condensed matter physics, Chemical engineering, Layer (electronics), Computer science, Thermodynamics, Ecology, Thin film, Physical chemistry, Metallurgy, Quantum dot, Crystallography"
Polina Golland,N/A,I63966007,"Computer science, Artificial intelligence, Psychology, Computer vision, Mathematics, Medicine, Cognitive psychology, Biology, Pattern recognition (psychology), Physics, Machine learning, Engineering, Statistics, Image (mathematics), Radiology, Philosophy, Segmentation, Programming language, Linguistics"
Gary Stix,N/A,I63966007,"Computer science, Biology"
Dimitri P. Bertsekas,N/A,I63966007,"Computer science, Mathematics, Mathematical optimization, Algorithm, Economics, Engineering, Physics, Programming language, Biology, Artificial intelligence, Mathematical analysis, Geometry, Statistics, Combinatorics, Quantum mechanics, Computer network, Philosophy, Machine learning, Operating system, Macroeconomics, Applied mathematics, Economic growth, Convergence (economics), Dynamic programming, Discrete mathematics"
Regina Barzilay,N/A,I63966007,"Computer science, Artificial intelligence, Mathematics, Philosophy, Biology, Machine learning, Natural language processing, Programming language, Engineering, Linguistics, Statistics, Physics, Chemistry, Economics, Genetics, Psychology, Epistemology, Operating system, Biochemistry, Political science, Law, Geology, Geography, Medicine, Management"
Jean-Jacques Slotine,N/A,I63966007,"Computer science, Artificial intelligence, Mathematics, Physics, Quantum mechanics, Economics, Biology, Management, Control (management), Nonlinear system, Engineering, Control theory (sociology), Philosophy, Mathematical analysis, Linguistics, Medicine, Machine learning, Internal medicine, Geometry, Electrical engineering, Endocrinology, Statistics, Contraction (grammar), Algorithm, Combinatorics"
Y. Yilmaz,N/A,I63966007,"Physics, Nuclear physics, Quantum mechanics, Particle physics, Large Hadron Collider, Astronomy, Mathematics, Astrophysics, Materials science, Geography, Quark, History, Archaeology, Luminosity, Galaxy, Metallurgy, Gauge (firearms), Standard Model (mathematical formulation), Hadron, Electron, Engineering, Lepton, Higgs boson, Boson, Geometry"
M. A. Kastner,N/A,I63966007,"Physics, Quantum mechanics, Materials science, Condensed matter physics, Engineering, Chemistry, Optoelectronics, Nuclear physics, Organic chemistry, Optics, Mathematics, Electrical engineering, Electron, Thermodynamics, Nanotechnology, Computer science, Composite material, Crystallography, Biology, Metallurgy"
Peter J. Catto,N/A,I63966007,"Physics, Quantum mechanics, Nuclear physics, Plasma, Mechanics, Mathematics, Tokamak, Chemistry, Organic chemistry, Thermodynamics, Computer science, Magnetic field, Engineering, Atomic physics, Classical mechanics, Ion, Electron, Geometry, Computational physics, Materials science, Geography, Quantum electrodynamics, Optics, Geology"
C. Baldenegro Barrera,N/A,I63966007,"Physics, Quantum mechanics, Nuclear physics, Particle physics, Proton, Large Hadron Collider, Mathematics, Quark, Astronomy, Astrophysics, Computer science, Electron, Engineering, Lepton, Economics, Materials science, Hadron, Boson, Geography, Higgs boson, Macroeconomics, Microeconomics, Metallurgy, Production (economics), Luminosity"
S.J. Lippard,N/A,I63966007,"Chemistry, Crystallography, Materials science, Organic chemistry, Crystal structure, Physics, Computer science, Optics, Quantum mechanics, Molecule, Programming language, Diffraction, Crystal (programming language), Group (periodic table), Linguistics, Operating system, Philosophy, Space (punctuation)"
Barbara Imperiali,N/A,I63966007,"Chemistry, Biology, Biochemistry, Genetics, Physics, Organic chemistry, Nuclear magnetic resonance, Enzyme, Gene, Quantum mechanics, Medicine, Cell biology, Computational biology, Stereochemistry, Materials science, Computer science, Geology"
Iain W. Stewart,N/A,I63966007,"Physics, Quantum mechanics, Mathematics, Particle physics, Nuclear physics, Computer science, Quantum chromodynamics, Mathematical analysis, Optics, Quark, Engineering, Hadron, Thermodynamics, Materials science, Algorithm, Economics, Geometry, Biology, Mathematical physics"
P. J. Erickson,N/A,I63966007,"Physics, Geology, Astronomy, Geography, Quantum mechanics, Geophysics, Computer science, Ionosphere, Engineering, Meteorology, Nuclear physics, Plasma, Telecommunications, Aerospace engineering, Atmospheric sciences, Magnetic field, Optics, Radar, Environmental science, Geodesy, Remote sensing, Electron, Scattering, Mathematics, Climatology"
John Marshall,N/A,I63966007,"Physics, Geology, Geography, Meteorology, Oceanography, Climatology, Biology, Thermodynamics, Environmental science, Ecology, Quantum mechanics, Atmospheric sciences, Mechanics, Engineering, Mathematics, Computer science, Ocean current, Mathematical analysis"
Roger Lévy,N/A,I63966007,"Computer science, Philosophy, Linguistics, Artificial intelligence, Natural language processing, Psychology, Mathematics, Biology, Programming language, Epistemology, Political science, Medicine, Law, Neuroscience, Cognitive psychology, Statistics, Physics, Engineering"
Edward F. Crawley,N/A,I63966007,"Computer science, Engineering, Physics, Economics, Mathematics, Aerospace engineering, Artificial intelligence, Management, Biology, Operating system, Political science, Quantum mechanics, Geography, Law, Astronomy, Thermodynamics, Philosophy, History, Archaeology, Programming language"
G. Crew,N/A,I63966007,"Physics, Astrophysics, Quantum mechanics, Astronomy, Computer science, Mathematics, Geography, Optics, Geometry, Geology, Engineering, Chemistry, Nuclear physics, Gamma-ray burst, Galaxy"
Peter Scott,N/A,I63966007,"Political science, Law, Computer science, Economics, Sociology, Geography, History, Physics, Psychology, Mathematics, Philosophy, Engineering, Quantum mechanics, Biology, Geology"
John Negele,N/A,I63966007,"Physics, Quantum mechanics, Nuclear physics, Particle physics, Quark, Quantum chromodynamics, Atomic physics, Mathematics, Lattice QCD, Acoustics, Nucleon, Lattice (music), Pion, Mathematical physics, Hadron, Quantum electrodynamics, Chemistry, Fermion, Gauge theory, Lattice field theory, Engineering"
Jagadeesh S. Moodera,N/A,I63966007,"Physics, Quantum mechanics, Materials science, Condensed matter physics, Engineering, Optoelectronics, Chemistry, Electrical engineering, Ferromagnetism, Composite material, Organic chemistry, Nanotechnology, Magnetic field, Thermodynamics, Nuclear physics, Mechanical engineering, Mathematics, Aerospace engineering, Superconductivity, Spin (aerodynamics), Electron, Quantum tunnelling, Metallurgy, Topological insulator"
M. Atzeni,N/A,I63966007,"Physics, Particle physics, Nuclear physics, Quantum mechanics, Mathematics, Chemistry, Astrophysics, Atomic physics, Astronomy, Luminosity, Galaxy, Computer science, Meson, Hadron, Optics, Biology, Organic chemistry, Branching fraction"
Frédo Durand,N/A,I63966007,"Computer science, Artificial intelligence, Computer vision, Physics, Mathematics, Optics, Computer graphics (images), Engineering, Image (mathematics), Programming language, Operating system, Algorithm, Quantum mechanics, Philosophy, Art, Statistics, Geography, Biology, Visual arts, Rendering (computer graphics), Psychology, Geometry, Linguistics, Machine learning"
Victor Guillemin,N/A,I63966007,"Mathematics, Pure mathematics, Physics, Mathematical analysis, Quantum mechanics, Geometry, Computer science, Combinatorics, Philosophy"
M. E. Zucker,N/A,I63966007,"Physics, Quantum mechanics, Astronomy, Astrophysics, Gravitational wave, Computer science, Engineering, Mathematics, Optics, Telecommunications, Electrical engineering, Detector, Binary number, Arithmetic, LIGO, Classical mechanics, Interferometry, Theoretical physics, Mathematical physics, General relativity, Gravitational-wave observatory, Neutron star, Electronic engineering"
R. Silbey,N/A,I63966007,"Physics, Quantum mechanics, Chemistry, Materials science, Organic chemistry, Mathematics, Engineering, Condensed matter physics, Composite material, Computer science, Atomic physics, Statistical physics, Biology, Thermodynamics, Optics, Molecular physics, Optoelectronics, Nuclear physics, Chemical physics, Molecule, Astronomy"
Jens Kauffmann,N/A,I63966007,"Physics, Quantum mechanics, Computer science, Engineering, Astronomy, Chemistry, Astrophysics, Mathematics, Computer vision, Stars, Galaxy, Biology, Materials science, Organic chemistry, Thermodynamics, Star formation, Optics, Geography, Molecular cloud, Geology, Physical chemistry, Electrical engineering"
Juan Eugenio Iglesias,N/A,I63966007,"Computer science, Biology, Psychology, Medicine, Artificial intelligence, Computer vision, Physics, Radiology, Neuroscience, Chemistry, Mathematics, Psychiatry, Internal medicine, Cognitive psychology, Engineering, Pattern recognition (psychology), Segmentation, Quantum mechanics, Genetics, Magnetic resonance imaging, Pathology, Programming language, Geology, Materials science, Optics"
Mircea Dincă,N/A,I63966007,"Chemistry, Materials science, Organic chemistry, Physics, Quantum mechanics, Physical chemistry, Engineering, Metallurgy, Adsorption, Crystallography, Composite material, Biology, Metal-organic framework, Biochemistry, Nanotechnology, Metal, Chemical engineering, Inorganic chemistry, Catalysis, Crystal structure, Electrical engineering"
Kamal Youcef‐Toumi,N/A,I63966007,"Computer science, Engineering, Physics, Artificial intelligence, Quantum mechanics, Mathematics, Economics, Electrical engineering, Biology, Materials science, Management, Thermodynamics, Control (management), Mechanical engineering, Control theory (sociology), Operating system, Chemistry, Optics, Composite material, Programming language, Control engineering, Psychology"
Anu Agarwal,N/A,I63966007,"Physics, Materials science, Optoelectronics, Quantum mechanics, Optics, Chemistry, Engineering, Organic chemistry, Computer science, Metallurgy, Electrical engineering, Telecommunications, Composite material, Nanotechnology, Silicon, Astronomy, Photonics, Biology, Medicine, Laser, Electronic engineering, Infrared"
Robert E. Cohen,N/A,I63966007,"Materials science, Chemistry, Physics, Composite material, Organic chemistry, Engineering, Nuclear magnetic resonance, Polymer, Quantum mechanics, Chemical engineering, Nanotechnology, Copolymer, Thermodynamics, Biology, Polymer chemistry, Metallurgy, Geology, Computer science, Physical chemistry, Mathematics, Optics, Biochemistry"
Mriganka Sur,N/A,I63966007,"Biology, Psychology, Neuroscience, Medicine, Chemistry, Internal medicine, Psychiatry, Biochemistry, Genetics, Physics, Visual cortex, Computer science, Endocrinology, Cognitive psychology, Cell biology, Receptor, Optics, Artificial intelligence, Anatomy, Cortex (anatomy), Mathematics"
William D. Oliver,N/A,I63966007,"Physics, Quantum mechanics, Quantum, Qubit, Computer science, Condensed matter physics, Engineering, Quantum computer, Materials science, Superconductivity, Mathematics, Electrical engineering, Optics, Optoelectronics, Telecommunications, Josephson effect, Flux qubit, Chemistry"
Gilbert Strang,N/A,I63966007,"Mathematics, Computer science, Physics, Quantum mechanics, Mathematical analysis, Geometry, Pure mathematics, Engineering, Applied mathematics, Combinatorics"
Jason Soohoo,N/A,I63966007,"Computer science, World Wide Web, Library science, Subject (documents), Psychology, Mathematics, Political science, Law, Mathematics education, Sociology, Economics, Physics, Philosophy, Pedagogy, Medicine, Quantum mechanics, Economic growth, Linguistics, Astronomy, Business, Astrophysics"
Fikile R. Brushett,N/A,I63966007,"Chemistry, Physics, Materials science, Quantum mechanics, Physical chemistry, Engineering, Electrode, Organic chemistry, Electrolyte, Thermodynamics, Electrochemistry, Inorganic chemistry, Metallurgy, Chemical engineering, Biology, Computer science, Nanotechnology, Redox, Power (physics), Composite material, Mathematics, Biochemistry, Battery (electricity), Process engineering, Flow battery"
Li‐Huei Tsai,N/A,I63966007,"Biology, Medicine, Chemistry, Genetics, Biochemistry, Psychology, Neuroscience, Internal medicine, Gene, Cell biology, Pathology, Cell, Disease, Physics, Psychiatry, Endocrinology, Apoptosis, Organic chemistry, Nuclear magnetic resonance, Cancer, Enzyme, Phosphorylation, Cell cycle, Signal transduction, Kinase"
L. Barsotti,N/A,I63966007,"Physics, Astronomy, Quantum mechanics, Computer science, Astrophysics, Gravitational wave, Engineering, Optics, Telecommunications, Electrical engineering, Mathematics, Detector, Binary number, Arithmetic, LIGO, Interferometry, Classical mechanics, Theoretical physics, Mathematical physics, General relativity, Gravitational-wave observatory, Electronic engineering, Neutron star, Computer vision"
David Alan Grier,N/A,I63966007,"Computer science, Mathematics, Engineering, World Wide Web, Political science, Law, Algorithm, History of computing, Operating system, Mechanical engineering, Economics, Physics, Telecommunications, Geometry"
Charles E. Leiserson,N/A,I63966007,"Computer science, Mathematics, Programming language, Parallel computing, Engineering, Operating system, Algorithm, Computer network, Physics"
Samuel C.C. Ting,N/A,I63966007,"Physics, Nuclear physics, Quantum mechanics, Particle physics, Hadron, Optics, Engineering, Materials science, Mathematics, Electron, Atomic physics, Astronomy, Computer science, Astrophysics, Electron–positron annihilation, Metallurgy, Economics, Composite material, Lepton, Chemistry"
Roberta O. Day,N/A,I63966007,"Chemistry, Organic chemistry, Physics, Materials science, Quantum mechanics, Stereochemistry, Crystallography, Molecule, Metallurgy, Computer science, Biology, Biochemistry, Crystal structure, Medicinal chemistry, Programming language, World Wide Web, Political science, Library science, Law, Citation"
John H. Lienhard,N/A,I63966007,"Engineering, Physics, Chemistry, Biology, Thermodynamics, Quantum mechanics, Biochemistry, Genetics, Membrane, Environmental science, Materials science, Desalination, Organic chemistry, Mechanics, Geology, Computer science, Ecology, Mechanical engineering, Mathematics, Geography, Process engineering, Oceanography, Environmental engineering, Meteorology, Reverse osmosis"
J. G. Checkelsky,N/A,I63966007,"Physics, Quantum mechanics, Condensed matter physics, Materials science, Chemistry, Optoelectronics, Organic chemistry, Computer science, Engineering, Magnetic field, Mathematics, Metallurgy, Electrical engineering"
Julie Shen,N/A,I63966007,"Business, Computer science, Political science, Economics, Law"
K. Biemann,N/A,I63966007,"Chemistry, Physics, Biology, Organic chemistry, Quantum mechanics, Chromatography, Mass spectrometry, Biochemistry, Computer science, Genetics, Ion, Environmental chemistry, Programming language, Nuclear magnetic resonance, Gene"
John N. Tsitsiklis,N/A,I63966007,"Computer science, Mathematics, Economics, Mathematical optimization, Programming language, Statistics, Algorithm, Artificial intelligence, Engineering, Mathematical analysis, Physics, Computer network, Biology, Machine learning, Combinatorics, Quantum mechanics, Philosophy, Operating system, Discrete mathematics, Geometry, Genetics, Epistemology, Applied mathematics, Macroeconomics"
Arlene M. Fiore,N/A,I63966007,"Physics, Environmental science, Geography, Meteorology, Geology, Chemistry, Organic chemistry, Biology, Climatology, Atmospheric sciences, Ecology, Ozone, Oceanography, Troposphere, Climate change, Air quality index, Engineering, Aerosol, Astronomy, Mathematics"
Peter C. Dedon,N/A,I63966007,"Biology, Chemistry, Biochemistry, Genetics, Gene, DNA, Medicine, Organic chemistry, Physics, Internal medicine, RNA, Nuclear magnetic resonance, Computational biology, Enzyme, Transfer RNA, Cell biology, Endocrinology, Molecular biology"
Christopher Bennett,N/A,I97018004,"Mathematics, Statistics, Geography, Plot (graphics), Computer science, Biology, Genetics, Ecology, Reproduction, Medicine, Virology"
M Snyder,N/A,I97018004,"Computer science, Biology, Genetics, Chemistry, Biochemistry, Medicine, Gene, Internal medicine, Computational biology"
John P. A. Ioannidis,N/A,I97018004,"Medicine, Biology, Pathology, Internal medicine, Mathematics, Computer science, Chemistry, Statistics, Political science, Law, Biochemistry, Psychology, Genetics, Surgery, Economics, Meta-analysis, MEDLINE, Psychiatry"
Barry M. Trost,N/A,I97018004,"Chemistry, Organic chemistry, Biology, Biochemistry, Catalysis, Combinatorial chemistry, Stereochemistry, Materials science, Medicinal chemistry, Computer science, Physics, Palladium, Enantioselective synthesis"
M. Vidal Marono,N/A,I97018004,"Physics, Particle physics, Nuclear physics, Quantum mechanics, Large Hadron Collider, Astronomy, Astrophysics, Quark, Mathematics, Geography, Materials science, History, Archaeology, Galaxy, Metallurgy, Luminosity, Gauge (firearms), Standard Model (mathematical formulation), Electron, Lepton, Engineering, Computer science, Economics, Higgs boson, Boson"
Lei Xing,N/A,I97018004,"Medicine, Computer science, Physics, Radiology, Artificial intelligence, Internal medicine, Mathematics, Engineering, Optics, Biology, Surgery, Nuclear medicine, Computer vision, Quantum mechanics, Radiation therapy, Chemistry, Psychology, Genetics, Algorithm"
Yi Liu,N/A,I97018004,"Chemistry, Physics, Materials science, Organic chemistry, Quantum mechanics, Engineering, Biology, Biochemistry, Composite material, Computer science, Nanotechnology, Chemical engineering, Crystallography, Optoelectronics, Optics, Metallurgy, Medicine, Thermodynamics, Physical chemistry, Electrical engineering, Genetics, Nuclear magnetic resonance"
Scott Fendorf,N/A,I97018004,"Computer science, Geography, Environmental science, Biology, Chemistry, Organic chemistry, Geology, Materials science, Metallurgy"
Y. Yamamoto,N/A,I97018004,"Physics, Quantum mechanics, Materials science, Engineering, Optics, Computer science, Optoelectronics, Chemistry, Electrical engineering, Biology, Mathematics, Condensed matter physics, Laser, Quantum, Organic chemistry"
Richard N. Zare,N/A,I97018004,"Chemistry, Physics, Quantum mechanics, Organic chemistry, Biology, Materials science, Engineering, Optics, Chromatography, Atomic physics, Computer science, Environmental chemistry, Biochemistry, Physical chemistry, Mathematics, Astronomy, Nuclear physics, Analytical Chemistry (journal), Ion, Thermodynamics, Composite material"
Esther M. John,N/A,I97018004,"Medicine, Biology, Genetics, Internal medicine, Cancer, Oncology, Breast cancer, Chemistry, Biochemistry, Pathology, Gene, Sociology, Demography, Mathematics, Statistics, Environmental health, Population, Computer science, Genotype, Surgery, Single-nucleotide polymorphism, Gynecology"
Michael T. Longaker,N/A,I97018004,"Medicine, Biology, Genetics, Chemistry, Biochemistry, Internal medicine, Surgery, Cell biology, Pathology, Anatomy, Immunology, Gene, Endocrinology, In vitro, Wound healing, Cancer research"
Nathanael S. Gray,N/A,I97018004,"Biology, Genetics, Chemistry, Biochemistry, Medicine, Internal medicine, Cell biology, Cancer research, Gene, Kinase, Cancer, Signal transduction, Phosphorylation, Receptor, Physics, Immunology, Organic chemistry, Pathology, Apoptosis, Computational biology, Nuclear magnetic resonance"
Sanjiv S. Gambhir,N/A,I97018004,"Biology, Medicine, Genetics, Chemistry, Internal medicine, Biochemistry, Physics, Radiology, Cancer research, Nuclear medicine, Psychology, Pathology, Biotechnology, Gene, Cancer, In vivo, Immunology, Neuroscience, Positron emission tomography, Computer science"
Irving L. Weissman,N/A,I97018004,"Biology, Genetics, Medicine, Chemistry, Biochemistry, Cell biology, Internal medicine, Immunology, Gene, Stem cell, Pathology, Cancer research, Immune system, Haematopoiesis, Cell, Progenitor cell, In vitro, Antibody, Antigen, Molecular biology, Receptor"
Ming Chen,N/A,I97018004,Computer science
Scott Rozelle,N/A,I97018004,"Political science, Law, Geography, History, Archaeology, China, Economics, Biology, Business, Medicine, Ecology, Economic growth, Sociology, Psychology, Mathematics, Computer science, Agriculture, Philosophy, Pathology, Macroeconomics, Agricultural economics, Microeconomics, Market economy"
Kabir Peay,N/A,I97018004,"Computer science, Database, Environmental science"
Joseph C. Wu,N/A,I97018004,"Biology, Medicine, Genetics, Chemistry, Biochemistry, Internal medicine, Gene, Cell biology, Embryonic stem cell, Cardiology, Stem cell, Induced pluripotent stem cell, Pathology, Psychology, Surgery, Endocrinology"
Benjamín Britten,N/A,I97018004,"Art, History, Physics, Art history, Computer science, Philosophy, Acoustics, Literature"
Ronald K. Hanson,N/A,I97018004,"Physics, Materials science, Quantum mechanics, Engineering, Chemistry, Organic chemistry, Thermodynamics, Optics, Aerospace engineering, Mechanics, Laser, Composite material, Chromatography, Environmental chemistry, Analytical Chemistry (journal), Acoustics, Shock wave, Physical chemistry, Absorption (acoustics), Shock tube, Optoelectronics, Astronomy, Biology, Geography, Combustion"
Anthony D. Ho,N/A,I97018004,"Medicine, Biology, Genetics, Internal medicine, Immunology, Pathology, Chemistry, Biochemistry, Surgery, Cell biology, Stem cell, Cancer research, Chemotherapy, Oncology, Gene, Transplantation, Gastroenterology"
Luı́s de Lecea,N/A,I97018004,"Psychology, Medicine, Biology, Neuroscience, Internal medicine, Chemistry, Computer science, Biochemistry, Genetics, Psychiatry, Endocrinology, Receptor"
Glade Dlott,N/A,I97018004,"Computer science, Database"
Zhenan Bao,N/A,I97018004,"Materials science, Physics, Chemistry, Engineering, Quantum mechanics, Organic chemistry, Nanotechnology, Composite material, Electrical engineering, Optoelectronics, Physical chemistry, Biology, Computer science, Electrode, Chemical engineering, Nuclear magnetic resonance, Voltage, Polymer, Transistor, Thermodynamics, Layer (electronics), Medicine, Optics, Mathematics, Biochemistry"
Rodney C. Ewing,N/A,I97018004,"Chemistry, Physics, Materials science, Organic chemistry, Quantum mechanics, Engineering, Nuclear physics, Metallurgy, Geology, Biology, Crystallography, Optics, Composite material, Chemical engineering, Paleontology, Ion, Nuclear chemistry, Mineralogy, Geochemistry, Irradiation, Nanotechnology, Phase (matter), Thermodynamics, Environmental chemistry, Chromatography"
Stanley J. Brodsky,N/A,I97018004,"Physics, Quantum mechanics, Particle physics, Nuclear physics, Quantum chromodynamics, Mathematics, Hadron, Quark, Mathematical physics, Optics, Atomic physics, Computer science, Engineering, Quantum electrodynamics, Scattering"
Ronald Levy,N/A,I97018004,"Medicine, Biology, Genetics, Internal medicine, Immunology, Chemistry, Biochemistry, Pathology, Antibody, Lymphoma, Immune system, Antigen, Cancer research, Cancer, Monoclonal antibody, Gene, Surgery, In vitro"
Brandon De La Cuesta,N/A,I97018004,"Computer science, Mathematics, Biology, Statistics, Medicine, Replication (statistics), Virology, Economics, Microeconomics, Conjoint analysis, Preference, Mathematical analysis, Distribution (mathematics), Psychology"
M. M. Fejer,N/A,I97018004,"Physics, Quantum mechanics, Optics, Materials science, Optoelectronics, Engineering, Computer science, Laser, Electrical engineering, Chemistry, Telecommunications, Organic chemistry, Mathematics, Wavelength, Nonlinear system, Lithium niobate, Nonlinear optics, Electronic engineering, Composite material, Thermodynamics, Computer network, Statistics"
William H. Robinson,N/A,I97018004,"Biology, Medicine, Genetics, Immunology, Internal medicine, Chemistry, Biochemistry, Pathology, Antibody, Ecology, Gene"
Paul A. Heidenreich,N/A,I97018004,"Medicine, Internal medicine, Cardiology, Biology, Heart failure, Pathology, Psychology, Mathematics, Surgery, Political science, Statistics, Law, Psychiatry, Emergency medicine, Economics, Intensive care medicine, Endocrinology, Computer science, Physics, Radiology"
Gregory W. Albers,N/A,I97018004,"Medicine, Internal medicine, Physics, Engineering, Cardiology, Thermodynamics, Mechanical engineering, Aerospace engineering, Stroke (engine), Psychology, Psychiatry, Surgery, Radiology, Pathology, Biology, Ischemia, Mathematics, Statistics, Perfusion, Chemistry, Ischemic stroke, Biochemistry, Myocardial infarction, Computer science, Perfusion scanning"
Robert Tibshirani,N/A,I97018004,"Computer science, Mathematics, Statistics, Biology, Medicine, Internal medicine, Genetics, Chemistry, Artificial intelligence, Machine learning, Pathology, Physics, Biochemistry, Psychology, Programming language, Economics"
Kenneth W. Mahaffey,N/A,I97018004,"Medicine, Internal medicine, Cardiology, Biology, Psychology, Psychiatry, Pathology, Surgery, Myocardial infarction, Mathematics, Chemistry, Statistics, Endocrinology, Biochemistry, Physics, Engineering, Atrial fibrillation, Aerospace engineering, Diabetes mellitus, Acute coronary syndrome, Thermodynamics, Mechanical engineering, Stroke (engine), Percutaneous coronary intervention, Confidence interval"
Edward I. Solomon,N/A,I97018004,"Chemistry, Organic chemistry, Physics, Materials science, Biology, Quantum mechanics, Biochemistry, Crystallography, Metallurgy, Nuclear magnetic resonance, Stereochemistry, Medicine, Genetics, Catalysis, Enzyme, Photochemistry, Inorganic chemistry, Optics, Internal medicine, Copper, Computational chemistry, Computer science, Astronomy"
Arthur Grossman,N/A,I97018004,"Computer science, Biology, Chemistry, Biochemistry, Genetics, Gene, Botany"
Jonathan Myers,N/A,I97018004,"Medicine, Internal medicine, Biology, Cardiology, Physical therapy, Endocrinology, Pathology, Psychology, Mathematics, Radiology, Statistics, Blood pressure, Psychiatry, Physiology, Heart failure, Surgery, Heart rate, Physical medicine and rehabilitation, Physics, Sociology, Computer science"
Lü Tian,N/A,I97018004,"Medicine, Biology, Internal medicine, Computer science, Pathology, Mathematics, Statistics, Psychology, Genetics, Surgery, Chemistry, Physics, Biochemistry, Artificial intelligence, Psychiatry, Economics, Machine learning"
Gary M. Shaw,N/A,I97018004,"Medicine, Biology, Genetics, Internal medicine, Pregnancy, Pathology, Mathematics, Chemistry, Environmental health, Statistics, Sociology, Demography, Obstetrics, Biochemistry, Population, Pediatrics, Computer science, Surgery, Endocrinology, Odds ratio, Gene, Fetus"
Robert L. Byer,N/A,I97018004,"Physics, Quantum mechanics, Optics, Materials science, Engineering, Laser, Optoelectronics, Computer science, Electrical engineering, Chemistry, Mathematics, Astronomy, Telecommunications, Wavelength, Organic chemistry, Thermodynamics"
Leland W.K. Chung,N/A,I97018004,"Medicine, Internal medicine, Biology, Genetics, Chemistry, Biochemistry, Cancer, Pathology, Cancer research, Prostate cancer, Gene, Immunology, Prostate, Cell biology, Metastasis, Endocrinology, Cancer cell"
Quynh‐Thu Le,N/A,I97018004,"Medicine, Internal medicine, Biology, Genetics, Surgery, Radiology, Radiation therapy, Cancer, Pathology, Chemistry, Oncology, Biochemistry, Physics, Immunology, Cancer research, Head and neck cancer, Gene, Mathematics"
R. D. Blandford,N/A,I97018004,"Physics, Astrophysics, Quantum mechanics, Astronomy, Galaxy, Computer science, Optics, Nuclear physics, Engineering, Computer vision, Stars, Mathematics, Redshift, Condensed matter physics, Classical mechanics"
David A. B. Miller,N/A,I97018004,"Physics, Quantum mechanics, Optics, Materials science, Optoelectronics, Engineering, Computer science, Electrical engineering, Chemistry, Electronic engineering, Laser, Telecommunications, Mathematics, Organic chemistry, Condensed matter physics, Composite material, Quantum well"
Mark M. Davis,N/A,I97018004,"Biology, Medicine, Genetics, Chemistry, Immunology, Biochemistry, Internal medicine, Immune system, Gene, Antigen, T cell, Pathology, Cell biology, Physics, Antibody, Computer science, T-cell receptor"
James J. Gross,N/A,I97018004,"Psychology, Medicine, Psychiatry, Biology, Social psychology, Computer science, Neuroscience, Clinical psychology, Developmental psychology, Philosophy, Cognitive psychology, Cognition, Psychotherapist, Sociology, Mathematics, Political science, Internal medicine, Law, Epistemology, Economics, Physics"
Gary W. Cox,N/A,I97018004,"Computer science, Political science, Law, Politics, Geography, Mathematics, Biology, History, Statistics, Economics, Medicine, Archaeology, Philosophy, Replication (statistics), Virology"
Richard Bellman,N/A,I97018004,"Mathematics, Computer science, Physics, Mathematical analysis, Quantum mechanics, Applied mathematics, Economics, Engineering, Biology, Medicine, Mathematical optimization"
Russ B. Altman,N/A,I97018004,"Biology, Computer science, Genetics, Chemistry, Biochemistry, Medicine, Gene, Computational biology, Physics, Artificial intelligence, Bioinformatics, Internal medicine, Mathematics, Psychology, Engineering"
Hyun Soo Kim,N/A,I97018004,"Medicine, Biology, Internal medicine, Genetics, Pathology, Chemistry, Biochemistry, Surgery, Cancer, Immunology, Gene, Endocrinology, Cancer research, Radiology, Physics"
Carolyn R. Bertozzi,N/A,I97018004,"Chemistry, Biology, Biochemistry, Genetics, Medicine, Organic chemistry, Physics, Internal medicine, Gene, Materials science, Cell biology, Molecular biology, Nuclear magnetic resonance, Computer science, Immunology, Glycoprotein, Enzyme, Pathology, Computational biology"
Leonidas Guibas,N/A,I97018004,"Computer science, Mathematics, Artificial intelligence, Engineering, Computer vision, Physics, Geometry, Programming language, Philosophy, Algorithm, Operating system, Linguistics, Psychology, Combinatorics, Biology, Quantum mechanics, Machine learning, Statistics, Mechanical engineering, Geography, Mathematical analysis, Economics, Discrete mathematics"
K. D. Irwin,N/A,I97018004,"Physics, Optics, Quantum mechanics, Computer science, Engineering, Telecommunications, Electrical engineering, Astronomy, Detector, Astrophysics, Materials science, Chemistry, Bolometer, Optoelectronics, Anisotropy, Cosmic microwave background, Geography, Biology, Artificial intelligence, Electronic engineering, Computer vision, Physical chemistry, Transition edge sensor, Mathematics, Geology"
Ronald W. Davis,N/A,I97018004,"Biology, Chemistry, Genetics, Biochemistry, Gene, Computer science, Physics, Medicine, Computational biology, DNA, Engineering, Materials science, Geography, Quantum mechanics"
Heather A. Wakelee,N/A,I97018004,"Medicine, Internal medicine, Biology, Genetics, Oncology, Pathology, Cancer, Lung cancer, Chemistry, Surgery, Biochemistry, Gene, Chemotherapy, Cancer research, Radiology, Immunology, Colorectal cancer, Mutation, KRAS, Bioinformatics, Mathematics"
Stuart B. Goodman,N/A,I97018004,"Medicine, Biology, Surgery, Internal medicine, Chemistry, Genetics, Pathology, Radiology, Biochemistry, Immunology, Anatomy, Physics, Materials science, Cell biology, Psychology, Arthroplasty, Engineering, Endocrinology, Dentistry, Geology"
Douglas K Owens,N/A,I97018004,"Medicine, Biology, Internal medicine, Computer science, Pathology, Psychology, Economics, Mathematics, Data mining, Genetics, Engineering, Political science, Database, Law, Table (database), Statistics, Surgery, Psychiatry"
Gary K. Steinberg,N/A,I97018004,"Medicine, Internal medicine, Biology, Psychology, Surgery, Radiology, Psychiatry, Cardiology, Neuroscience, Pathology, Physics, Genetics, Chemistry, Anesthesia, Engineering, Biochemistry, Thermodynamics, Aerospace engineering, Mechanical engineering, Stroke (engine), Ischemia, Endocrinology"
David Spiegel,N/A,I97018004,"Medicine, Psychology, Biology, Psychiatry, Internal medicine, Clinical psychology, Pathology, Psychotherapist, Genetics, Neuroscience, Cancer, Social psychology, Computer science, Pharmacology"
Thomas Devereaux,N/A,I97018004,"Physics, Quantum mechanics, Condensed matter physics, Materials science, Chemistry, Optoelectronics, Superconductivity, Engineering, Doping, Mathematics, Organic chemistry, Nuclear physics, Optics, Metallurgy, Electron, Biology"
Mark Z. Jacobson,N/A,I97018004,"Biology, Physics, Chemistry, Medicine, Geography, Environmental science, Geology, Engineering, Ecology, Meteorology, Organic chemistry, Internal medicine, Quantum mechanics, Thermodynamics, Genetics, Computer science, Biochemistry, Pathology, Immunology, Mathematics, Electrical engineering"
Leif Pierson,N/A,I97018004,"Computer science, World Wide Web, Business, Political science, Internet privacy, Law"
Christopher T. Walsh,N/A,I97018004,"Biology, Chemistry, Biochemistry, Organic chemistry, Genetics, Physics, Nuclear magnetic resonance, Enzyme, Gene, Stereochemistry, Geology, Biosynthesis, Paleontology, Bacteria, Medicine"
Stephen Boyd,N/A,I97018004,"Computer science, Mathematics, Mathematical optimization, Physics, Algorithm, Geometry, Artificial intelligence, Engineering, Quantum mechanics, Economics, Programming language, Regular polygon, Statistics, Mathematical analysis, Philosophy, Convex optimization, Biology, Operating system, Machine learning, Chemistry, Electrical engineering, Management"
O. Yushchenko,N/A,I97018004,"Physics, Particle physics, Nuclear physics, Quantum mechanics, Chemistry, Astrophysics, Mathematics, Atomic physics, Astronomy, Hadron, Galaxy, Luminosity, Organic chemistry, Branching fraction, Computer science, Meson, Materials science"
John Day,N/A,I97018004,"Medicine, Internal medicine, Biology, Pathology, Genetics, Chemistry, Computer science, Biochemistry, Mathematics, Psychology, Gene, Surgery, Disease, Cardiology, Psychiatry"
Christopher D. Manning,N/A,I97018004,"Computer science, Artificial intelligence, Philosophy, Natural language processing, Linguistics, Mathematics, Economics, Programming language, Engineering, Biology, Machine learning, Political science, Geography, Law, Systems engineering, Epistemology, Psychology, Physics, History, Management, Statistics"
Michael Sivak,N/A,I97018004,"Medicine, Physics, Engineering, Computer science, Biology, Internal medicine, Optics, Surgery, Radiology, Chemistry, Pathology"
Jelena Vučković,N/A,I97018004,"Physics, Quantum mechanics, Materials science, Optics, Optoelectronics, Engineering, Photonics, Computer science, Nanotechnology, Electrical engineering, Chemistry, Laser, Photonic crystal, Organic chemistry, Metallurgy, Composite material, Quantum, Quantum dot, Mathematics, Telecommunications, Photon, Condensed matter physics"
Wah Chiu,N/A,I97018004,"Biology, Chemistry, Physics, Biochemistry, Genetics, Medicine, Computer science, Biophysics, Gene, Materials science, Quantum mechanics, Nuclear magnetic resonance, Engineering, Optics, Artificial intelligence, Cell biology, Crystallography, Programming language, Mathematics, Organic chemistry, Geology, Pathology, Nanotechnology, Cryo-electron microscopy"
Melissa L. Bondy,N/A,I97018004,"Medicine, Biology, Genetics, Internal medicine, Pathology, Chemistry, Cancer, Biochemistry, Oncology, Mathematics, Gene, Statistics, Sociology, Demography, Cancer research, Environmental health, Population, Glioma, Genotype, Surgery, Breast cancer, Psychology, Computer science, Physics"
Stephen P. Luby,N/A,I97018004,"Medicine, Biology, Pathology, Environmental health, Internal medicine, Genetics, Engineering, Virology, Sociology, Psychology, Chemistry, Immunology, Environmental science, Ecology, Nursing, Geology, Mathematics, Demography, Psychiatry, Computer science, Geography, Economics, Surgery, Microbiology, Biochemistry"
George A. Poultsides,N/A,I97018004,"Medicine, Internal medicine, Biology, Surgery, Genetics, Pathology, Cancer, Gastroenterology, Oncology, Mathematics, Resection, Statistics, Radiology, Chemistry, Immunology, Endocrinology, Biochemistry, Computer science"
Marcus W. Feldman,N/A,I97018004,"Biology, Sociology, Genetics, Medicine, Computer science, Evolutionary biology, Demography, Environmental health, Population, Chemistry, Biochemistry, Gene, Mathematics, Political science, Ecology, Law, Geography, Psychology, Physics, Artificial intelligence, Economics, Machine learning, History, Archaeology, Philosophy"
Steven M. Asch,N/A,I97018004,"Medicine, Political science, Law, Biology, Internal medicine, Economics, Psychology, Nursing, Pathology, Family medicine, Economic growth, Health care, Computer science, Psychiatry, Mathematics, Statistics, Sociology, Surgery, Business, Physics, Philosophy"
Paul R. Ehrlich,N/A,I97018004,"Biology, Ecology, Geography, Medicine, Sociology, Economics, Geology, Political science, Philosophy, Demography, Environmental health, Population, Computer science, Paleontology, Law, Business, History, Physics"
David Swinbanks,N/A,I97018004,"Biology, Political science, Physics, Business, Computer science, Engineering"
Kenneth J. Arrow,N/A,I97018004,"Economics, Computer science, Mathematics, Political science, Law, Biology, Philosophy, Business, Mathematical economics, Microeconomics, Sociology, Programming language"
Lawrence Steinman,N/A,I97018004,"Medicine, Biology, Immunology, Genetics, Internal medicine, Psychology, Pathology, Chemistry, Biochemistry, Psychiatry, Immune system, Disease, Neuroscience, Multiple sclerosis, Endocrinology, Antibody, Gene, Antigen, Central nervous system, Inflammation, Experimental autoimmune encephalomyelitis"
N. Omodei,N/A,I97018004,"Physics, Quantum mechanics, Astrophysics, Astronomy, Optics, Nuclear physics, Condensed matter physics, Fermi Gamma-ray Space Telescope, Computer science, Engineering, Gamma ray, Galaxy, Chemistry, Telescope, Computer vision, Mathematics, Stars, Electrical engineering, Telecommunications"
H.‐S. Philip Wong,N/A,I97018004,"Physics, Engineering, Materials science, Quantum mechanics, Electrical engineering, Optoelectronics, Computer science, Chemistry, Nanotechnology, Voltage, Composite material, Organic chemistry, Mathematics, Electronic engineering, Physical chemistry, Transistor, Electrode, Chemical engineering, Operating system, Thermodynamics, Metallurgy, Layer (electronics), Biology, Optics, Telecommunications"
Thomas Jefferson,N/A,I97018004,"History, Political science, Computer science, Physics, Geography, Philosophy, Quantum mechanics, Thermodynamics, Art, Law"
Holden D. Brown,N/A,I97018004,"Psychology, Medicine, Biology, Computer science, Chemistry"
Li Fei-Fei,N/A,I97018004,"Computer science, Artificial intelligence, Mathematics, Machine learning, Philosophy, Psychology, Engineering, Physics, Biology, Computer vision, Programming language, Operating system, Linguistics, Statistics, Epistemology, Quantum mechanics, Economics, Cognitive psychology, Geography, Political science, Law, Pattern recognition (psychology), Management, Data mining"
T. Kailath,N/A,I97018004,"Computer science, Mathematics, Algorithm, Engineering, Physics, Statistics, Artificial intelligence, Electrical engineering, Quantum mechanics, Mathematical analysis, Programming language, Telecommunications, Computer vision, Economics, Electronic engineering, Applied mathematics, Philosophy, Chemistry, Geometry, Pure mathematics, Management, Biology"
Vibeke Strand,N/A,I97018004,"Medicine, Internal medicine, Biology, Pathology, Immunology, Rheumatoid arthritis, Surgery, Disease, Physical therapy, Psychology, Psychiatry, Alternative medicine, Arthritis, Mathematics, Randomized controlled trial, Bioinformatics, Radiology, Chemistry, Clinical trial, Dermatology, Nursing, Statistics, Biochemistry, Genetics, Placebo"
Emmanuel Mignot,N/A,I97018004,"Biology, Medicine, Psychology, Physics, Internal medicine, Neuroscience, Psychiatry, Geology, Pharmacology, Climatology, Chemistry, Oceanography, Environmental science, Ecology, Neurology, Geography, Genetics, Narcolepsy, Modafinil, Computer science, Biochemistry, Meteorology, Mathematics, Insomnia"
Garry P. Nolan,N/A,I97018004,"Biology, Genetics, Medicine, Chemistry, Biochemistry, Immunology, Internal medicine, Gene, Cell biology, Computational biology, Computer science, Pathology, Molecular biology, Cancer research, Cell, Immune system"
Marco Pavone,N/A,I97018004,"Computer science, Mathematics, Artificial intelligence, Engineering, Economics, Physics, Mathematical optimization, Machine learning, Statistics, Biology, Quantum mechanics, Programming language, Philosophy, Management, Algorithm, Robot, Operating system, Astronomy, Geometry, Mathematical analysis, Epistemology, Combinatorics"
Thomas C. Südhof,N/A,I97018004,"Biology, Chemistry, Genetics, Biochemistry, Medicine, Internal medicine, Cell biology, Psychology, Neuroscience, Endocrinology, Receptor, Membrane, Vesicle, Synaptic vesicle, Gene, Postsynaptic potential, Physics, Biophysics, Neurotransmission, Inhibitory postsynaptic potential"
S. M. Kahn,N/A,I97018004,"Physics, Quantum mechanics, Astronomy, Optics, Astrophysics, Computer science, Nuclear physics, Mathematics, Engineering, Chemistry, Organic chemistry, Materials science, Spectral line, Geometry, Atomic physics, Galaxy, Electrical engineering, Ion"
Yan Xu,N/A,I97018004,"Biology, Chemistry, Biochemistry, Organic chemistry, Physics, Genetics, Food science, Medicine, Nuclear magnetic resonance, Enzyme, Gene, Fermentation, Geology, Chromatography, Paleontology, Quantum mechanics, Engineering, Ecology, Bacteria, Internal medicine"
Euan A. Ashley,N/A,I97018004,"Medicine, Biology, Internal medicine, Chemistry, Biochemistry, Cardiology, Genetics, Gene, Pathology, Heart failure, Endocrinology, Computer science, Psychology, Mathematics, Radiology"
Hiromitsu Nakauchi,N/A,I97018004,"Biology, Genetics, Chemistry, Medicine, Biochemistry, Cell biology, Internal medicine, Gene, Stem cell, Immunology, Haematopoiesis, Pathology, Cancer research, In vitro, Molecular biology, Progenitor cell, Embryonic stem cell, Surgery"
Roger W. Romani,N/A,I97018004,"Physics, Astrophysics, Quantum mechanics, Astronomy, Optics, Computer science, Nuclear physics, Pulsar, Computer vision, Gamma ray, Mathematics, Chemistry, Galaxy, Stars, Neutron star, Engineering, Condensed matter physics, Physical chemistry, Fermi Gamma-ray Space Telescope, Polarization (electrochemistry)"
Tony F. Heinz,N/A,I97018004,"Physics, Materials science, Quantum mechanics, Chemistry, Engineering, Optics, Nanotechnology, Optoelectronics, Condensed matter physics, Organic chemistry, Chemical engineering, Composite material, Biology, Laser, Electrical engineering, Astronomy, Computer science, Biochemistry, Mathematics, Nuclear physics, Atomic physics, Physical chemistry, Graphene"
Mark A. Hlatky,N/A,I97018004,"Medicine, Internal medicine, Cardiology, Psychology, Psychiatry, Biology, Pathology, Surgery, Myocardial infarction, Mathematics, Statistics, Radiology, Coronary artery disease, Computer science"
Ian H. Gotlib,N/A,I97018004,"Psychology, Medicine, Biology, Psychiatry, Clinical psychology, Neuroscience, Cognition, Internal medicine, Economics, Developmental psychology, Social psychology, Endocrinology, Macroeconomics, Keynesian economics, Depression (economics), Psychotherapist, Computer science, Philosophy, Mood, Anxiety, Amygdala, Cognitive psychology, Sociology, Pathology, Radiology"
Parviz Moin,N/A,I97018004,"Physics, Mechanics, Thermodynamics, Geography, Meteorology, Engineering, Turbulence, Mathematics, Aerospace engineering, Computer science, Geometry, Quantum mechanics, Geology, Large eddy simulation, Reynolds number, Flow (mathematics), Materials science, Mathematical analysis, Classical mechanics, Statistical physics, Boundary layer"
Thomas J. Montine,N/A,I97018004,"Medicine, Internal medicine, Biology, Pathology, Disease, Psychology, Neuroscience, Chemistry, Biochemistry, Genetics, Endocrinology, Dementia, Psychiatry, Alzheimer's disease, Gene, Organic chemistry, Physics"
Russell A. Poldrack,N/A,I97018004,"Psychology, Computer science, Biology, Medicine, Neuroscience, Psychiatry, Cognitive psychology, Artificial intelligence, Cognition, Mathematics, Philosophy, Economics, Engineering, Statistics, Programming language, Radiology, Physics, Neuroimaging"
Maximilian Diehn,N/A,I97018004,"Medicine, Internal medicine, Biology, Genetics, Pathology, Oncology, Chemistry, Cancer, Biochemistry, Surgery, Cancer research, Radiology, Gene, Lung cancer, Immunology, Radiation therapy, Computer science, Mathematics"
S. Luitz,N/A,I97018004,"Physics, Particle physics, Nuclear physics, Quantum mechanics, Chemistry, Mathematics, Atomic physics, Hadron, Branching fraction, Meson, Electron–positron annihilation, Organic chemistry, Computer science, Biology, Geometry, Biochemistry"
Victor F. Froelicher,N/A,I97018004,"Medicine, Internal medicine, Cardiology, Biology, Psychology, Physical therapy, Psychiatry, Pathology, Radiology, Surgery, Endocrinology, Mathematics, Computer science, Statistics, Myocardial infarction"
Harry B. Greenberg,N/A,I97018004,"Medicine, Biology, Genetics, Immunology, Internal medicine, Pathology, Virology, Chemistry, Biochemistry, Virus, Gastroenterology, Diarrhea, Rotavirus, Gene, Antibody, Immune system, Antigen, Microbiology"
U. S. Inan,N/A,I97018004,"Physics, Quantum mechanics, Geology, Astronomy, Geophysics, Nuclear physics, Geography, Computer science, Engineering, Plasma, Magnetic field, Meteorology, Optics, Electron, Ionosphere, Magnetosphere, Thermodynamics, Telecommunications, Electrical engineering, Computational physics, Atmospheric sciences, Power (physics), Environmental science, Lightning (connector), Whistler"
Garry E. Gold,N/A,I97018004,"Medicine, Biology, Pathology, Radiology, Psychology, Internal medicine, Computer science, Physics, Magnetic resonance imaging, Mathematics, Surgery, Anatomy, Engineering, Neuroscience, Psychiatry, Alternative medicine, Artificial intelligence, Osteoarthritis, Disease"
T. Glanzman,N/A,I97018004,"Physics, Quantum mechanics, Nuclear physics, Particle physics, Chemistry, Mathematics, Computer science, Optics, Atomic physics, Hadron, Astrophysics, Astronomy, Organic chemistry, Branching fraction, Condensed matter physics, Fermi Gamma-ray Space Telescope, Electron–positron annihilation, Materials science, Meson"
George Eliot,N/A,I97018004,"History, Art, Computer science, Philosophy, Art history, Artificial intelligence, Psychology, Political science, Geography, George (robot)"
Howard Y. Chang,N/A,I97018004,"Biology, Genetics, Chemistry, Biochemistry, Gene, Medicine, Cell biology, Computational biology, Internal medicine, Gene expression, DNA, Transcription factor, Chromatin, RNA, Immunology, Cancer research, Cancer, Genome"
James M. Ford,N/A,I97018004,"Biology, Medicine, Genetics, Internal medicine, Cancer, Chemistry, Biochemistry, Gene, Oncology, Breast cancer, Pathology, Surgery, Cancer research, DNA"
Eric Sibley,N/A,I97018004,"Medicine, Biology, Internal medicine, Genetics, Chemistry, Computer science"
Hiroyuki Shimada,N/A,I97018004,"Medicine, Biology, Internal medicine, Genetics, Pathology, Chemistry, Biochemistry, Cell culture, Neuroblastoma, Cancer research, Immunology, Gene, Cancer, Cell biology, Psychology, Surgery, Physics, Oncology"
H. Marsiske,N/A,I97018004,"Physics, Particle physics, Nuclear physics, Quantum mechanics, Chemistry, Atomic physics, Mathematics, Hadron, Branching fraction, Meson, Electron–positron annihilation, Organic chemistry, Computer science, Materials science"
Rudolf H. Moos,N/A,I97018004,"Psychology, Medicine, Psychiatry, Clinical psychology, Biology, Psychotherapist, Political science, Law, Economics, Social psychology, Sociology, Computer science, Neuroscience, Internal medicine, Mathematics, Developmental psychology, Pathology, Philosophy"
Joseph M. DeSimone,N/A,I97018004,"Materials science, Chemistry, Physics, Engineering, Organic chemistry, Biology, Chemical engineering, Composite material, Quantum mechanics, Nanotechnology, Nuclear magnetic resonance, Polymer, Thermodynamics, Biochemistry, Medicine, Polymer chemistry, Computer science, Ecology, Genetics, Physical chemistry, Copolymer"
Philip S. Tsao,N/A,I97018004,"Medicine, Biology, Internal medicine, Chemistry, Biochemistry, Genetics, Gene, Endocrinology, Pathology, Cardiology, Surgery, Psychology, Radiology, Genotype, Psychiatry, Physics"
B.T. Khuri-Yakub,N/A,I97018004,"Physics, Materials science, Engineering, Quantum mechanics, Acoustics, Computer science, Electrical engineering, Medicine, Composite material, Radiology, Transducer, Optics, Ultrasonic sensor, Operating system, Chemistry, Piezoelectricity, Optoelectronics, Telecommunications, Capacitive sensing, Capacitive micromachined ultrasonic transducers, Organic chemistry, Nanotechnology, Metallurgy, Pathology, Thermodynamics"
Patrick Suppes,N/A,I97018004,"Computer science, Mathematics, Philosophy, Psychology, Epistemology, Physics, Artificial intelligence, Economics, Statistics, Quantum mechanics"
Od,N/A,I97018004,"Medicine, Optometry, Biology, Computer science, Psychology, Ophthalmology, Physics, Optics, Business, Engineering, Political science"
Jason Gotlib,N/A,I97018004,"Medicine, Biology, Internal medicine, Immunology, Pathology, Genetics, Bone marrow, Chemistry, Biochemistry, Cancer research, Surgery, Disease, Myelofibrosis, Oncology, Gastroenterology, Gene, Mast cell, Psychology, Systemic mastocytosis, Cell biology"
Sanjiv M. Narayan,N/A,I97018004,"Medicine, Internal medicine, Cardiology, Atrial fibrillation, Engineering, Aerospace engineering, Biology, Ablation, Computer science, Psychology, Physics, Catheter ablation, Mathematics"
Mykel J. Kochenderfer,N/A,I97018004,"Computer science, Mathematics, Artificial intelligence, Engineering, Machine learning, Statistics, Physics, Programming language, Biology, Operating system, Quantum mechanics, Economics, Philosophy, Mathematical optimization, Geography, Algorithm, Aerospace engineering, Political science, Law, Epistemology, Management, Markov process, Markov decision process"
Helena C. Kraemer,N/A,I97018004,"Medicine, Psychology, Psychiatry, Biology, Internal medicine, Mathematics, Pathology, Computer science, Statistics, Clinical psychology, Economics, Philosophy, Political science, Law"
David M. Maahs,N/A,I97018004,"Medicine, Biology, Endocrinology, Diabetes mellitus, Internal medicine, Type 2 diabetes, Type 1 diabetes, Pathology, Biotechnology, Insulin, Chemistry, Mathematics, Pediatrics, Psychology, Biochemistry, Sociology, Statistics, Computer science, Glycemic"
Jure Leskovec,N/A,I97018004,"Computer science, Mathematics, Artificial intelligence, Machine learning, Physics, Combinatorics, Theoretical computer science, Biology, Engineering, Statistics, Philosophy, Operating system, Political science, Programming language, Law, World Wide Web, Psychology, Quantum mechanics, Discrete mathematics, Graph, Economics, Data mining, Linguistics, Data science, Geography"
James D. Brooks,N/A,I97018004,"Medicine, Biology, Internal medicine, Genetics, Cancer, Prostate cancer, Pathology, Chemistry, Biochemistry, Prostate, Oncology, Computer science, Mathematics, Gene, Cancer research, Physics, Statistics, Surgery"
W. E. Moerner,N/A,I97018004,"Physics, Quantum mechanics, Chemistry, Optics, Materials science, Organic chemistry, Biology, Computer science, Engineering, Composite material, Optoelectronics, Mathematics, Nanotechnology, Medicine, Fluorescence, Biochemistry, Genetics, Molecule, Nuclear magnetic resonance, Biophysics, Laser, Astronomy, Artificial intelligence"
Keith O. Hodgson,N/A,I97018004,"Chemistry, Physics, Organic chemistry, Biology, Materials science, Quantum mechanics, Biochemistry, Crystallography, Optics, Metallurgy, Genetics, Nuclear magnetic resonance, Computer science, Enzyme, Inorganic chemistry, Absorption spectroscopy, Stereochemistry, Medicine, Composite material, Geology"
I. V. Moskalenko,N/A,I97018004,"Physics, Quantum mechanics, Astronomy, Astrophysics, Nuclear physics, Optics, Galaxy, Computer science, Cosmic ray, Gamma ray, Condensed matter physics, Fermi Gamma-ray Space Telescope, Computer vision, Stars, Engineering, Telescope, Materials science, Chemistry, Electron, Biology, Particle physics, Mathematics, Organic chemistry"
Trevor Hastie,N/A,I97018004,"Computer science, Mathematics, Statistics, Artificial intelligence, Machine learning, Biology, Medicine, Economics, Psychology, Philosophy, Programming language, Internal medicine, Physics, Econometrics, Chemistry, Algorithm, Genetics"
Steven A. Kivelson,N/A,I97018004,"Physics, Quantum mechanics, Condensed matter physics, Superconductivity, Materials science, Nuclear physics, Mathematics, Chemistry, Electron, Engineering, Organic chemistry, Optoelectronics, Thermodynamics, Doping, Particle physics, Quantum, Computer science, Optics, Composite material, Phase (matter)"
Stephen R. Quake,N/A,I97018004,"Biology, Chemistry, Genetics, Biochemistry, Medicine, Gene, Internal medicine, Physics, Computational biology, Cell biology, Gene expression, Computer science, Cell, Immunology, Materials science"
Hannes Vogel,N/A,I97018004,"Medicine, Biology, Internal medicine, Genetics, Chemistry, Biochemistry, Pathology, Psychology, Gene, Cancer research, Neuroscience, Surgery, Endocrinology, Immunology, Radiology, Cell biology, Psychiatry, Cancer"
Allison W. Kurian,N/A,I97018004,"Medicine, Biology, Internal medicine, Genetics, Cancer, Breast cancer, Oncology, Pathology, Sociology, Demography, Chemistry, Mathematics, Biochemistry, Surgery, Statistics, Environmental health, Gene, Population, Computer science, Gynecology, Political science, Law"
Uri Elkayam,N/A,I97018004,"Medicine, Internal medicine, Cardiology, Biology, Computer science, Heart failure, Library science, Editorial board, Genetics, Endocrinology, Surgery, Pathology, Anesthesia, Radiology"
Mark A. Musen,N/A,I97018004,"Computer science, Artificial intelligence, Philosophy, Engineering, World Wide Web, Operating system, Programming language, Information retrieval, Epistemology, Software engineering, Knowledge management, Ontology, Biology, Mathematics, Semantic Web, Linguistics, Medicine, Political science, Economics, Law, Data science, Process (computing), Domain knowledge, Data mining, Web service"
Alice S. Whittemore,N/A,I97018004,"Medicine, Biology, Internal medicine, Genetics, Cancer, Chemistry, Biochemistry, Pathology, Oncology, Mathematics, Gene, Statistics, Ovarian cancer, Sociology, Demography, Breast cancer, Computer science, Genotype, Environmental health, Single-nucleotide polymorphism, Gynecology, Population"
Allan L. Reiss,N/A,I97018004,"Psychology, Medicine, Biology, Psychiatry, Neuroscience, Internal medicine, Cognition, Radiology, Genetics, Endocrinology, Developmental psychology, Computer science, Chemistry, Clinical psychology, Biochemistry, Magnetic resonance imaging, Fragile X syndrome, Pathology, Cognitive psychology, Gene, Audiology"
M. D. Fayer,N/A,I97018004,"Physics, Quantum mechanics, Chemistry, Organic chemistry, Optics, Materials science, Biology, Molecule, Engineering, Chemical physics, Astronomy, Atomic physics, Laser, Biochemistry, Psychology, Computer science, Nuclear physics, Thermodynamics, Medicine, Molecular physics, Condensed matter physics, Physical chemistry, Mathematics, Spectroscopy, Chromatography"
Eric A. Hanushek,N/A,I97018004,"Economics, Political science, Mathematics, Psychology, Law, Philosophy, Sociology, Computer science, Business, Physics, Mathematics education, Epistemology, Economic growth, Biology, Quantum mechanics, Quality (philosophy), Statistics, Pedagogy, Medicine, Market economy"
J.M. Cioffi,N/A,I97018004,"Computer science, Engineering, Telecommunications, Computer network, Mathematics, Electrical engineering, Statistics, Channel (broadcasting), Algorithm, Physics, Electronic engineering, Decoding methods, Operating system, Quantum mechanics, Artificial intelligence, Wireless, Economics, Programming language, Optics, Estimator, Beamforming, Combinatorics"
Héctor García-Molina,N/A,I97018004,"Computer science, World Wide Web, Operating system, Programming language, Mathematics, Database, Engineering, Information retrieval, Artificial intelligence, Data mining, Computer network, Distributed computing, Political science, Philosophy, Law, Economics, Physics, Computer security, Biology"
Marcel Fafchamps,N/A,I97018004,"Economics, Business, Computer science, Political science, Mathematics, Law, Biology, Statistics, Sociology, Ecology, Medicine, Philosophy, Geography, Microeconomics, Psychology, Economic growth"
Bernd Girod,N/A,I97018004,"Computer science, Mathematics, Artificial intelligence, Engineering, Computer vision, Telecommunications, Statistics, Algorithm, Operating system, Physics, Computer network, Sociology, Social science, Coding (social sciences), Electrical engineering, Image (mathematics), Programming language, Computer security, Real-time computing, Philosophy, Quantum mechanics, Decoding methods, Biology, Psychology, Data compression"
P. F. Michelson,N/A,I97018004,"Physics, Quantum mechanics, Astrophysics, Astronomy, Nuclear physics, Gamma ray, Optics, Computer science, Condensed matter physics, Fermi Gamma-ray Space Telescope, Telescope, Galaxy, Computer vision, Engineering, Stars, Egret, Mathematics, Geography, Materials science"
Alan F. Schatzberg,N/A,I97018004,"Psychology, Medicine, Biology, Psychiatry, Internal medicine, Neuroscience, Endocrinology, Chemistry, Biochemistry, Clinical psychology, Economics, Genetics, Macroeconomics, Keynesian economics, Depression (economics), Cognition, Anxiety, Pathology, Social psychology, Hippocampus, Mood, Computer science, Receptor, Antidepressant, Pharmacology"
Graciela Chichilnisky,N/A,I97018004,"Economics, Mathematics, Business, Political science, Computer science, Law, Microeconomics, Biology, Mathematical economics, Philosophy, Engineering, Physics, Ecology, Geography, Macroeconomics, Finance"
Francis Fukuyama,N/A,I97018004,"Political science, Law, Economics, Sociology, Politics, History, Political economy, Philosophy, Computer science, Development economics, Geography"
Mark D. Zoback,N/A,I97018004,"Geology, Engineering, Biology, Paleontology, Physics, Seismology, Geotechnical engineering, Materials science, Composite material, Thermodynamics, Quantum mechanics, Petroleum engineering, Philosophy, Chemistry, Geography, Linguistics, Stress (linguistics), Mathematics, Petrology, Fault (geology), Tectonics, Metallurgy, Civil engineering"
Krzysztof J. Gorgolewski,N/A,I97018004,"Computer science, Engineering, Psychology, Economics, Management, Systems engineering, Task (project management), Biology, Medicine, Neuroscience, Psychiatry, Cognition, Cognitive psychology, Functional connectivity, Connectome, Social psychology, Psychoanalysis, Personality, Programming language"
P. H. Bucksbaum,N/A,I97018004,"Physics, Quantum mechanics, Optics, Chemistry, Atomic physics, Laser, Organic chemistry, Engineering, Materials science, Nuclear physics, Computer science, Ion, Electrical engineering, Mathematics, Ionization, Electron, Ultrashort pulse, Optoelectronics, Astronomy"
Karl Deisseroth,N/A,I97018004,"Biology, Psychology, Neuroscience, Medicine, Internal medicine, Chemistry, Endocrinology, Biochemistry, Genetics, Optogenetics, Computer science, Psychiatry, Receptor, Physics, Central nervous system, Stimulation, Gene, Cell biology"
Uta Francke,N/A,I97018004,"Biology, Genetics, Chemistry, Biochemistry, Gene, Medicine, Molecular biology, Chromosome, Internal medicine"
Laura Weiss Roberts,N/A,I97018004,"Medicine, Psychology, Political science, Law, Psychiatry, Biology, Medical education, Economics, Computer science, Sociology, Psychotherapist, Engineering, Economic growth, Philosophy, Pathology"
Robert L. Koegel,N/A,I97018004,"Psychology, Medicine, Psychiatry, Computer science, Developmental psychology, Autism, Biology, Philosophy"
Jason Lee,N/A,I97018004,"Biology, Medicine, Internal medicine, Physics, Chemistry, Computer science, Engineering, Mathematics, Pathology, Geology, Psychology, Biochemistry, Geography, Economics, Genetics, Quantum mechanics, Political science, Ecology, Surgery"
Mark A. Lemley,N/A,I97018004,"Political science, Law, Computer science, Business, Economics, Operating system, Sociology, Law and economics, Intellectual property, Philosophy, Biology, Epistemology"
­Abby C. King,N/A,I97018004,"Medicine, Psychology, Pathology, Physical therapy, Biology, Gerontology, Nursing, Internal medicine, Psychiatry, Physical medicine and rehabilitation, Sociology, Political science, Physical activity, Law, Computer science, Mathematics, Environmental health, Economics, Demography, Psychological intervention, Physics, Statistics, Endocrinology, Surgery, Psychotherapist"
Peter W. Glynn,N/A,I97018004,"Computer science, Mathematics, Statistics, Physics, Economics, Applied mathematics, Mathematical optimization, Programming language, Mathematical analysis, Engineering, Quantum mechanics, Machine learning, Algorithm, Biology, Operating system, Artificial intelligence, Computer network, Business, Estimator, Markov chain, Statistical physics, Geometry, Chemistry"
Nicholas Bloom,N/A,I97018004,"Economics, Business, Political science, Computer science, Mathematics, Law, Macroeconomics, Engineering, Physics, Medicine, Biology, Economic growth, Geography, Quantum mechanics, Finance, Statistics"
Kenneth E. Goodson,N/A,I97018004,"Physics, Materials science, Quantum mechanics, Thermodynamics, Engineering, Composite material, Chemistry, Nanotechnology, Organic chemistry, Geography, Meteorology, Electrical engineering, Optoelectronics, Thermal, Mechanics, Metallurgy, Thermal conductivity, Optics, Computer science, Mechanical engineering, Mathematics, Heat transfer, Condensed matter physics, Biology, Physical chemistry"
I. R. Fisher,N/A,I97018004,"Physics, Quantum mechanics, Condensed matter physics, Materials science, Chemistry, Optics, Superconductivity, Engineering, Mathematics, Organic chemistry, Crystallography, Thermodynamics, Optoelectronics, Nuclear physics, Geometry, Electrical engineering"
Charbel Farhat,N/A,I97018004,"Computer science, Mathematics, Physics, Engineering, Thermodynamics, Quantum mechanics, Structural engineering, Algorithm, Finite element method, Mechanics, Applied mathematics, Mathematical analysis, Mathematical optimization, Aerospace engineering, Geometry, Programming language, Nonlinear system, Operating system, Geography, Artificial intelligence, Biology"
James Zou,N/A,I97018004,"Computer science, Artificial intelligence, Biology, Mathematics, Machine learning, Medicine, Philosophy, Chemistry, Psychology, Statistics, Genetics, Physics, Biochemistry, Economics, Engineering, Gene, Linguistics, Political science, Programming language, Law, Internal medicine, Epistemology"
G. S. Kino,N/A,I97018004,"Physics, Quantum mechanics, Optics, Materials science, Engineering, Computer science, Electrical engineering, Optoelectronics, Mathematics, Chemistry, Composite material, Acoustics, Telecommunications, Organic chemistry, Medicine, Geometry, Biology, Electronic engineering"
Steven G. Boxer,N/A,I97018004,"Chemistry, Biology, Physics, Biochemistry, Organic chemistry, Quantum mechanics, Genetics, Photochemistry, Optics, Materials science, Gene, Nuclear magnetic resonance, Physical chemistry, Biophysics, Membrane, Fluorescence, Medicine, Computer science, Atomic physics, Nuclear physics, Astronomy, Molecule"
Paul A. Wender,N/A,I97018004,"Chemistry, Biology, Organic chemistry, Biochemistry, Physics, Stereochemistry, Genetics, Materials science, Combinatorial chemistry, Catalysis, Medicine, Nuclear magnetic resonance, Quantum mechanics, Gene, Computer science, Cell biology"
Kevin A. Schulman,N/A,I97018004,"Medicine, Internal medicine, Biology, Economics, Political science, Law, Pathology, Psychology, Business, Mathematics, Computer science, Economic growth, Psychiatry, Surgery, Health care, Statistics, Nursing, Sociology, Family medicine"
Daniel L. Rubin,N/A,I97018004,"Computer science, Medicine, Artificial intelligence, Biology, Internal medicine, Mathematics, Radiology, Psychology, Genetics, Physics, Machine learning, Pathology, Philosophy, Statistics, Computer vision, Engineering, Chemistry, Cognitive psychology, Programming language, Linguistics, Cancer, Pattern recognition (psychology)"
Edith V. Sullivan,N/A,I97018004,"Medicine, Biology, Psychology, Neuroscience, Psychiatry, Internal medicine, Radiology, Pathology, Cognition, Magnetic resonance imaging, Chemistry, Computer science, Endocrinology, Biochemistry, Organic chemistry, Audiology, White matter, Cognitive psychology"
Alan G. MacDiarmid,N/A,I97018004,"Chemistry, Physics, Materials science, Organic chemistry, Quantum mechanics, Composite material, Nuclear magnetic resonance, Polymer, Engineering, Optoelectronics, Condensed matter physics, Physical chemistry, Doping, Polymerization, Polyaniline, Metallurgy, Electrode, Biology, Chemical engineering, Electrical engineering, Optics, Polymer chemistry, Nanotechnology, Computer science"
K. Christopher García,N/A,I97018004,"Biology, Chemistry, Genetics, Medicine, Biochemistry, Internal medicine, Cell biology, Immunology, Gene, Receptor, Immune system, Physics, Signal transduction, Antigen, T cell, Nuclear magnetic resonance, Computational biology"
Joel W. Neal,N/A,I97018004,"Medicine, Internal medicine, Biology, Genetics, Pathology, Oncology, Lung cancer, Cancer, Chemistry, Biochemistry, Surgery, Cancer research, Receptor, Gene, Chemotherapy, Bioinformatics, Immunology, Epidermal growth factor receptor, Radiology"
Herbert S. Klein,N/A,I97018004,"Political science, History, Geography, Economics, Law, Philosophy, Sociology, Art, Computer science, Archaeology"
Paul S. Mischel,N/A,I97018004,"Biology, Genetics, Medicine, Chemistry, Biochemistry, Cancer research, Internal medicine, Gene, Cell biology, Cancer, Apoptosis, Signal transduction, Pathology, DNA"
Daniel Bernstein,N/A,I97018004,"Medicine, Internal medicine, Biology, Genetics, Cardiology, Chemistry, Biochemistry, Surgery, Heart failure, Pathology, Endocrinology, Psychology, Gene, Physics"
Thomas Quertermous,N/A,I97018004,"Biology, Genetics, Medicine, Chemistry, Biochemistry, Internal medicine, Gene, Endocrinology, Pathology, Cell biology, Cardiology, Gene expression, Psychology, Receptor, Genotype"
Noriyuki Sato,N/A,I97018004,"Biology, Medicine, Genetics, Chemistry, Biochemistry, Internal medicine, Immunology, Cancer research, Gene, Cancer, Immune system, Antigen, In vitro, Pathology, Cell biology, CD8, Cytotoxic T cell, Physics, Molecular biology"
Christopher B. Field,N/A,I97018004,"Biology, Ecology, Environmental science, Geology, Physics, Geography, Chemistry, Oceanography, Organic chemistry, Computer science, Agronomy, Botany, Climate change, Ecosystem, Economics, Quantum mechanics, Mathematics, History, Medicine, Engineering, Archaeology"
Matt van de Rijn,N/A,I97018004,"Biology, Medicine, Internal medicine, Genetics, Pathology, Chemistry, Biochemistry, Cancer research, Gene, Immunology, Cancer, Stromal cell, Surgery, Immunohistochemistry, Oncology, Radiology"
Samuel Karlin,N/A,I97018004,"Mathematics, Biology, Computer science, Chemistry, Genetics, Biochemistry, Gene, Statistics, Medicine, Physics, Evolutionary biology, Economics, Mathematical analysis, Machine learning, Artificial intelligence"
I. Ofte,N/A,I97018004,"Physics, Particle physics, Nuclear physics, Quantum mechanics, Chemistry, Mathematics, Atomic physics, Hadron, Branching fraction, Organic chemistry, Electron–positron annihilation, Meson, Chromatography, Geometry, Biology, Biochemistry, Environmental chemistry, Analytical Chemistry (journal), Computer science, Pi"
Anshul Kundaje,N/A,I97018004,"Biology, Genetics, Chemistry, Biochemistry, Gene, Computer science, Computational biology, Medicine, Gene expression, DNA, Transcription factor, Internal medicine, Genome"
Holden T. Maecker,N/A,I97018004,"Biology, Medicine, Genetics, Immunology, Internal medicine, Immune system, Chemistry, Biochemistry, Pathology, Antigen, Gene, Molecular biology, Virology, Cancer, CD8, Antibody, T cell"
Ash A. Alizadeh,N/A,I97018004,"Biology, Medicine, Genetics, Internal medicine, Pathology, Immunology, Chemistry, Biochemistry, Oncology, Cancer research, Cancer, Gene, Lymphoma, Surgery, Immune system, Antibody, Computational biology, Chemotherapy"
Tapan Mukerji,N/A,I97018004,"Geology, Physics, Computer science, Engineering, Mathematics, Biology, Paleontology, Geotechnical engineering, Artificial intelligence, Quantum mechanics, Materials science, Geography, Statistics, Chemistry, Seismology, Optics, Composite material, Geomorphology, Geometry, Machine learning, Structural basin, Organic chemistry, Geophysics, Petroleum engineering"
Linda Darling‐Hammond,N/A,I97018004,"Psychology, Political science, Sociology, Mathematics, Pedagogy, Mathematics education, Law, Economics, Computer science, Medicine, Economic growth, Philosophy, Medical education, Business, Physics, Public relations, Engineering"
Sanjiva K. Lele,N/A,I97018004,"Physics, Mechanics, Thermodynamics, Engineering, Geography, Aerospace engineering, Meteorology, Turbulence, Quantum mechanics, Computer science, Mathematics, Acoustics, Geology, Materials science, Classical mechanics, Geometry, Mechanical engineering, Medicine, Artificial intelligence"
Eric Pop,N/A,I97018004,"Physics, Materials science, Quantum mechanics, Engineering, Chemistry, Nanotechnology, Optoelectronics, Electrical engineering, Composite material, Organic chemistry, Thermodynamics, Chemical engineering, Biology, Condensed matter physics, Computer science, Physical chemistry, Voltage, Mathematics, Optics, Metallurgy, Transistor, Geography, Engineering physics, Graphene, Layer (electronics)"
Mark Cappelli,N/A,I97018004,"Physics, Quantum mechanics, Engineering, Nuclear physics, Materials science, Chemistry, Plasma, Organic chemistry, Optics, Thermodynamics, Aerospace engineering, Atomic physics, Electrical engineering, Computer science, Mathematics, Mechanics, Optoelectronics, Ion, Electron, Physical chemistry, Biology, Composite material, Geography"
Andrea Montanari,N/A,I97018004,"Mathematics, Computer science, Statistics, Physics, Algorithm, Artificial intelligence, Combinatorics, Quantum mechanics, Engineering, Mathematical analysis, Philosophy, Discrete mathematics, Machine learning, Chemistry, Programming language, Theoretical computer science, Geometry, Epistemology, Telecommunications, Pure mathematics, Mathematical optimization, Economics, Applied mathematics, Biology"
Carl Wieman,N/A,I97018004,"Physics, Quantum mechanics, Computer science, Engineering, Mathematics, Atomic physics, Psychology, Optics, Chemistry, Mathematics education, Organic chemistry, Materials science, Sociology, Geography, Pedagogy, Laser, Nuclear physics"
Cornelia M. Weyand,N/A,I97018004,"Medicine, Biology, Immunology, Genetics, Internal medicine, Chemistry, Biochemistry, Immune system, Pathology, Cell biology, Antigen, Disease, T cell, Gene, In vitro, Inflammation, Endocrinology, Cytotoxic T cell, Antibody"
Axel T. Brünger,N/A,I97018004,"Chemistry, Biology, Biochemistry, Genetics, Physics, Medicine, Computer science, Organic chemistry, Quantum mechanics, Internal medicine, Cell biology, Membrane, Crystallography, Nuclear magnetic resonance, Biophysics, Mathematics, Philosophy, Immunology, Gene, Materials science, Vesicle, Endocrinology, Linguistics, Virology, Engineering"
Ingram Olkin,N/A,I97018004,"Mathematics, Computer science, Statistics, Medicine, Economics, Physics, Machine learning, Econometrics, Internal medicine, Biology, Mathematical analysis, Quantum mechanics, Philosophy"
Henry Taube,N/A,I97018004,"Chemistry, Organic chemistry, Biology, Computer science, Biochemistry, Physics, Materials science, Quantum mechanics, Political science, Law, World Wide Web, Library science, Citation, Catalysis, Information retrieval, Programming language, Metallurgy, Medicinal chemistry, Inorganic chemistry, Ruthenium, Icon, Social media, Data science, Altmetrics"
H. A. Zebker,N/A,I97018004,"Geology, Physics, Geography, Computer science, Remote sensing, Engineering, Astronomy, Quantum mechanics, Aerospace engineering, Biology, Optics, Telecommunications, Artificial intelligence, Computer vision, Synthetic aperture radar, Radar, Interferometry, Interferometric synthetic aperture radar, Geodesy, Mathematics, Astrobiology, Paleontology, Meteorology, Oceanography, Radar imaging"
Leanne M. Williams,N/A,I97018004,"Psychology, Medicine, Biology, Psychiatry, Neuroscience, Clinical psychology, Cognition, Internal medicine, Computer science, Endocrinology, Social psychology, Cognitive psychology, Anxiety, Economics, Radiology, Developmental psychology, Pathology, Macroeconomics, Keynesian economics, Depression (economics), Psychotherapist, Audiology, Philosophy, Chemistry, Amygdala"
Todd J. Martı́nez,N/A,I97018004,"Physics, Quantum mechanics, Chemistry, Organic chemistry, Molecule, Atomic physics, Biology, Nuclear physics, Mathematics, Materials science, Computational chemistry, Computer science, Engineering, Excited state, Biochemistry, Optics, Ab initio, Geometry, Photochemistry, Composite material, Classical mechanics, Chemical physics, Catalysis"
Gary L. Darmstadt,N/A,I97018004,"Medicine, Biology, Pathology, Sociology, Internal medicine, Genetics, Economics, Environmental health, Pediatrics, Psychology, Political science, Demography, Law, Economic growth, Nursing, Population, Mathematics, Psychiatry, Pregnancy, Surgery, Statistics, Ecology, Geography, Chemistry"
James P. Collman,N/A,I97018004,"Chemistry, Organic chemistry, Biology, Biochemistry, Physics, Materials science, Quantum mechanics, Catalysis, Photochemistry, Metallurgy, Computer science, Stereochemistry, Library science, Political science, Law, Porphyrin, World Wide Web, Citation, Nuclear magnetic resonance, Inorganic chemistry, Information retrieval"
Maarten G. Lansberg,N/A,I97018004,"Medicine, Internal medicine, Physics, Engineering, Thermodynamics, Psychology, Mechanical engineering, Aerospace engineering, Stroke (engine), Cardiology, Psychiatry, Radiology, Surgery, Pathology, Biology, Ischemia, Mathematics, Statistics, Perfusion, Nuclear medicine, Ischemic stroke, Computer science, Perfusion scanning, Magnetic resonance imaging, Myocardial infarction"
Richard M. Martin,N/A,I97018004,"Physics, Quantum mechanics, Chemistry, Organic chemistry, Materials science, Mathematics, Condensed matter physics, Computer science, Engineering, Nuclear physics, Atomic physics, Electron, Optics, Optoelectronics"
Billy W. Loo,N/A,I97018004,"Medicine, Internal medicine, Radiology, Surgery, Biology, Radiation therapy, Pathology, Oncology, Nuclear medicine, Genetics, Lung cancer, Mathematics, Physics, Cancer, Chemistry, Computer science, Psychology, Geology, Statistics, Paleontology, Philosophy, Economics, Stage (stratigraphy), Linguistics"
V. Petrosian,N/A,I97018004,"Physics, Quantum mechanics, Astrophysics, Astronomy, Nuclear physics, Optics, Electron, Computer science, Engineering, Galaxy, Classical mechanics, Magnetic field, Plasma, Solar flare, Acceleration, Mathematics, Aerospace engineering"
John S. Witte,N/A,I97018004,"Biology, Genetics, Medicine, Chemistry, Internal medicine, Biochemistry, Gene, Cancer, Genotype, Single-nucleotide polymorphism, Mathematics, Pathology, Prostate cancer, Oncology, Sociology, Computer science, Statistics, Demography, Environmental health, Genome-wide association study, Population"
Thomas F. Jaramillo,N/A,I97018004,"Chemistry, Physics, Quantum mechanics, Organic chemistry, Materials science, Biology, Physical chemistry, Engineering, Biochemistry, Electrode, Catalysis, Electrochemistry, Chemical engineering, Metallurgy, Nanotechnology, Inorganic chemistry, Composite material, Electrolyte, Computer science, Mathematics"
R. Messner,N/A,I97018004,"Physics, Particle physics, Nuclear physics, Quantum mechanics, Mathematics, Chemistry, Hadron, Atomic physics, Branching fraction, Electron–positron annihilation, Meson, Organic chemistry, Computer science, Geometry, Biology"
Robert M. Sapolsky,N/A,I97018004,"Biology, Medicine, Psychology, Internal medicine, Chemistry, Neuroscience, Genetics, Biochemistry, Endocrinology, Psychiatry, Gene, Immunology, Receptor, Hippocampal formation"
Mark Horowitz,N/A,I97018004,"Computer science, Engineering, Physics, Electrical engineering, Operating system, Mathematics, Electronic engineering, Programming language, Telecommunications, Quantum mechanics, Materials science, Embedded system, Computer hardware, Optoelectronics, Computer network, Parallel computing, Biology, Artificial intelligence, CMOS, Algorithm, Statistics, Voltage, Chemistry, Mechanical engineering, Thermodynamics"
Adolf Pfefferbaum,N/A,I97018004,"Medicine, Biology, Psychology, Neuroscience, Psychiatry, Internal medicine, Radiology, Pathology, Cognition, Magnetic resonance imaging, Computer science, Chemistry, Endocrinology, Biochemistry, Audiology, Organic chemistry, Cognitive psychology"
Brian K. Kobilka,N/A,I97018004,"Chemistry, Biology, Biochemistry, Genetics, Medicine, Internal medicine, Receptor, Cell biology, Physics, Signal transduction, G protein-coupled receptor, Organic chemistry, Agonist, Biophysics, Endocrinology, Nuclear magnetic resonance, Gene, Psychology, Enzyme, Neuroscience"
J. Dorfan,N/A,I97018004,"Physics, Particle physics, Nuclear physics, Quantum mechanics, Atomic physics, Chemistry, Hadron, Mathematics, Branching fraction, Meson, Electron–positron annihilation, Organic chemistry, Computer science"
Joshua A. Salomon,N/A,I97018004,"Medicine, Pathology, Internal medicine, Biology, Environmental health, Sociology, Demography, Economics, Mathematics, Population, Political science, Law, Nursing, Computer science, Statistics, Virology, Disease, Psychology, Immunology, Public health, Engineering, Economic growth, Business, Physics, Genetics"
James Dunn,N/A,I97018004,"Chemistry, Physics, Medicine, Biology, Quantum mechanics, Internal medicine, Materials science, Optics, Biochemistry, Engineering, Genetics, Laser, Nuclear physics, Surgery, Organic chemistry, Computer science, Endocrinology, Plasma, Cell biology, Pathology, Atomic physics"
Dolores Gallagher‐Thompson,N/A,I97018004,"Psychology, Medicine, Psychiatry, Clinical psychology, Psychotherapist, Internal medicine, Economics, Pathology, Biology, Gerontology, Political science, Law, Nursing, Disease, Sociology, Neuroscience, Macroeconomics, Keynesian economics, Depression (economics), Dementia, Computer science, Cognition, Philosophy"
Harold Y. Hwang,N/A,I97018004,"Physics, Materials science, Quantum mechanics, Chemistry, Condensed matter physics, Engineering, Optoelectronics, Organic chemistry, Electrical engineering, Nanotechnology, Optics, Composite material, Biology, Metallurgy, Computer science, Chemical engineering, Superconductivity, Thermodynamics, Nuclear physics, Mathematics, Biochemistry"
Joshua A. Fishman,N/A,I97018004,"Philosophy, Sociology, Linguistics, Political science, Psychology, Computer science, Law, History, Mathematics, Geography"
Gary H. Glover,N/A,I97018004,"Medicine, Biology, Psychology, Computer science, Radiology, Physics, Neuroscience, Psychiatry, Engineering, Artificial intelligence, Optics, Mathematics, Internal medicine, Functional magnetic resonance imaging, Quantum mechanics, Magnetic resonance imaging, Cognitive psychology, Computer vision, Chemistry, Nuclear magnetic resonance, Cognition, Electrical engineering, Materials science"
Themistocles L. Assimes,N/A,I97018004,"Biology, Medicine, Internal medicine, Genetics, Chemistry, Biochemistry, Gene, Pathology, Genotype, Endocrinology, Cardiology, Psychology, Single-nucleotide polymorphism, Sociology, Psychiatry, Demography, Mathematics, Genome-wide association study, Bioinformatics, Disease, Statistics, Environmental health, Computational biology, Coronary artery disease, Population"
David B. Lobell,N/A,I97018004,"Biology, Geography, Ecology, Environmental science, Geology, Physics, History, Oceanography, Archaeology, Engineering, Economics, Agronomy, Agriculture, Computer science, Climate change, Materials science, Composite material, Mathematics, Forestry, Thermodynamics, Remote sensing, Metallurgy, Yield (engineering), Crop, Meteorology"
Lubert Stryer,N/A,I97018004,"Chemistry, Biology, Biochemistry, Genetics, Physics, Organic chemistry, Medicine, Computer science, Nuclear magnetic resonance, Enzyme, Internal medicine, Quantum mechanics"
Thomas D. Rossing,N/A,I97018004,"Physics, Acoustics, Quantum mechanics, Engineering, Computer science, Mathematics, Materials science, Optics, Art, Geology, Electrical engineering, Vibration, Composite material, Chemistry, History, Philosophy, Literature, Thermodynamics, Visual arts, Mechanical engineering, Oceanography, Psychology, Biology"
David A. Solomon,N/A,I97018004,"Medicine, Biology, Genetics, Internal medicine, Chemistry, Biochemistry, Pathology, Cancer research, Gene, Psychology, Surgery, Psychiatry, Cancer, Glioma, Neuroscience"
Kevin Lee,N/A,I97018004,"Computer science, Engineering, Physics, Biology, Quantum mechanics, Artificial intelligence, Operating system, Chemistry, Mathematics, Medicine, Economics, Programming language, Electrical engineering, Genetics, Management, Biochemistry, Geography"
Michael C. Frank,N/A,I97018004,"Psychology, Computer science, Philosophy, Mathematics, Artificial intelligence, Linguistics, Biology, Cognitive psychology, Medicine, Physics, Epistemology, Statistics, Political science, Neuroscience, Law, Sociology, Natural language processing, Programming language, Geography, Developmental psychology"
Anthony R. Kovscek,N/A,I97018004,"Engineering, Geology, Chemistry, Physics, Organic chemistry, Materials science, Biology, Composite material, Thermodynamics, Geotechnical engineering, Quantum mechanics, Chemical engineering, Petroleum engineering, Paleontology, Waste management, Porosity, Computer science, Mathematics, Geography, Mechanics, Biochemistry, Porous medium, Physical chemistry, Genetics, Membrane"
Craig S. Levin,N/A,I97018004,"Computer science, Physics, Optics, Engineering, Electrical engineering, Telecommunications, Detector, Quantum mechanics, Artificial intelligence, Materials science, Medicine, Computer vision, Programming language, Optoelectronics, Nuclear medicine, Scintillator, Radiology, Mathematics, Biology, Psychology, Neuroscience, Electronic engineering, Chemistry, Positron emission tomography, Image resolution"
Paul G. Fisher,N/A,I97018004,"Medicine, Biology, Genetics, Internal medicine, Pathology, Psychology, Surgery, Pediatrics, Psychiatry, Chemistry, Radiology, Biochemistry, Cancer research, Neuroscience, Gene"
Arun Majumdar,N/A,I97018004,"Physics, Materials science, Quantum mechanics, Engineering, Thermodynamics, Nanotechnology, Chemistry, Composite material, Organic chemistry, Optoelectronics, Electrical engineering, Optics, Thermal conductivity, Biology, Computer science, Geography, Mathematics, Condensed matter physics, Chemical engineering, Physical chemistry, Meteorology, Metallurgy, Thermal"
Chaitan Khosla,N/A,I97018004,"Chemistry, Biology, Biochemistry, Genetics, Organic chemistry, Physics, Nuclear magnetic resonance, Enzyme, Gene, Biosynthesis, Polyketide, Stereochemistry, Medicine, Polyketide synthase, Internal medicine, Geology, Computational biology, Computer science, Pathology"
Keith Humphreys,N/A,I97018004,"Medicine, Psychology, Psychiatry, Political science, Biology, Law, Internal medicine, Economics, Psychotherapist, Nursing, Pathology, Computer science, Chemistry, Sociology, Biochemistry, Mathematics, Clinical psychology, Neuroscience, Economic growth, Philosophy"
Derrick C. Wan,N/A,I97018004,"Medicine, Biology, Genetics, Chemistry, Internal medicine, Biochemistry, Pathology, Surgery, Cell biology, Anatomy, Endocrinology, Immunology, In vitro, Gene, Cancer research, Psychology, Stem cell"
Matthew Bogyo,N/A,I97018004,"Biology, Chemistry, Genetics, Biochemistry, Physics, Organic chemistry, Medicine, Nuclear magnetic resonance, Enzyme, Cell biology, Internal medicine, Gene, Immunology, Proteases, Pathology, Protease, Computational biology, Cysteine, Computer science"
Guido W. Imbens,N/A,I97018004,"Mathematics, Computer science, Economics, Statistics, Econometrics, Medicine, Machine learning, Artificial intelligence, Philosophy, Pathology, Estimator, Epistemology, Physics, Internal medicine, Psychology, Biology, Engineering, Inference"
Gianluca Iaccarino,N/A,I97018004,"Physics, Mathematics, Thermodynamics, Engineering, Mechanics, Computer science, Geography, Aerospace engineering, Meteorology, Quantum mechanics, Turbulence, Geometry, Mathematical analysis, Statistics, Geology, Machine learning, Computational fluid dynamics, Mathematical optimization, Materials science, Flow (mathematics), Applied mathematics, Biology"
Stefano Ermon,N/A,I97018004,"Computer science, Artificial intelligence, Mathematics, Machine learning, Philosophy, Physics, Statistics, Engineering, Biology, Linguistics, Algorithm, Programming language, Psychology, Quantum mechanics, Economics, Epistemology, Operating system, Computer vision, Geography, Mathematical analysis, Political science, Law, Geology, Generative grammar"
Jeremy Dahl,N/A,I97018004,"Physics, Quantum mechanics, Engineering, Chemistry, Computer science, Materials science, Optics, Acoustics, Organic chemistry, Medicine, Biology, Mathematics, Radiology, Artificial intelligence, Computer vision, Telecommunications, Statistics, Molecule, Electrical engineering, Ultrasound, Geology"
A. M. Boyarski,N/A,I97018004,"Physics, Particle physics, Nuclear physics, Quantum mechanics, Atomic physics, Hadron, Mathematics, Chemistry, Branching fraction, Electron–positron annihilation, Meson, Organic chemistry, Computer science, Materials science"
Alexandria B. Boehm,N/A,I97018004,"Biology, Environmental science, Engineering, Medicine, Chemistry, Ecology, Genetics, Geology, Environmental engineering, Biochemistry, Waste management, Pathology, Virology, Physics, Internal medicine, Paleontology, Gene, Geography, Wastewater, Microbiology, Computer science, Immunology, Water quality"
Bayard Q. Morgan,N/A,I97018004,"Philosophy, Art, Computer science, History, Political science, Linguistics"
W. E. Spicer,N/A,I97018004,"Physics, Quantum mechanics, Materials science, Chemistry, Organic chemistry, Engineering, Condensed matter physics, Optoelectronics, Nuclear physics, Metallurgy, Electron, Electrical engineering, Optics, Atomic physics, Composite material, Chemical engineering, Nanotechnology, Astronomy, Biology, Nuclear magnetic resonance, Physical chemistry, X-ray photoelectron spectroscopy, Spectral line, Chromatography, Environmental chemistry"
Dan Boneh,N/A,I97018004,"Computer science, Computer security, Mathematics, Operating system, Computer network, Programming language, Algorithm, Encryption, Theoretical computer science, Cryptography, Public-key cryptography, Biology, Engineering, Physics, Political science, Law, Mathematical analysis, Statistics, Philosophy, Ecology, World Wide Web, Geometry"
Philip G. Zimbardo,N/A,I97018004,"Psychology, Philosophy, Political science, Computer science, Social psychology, Sociology, Medicine, Art, Law, Biology"
W. Stewart Agras,N/A,I97018004,"Psychology, Medicine, Psychiatry, Clinical psychology, Internal medicine, Biology, Pathology, Eating disorders, Endocrinology, Psychotherapist, Obesity, Computer science, Bulimia nervosa, Social psychology, Neuroscience, Political science, Anxiety, Law, Surgery, Binge eating"
Dena M Bravata,N/A,I97018004,"Medicine, Computer science, Internal medicine, Data mining, Database, Biology, Table (database), Psychology, Pathology, Mathematics"
Ferid Murad,N/A,I97018004,"Medicine, Biology, Chemistry, Internal medicine, Biochemistry, Endocrinology, Genetics, Organic chemistry, Physics, Nitric oxide, Nuclear magnetic resonance, Enzyme, Psychology, Receptor, Cell biology, Neuroscience, Guanylate cyclase, Gene, Cyclic gmp, Stimulation"
Peter M. Vitousek,N/A,I97018004,"Biology, Ecology, Environmental science, Geology, Chemistry, Organic chemistry, Geography, Ecosystem, Physics, Botany, History, Nutrient, Agronomy, Archaeology, Paleontology, Soil science, Soil water, Quantum mechanics, Engineering, Nitrogen, Oceanography, Materials science, Environmental chemistry, Medicine"
L.G. Kazovsky,N/A,I97018004,"Computer science, Engineering, Telecommunications, Physics, Optics, Quantum mechanics, Electrical engineering, Computer network, Materials science, Optoelectronics, Electronic engineering, Mathematics, Wavelength, Laser, Wavelength-division multiplexing, Statistics, Operating system, Optical fiber, Bandwidth (computing), Chemistry, Organic chemistry, Acoustics, Channel (broadcasting), CMOS, Optical amplifier"
Scott L. Delp,N/A,I97018004,"Medicine, Biology, Computer science, Physics, Physical medicine and rehabilitation, Anatomy, Surgery, Physical therapy, Engineering, Psychology, Pathology, Quantum mechanics, Physiology, Classical mechanics, Internal medicine, Artificial intelligence, Mathematics, Radiology, Psychiatry, Neuroscience, Kinematics, Gait, Thermodynamics, Orthodontics"
P. R. Burchat,N/A,I97018004,"Physics, Particle physics, Nuclear physics, Quantum mechanics, Chemistry, Mathematics, Atomic physics, Hadron, Branching fraction, Meson, Organic chemistry, Electron–positron annihilation, Geometry, Biology, Computer science, Materials science, Biochemistry"
L. Tompkins,N/A,I97018004,"Physics, Quantum mechanics, Particle physics, Nuclear physics, Large Hadron Collider, Biology, Geology, Computer science, Medicine, Paleontology, Anatomy, Atlas (anatomy), Engineering, Optics, Electrical engineering, Telecommunications, Detector, Mathematics, Atlas detector, Higgs boson, Boson, Quark, Electron, Lepton, Geography"
A. Kapitulnik,N/A,I97018004,"Physics, Quantum mechanics, Condensed matter physics, Materials science, Chemistry, Superconductivity, Engineering, Organic chemistry, Mathematics, Thermodynamics, Electrical engineering, Optics, Composite material, Magnetic field, Optoelectronics, Computer science, Metallurgy, Crystallography, Geometry"
Marlene Rabinovitch,N/A,I97018004,"Medicine, Internal medicine, Biology, Chemistry, Genetics, Cardiology, Biochemistry, Endocrinology, Pathology, Radiology, Surgery, Pulmonary hypertension, Cell biology, Physics, Gene, Organic chemistry, Immunology, Philosophy, Pulmonary artery, Linguistics, Lung"
Fátima Rodríguez,N/A,I97018004,"Medicine, Internal medicine, Pathology, Biology, Political science, Law, Disease, Sociology, Cardiology, Psychology, Endocrinology, Gerontology, Demography, Psychiatry, Mathematics, Chemistry, Environmental health, Surgery, Economics, Computer science, Biochemistry, Statistics, Economic growth"
Matthias Ihme,N/A,I97018004,"Physics, Thermodynamics, Engineering, Mechanics, Chemistry, Organic chemistry, Computer science, Geography, Quantum mechanics, Materials science, Mathematics, Meteorology, Physical chemistry, Aerospace engineering, Combustion, Turbulence, Biology, Geology, Environmental science, Mechanical engineering"
I Lehman,N/A,I97018004,"Chemistry, Biology, Biochemistry, Genetics, Gene, DNA, Physics, Organic chemistry, Nuclear magnetic resonance, Enzyme, Molecular biology, Computer science"
Teri E. Klein,N/A,I97018004,"Biology, Genetics, Medicine, Chemistry, Biochemistry, Gene, Internal medicine, Computer science, Genotype, Pharmacology, Physics, Bioinformatics, Pharmacogenetics, Computational biology, Pathology, Organic chemistry, Pharmacogenomics"
Aaron J.W. Hsueh,N/A,I97018004,"Biology, Chemistry, Biochemistry, Genetics, Medicine, Internal medicine, Endocrinology, Hormone, Receptor, Gene, Cell biology, Ovary, Follicular phase, Pregnancy, Luteinizing hormone, Gonadotropin, Ovarian follicle, In vitro"
Stanley Falkow,N/A,I97018004,"Biology, Genetics, Chemistry, Biochemistry, Gene, Microbiology, Medicine, Geology, Paleontology, Bacteria, Escherichia coli, Internal medicine, DNA, Virulence, Immunology, Plasmid, Molecular biology, Virology, Mutant, Cell biology"
Mark L. Brongersma,N/A,I97018004,"Physics, Materials science, Quantum mechanics, Optoelectronics, Optics, Engineering, Nanotechnology, Chemistry, Electrical engineering, Organic chemistry, Computer science, Composite material, Plasmon, Metallurgy, Chemical engineering, Biology, Silicon, Condensed matter physics"
Olivier Gevaert,N/A,I97018004,"Biology, Medicine, Genetics, Internal medicine, Chemistry, Computer science, Biochemistry, Pathology, Gene, Cancer, Artificial intelligence, Cancer research, Oncology, Mathematics, Radiology, Machine learning, Gene expression, Physics, Surgery, Statistics, Computational biology"
Yinyu Ye,N/A,I97018004,"Computer science, Mathematics, Mathematical optimization, Algorithm, Geometry, Combinatorics, Economics, Physics, Mathematical analysis, Programming language, Biology, Engineering, Philosophy, Quantum mechanics, Discrete mathematics, Artificial intelligence, Statistics, Linear programming, Operating system, Machine learning, Applied mathematics"
Roland N. Horne,N/A,I97018004,"Engineering, Physics, Geology, Biology, Mathematics, Computer science, Quantum mechanics, Paleontology, Thermodynamics, Chemistry, Petroleum engineering, Geotechnical engineering, Materials science, Organic chemistry, Mechanics, Composite material, Geophysics, Geothermal gradient, Geography, Geometry, Genetics, Environmental science, Biochemistry, Porosity, Statistics"
Paul G. Yock,N/A,I97018004,"Medicine, Internal medicine, Cardiology, Radiology, Surgery, Biology, Intravascular ultrasound, Psychology, Psychiatry, Physics, Stent, Myocardial infarction, Computer science, Engineering, Restenosis"
Julien Sage,N/A,I97018004,"Biology, Genetics, Medicine, Internal medicine, Chemistry, Biochemistry, Cancer research, Gene, Cancer, Cell biology, Pathology, Cell, Oncology, Apoptosis, Lung cancer, Cell cycle"
Ellen Kuhl,N/A,I97018004,"Biology, Physics, Engineering, Medicine, Computer science, Mathematics, Thermodynamics, Internal medicine, Structural engineering, Materials science, Psychology, Quantum mechanics, Finite element method, Composite material, Genetics, Chemistry, Artificial intelligence, Neuroscience"
Robert M. Waymouth,N/A,I97018004,"Chemistry, Organic chemistry, Materials science, Physics, Biology, Biochemistry, Composite material, Nuclear magnetic resonance, Polymer chemistry, Catalysis, Polymer, Polymerization, Crystallography, Copolymer, Quantum mechanics, Metallurgy, Monomer, Engineering"
Robert B. Dunbar,N/A,I97018004,"Geology, Biology, Oceanography, Ecology, Geography, Physics, Paleontology, Climatology, Chemistry, Environmental science, History, Archaeology, Fishery, Organic chemistry, Geomorphology, Art, Meteorology, Engineering, Visual arts, Coral, Computer science"
Ann W. Hsing,N/A,I97018004,"Medicine, Biology, Internal medicine, Genetics, Cancer, Pathology, Chemistry, Biochemistry, Mathematics, Sociology, Prostate cancer, Demography, Statistics, Oncology, Endocrinology, Environmental health, Gene, Population, Surgery, Prostate, Genotype, Computer science"
Alvin E. Roth,N/A,I97018004,"Economics, Computer science, Mathematics, Medicine, Microeconomics, Political science, Business, Statistics, Law, Mathematical economics, Biology, Philosophy, Engineering, Physics"
Jonathan Rodden,N/A,I97018004,"Computer science, Programming language, Operating system, Database, Data file, Political science, Economics, Geography, Law"
Steven N. Goodman,N/A,I97018004,"Medicine, Biology, Internal medicine, Computer science, Pathology, Chemistry, Mathematics, Biochemistry, Genetics, Statistics, Psychology, Surgery, Political science, Law, Physics, Philosophy"
James L. Zehnder,N/A,I97018004,"Medicine, Biology, Internal medicine, Genetics, Immunology, Chemistry, Biochemistry, Pathology, Gene, Surgery, Computer science, Psychology"
Charles Yanofsky,N/A,I97018004,"Biology, Chemistry, Biochemistry, Genetics, Gene, Mutant, Escherichia coli, DNA, Amino acid, Gene expression, Operon, Molecular biology, Plasmid, Physics, Recombinant DNA, Tryptophan, lac operon, trp operon, Nuclear magnetic resonance, RNA, Organic chemistry, Philosophy, Enzyme, Linguistics, Transcription (linguistics)"
Per Enge,N/A,I97018004,"Computer science, Engineering, Telecommunications, Operating system, Physics, Global Positioning System, Aerospace engineering, Astronomy, Geography, Geology, Satellite, Mathematics, GNSS applications, Remote sensing, Real-time computing, Electrical engineering, Computer network, Geodesy, Statistics, Satellite navigation, Assisted GPS, Algorithm, Quantum mechanics, Channel (broadcasting), Artificial intelligence"
Joseph B. Shrager,N/A,I97018004,"Medicine, Internal medicine, Biology, Pathology, Genetics, Surgery, Oncology, Cancer, Chemistry, Lung cancer, Biochemistry, Radiology, Philosophy, Linguistics, Cancer research, Lung, Psychology, Mathematics, Gene"
Thomas W. Kenny,N/A,I97018004,"Physics, Materials science, Quantum mechanics, Engineering, Optoelectronics, Electrical engineering, Nanotechnology, Computer science, Chemistry, Optics, Thermodynamics, Organic chemistry, Composite material, Metallurgy, Microelectromechanical systems, Resonator, Electronic engineering, Silicon, Mechanical engineering, Acoustics, Mathematics, Geography, Operating system, Medicine, Aerospace engineering"
Daniel M. Tartakovsky,N/A,I97018004,"Physics, Mathematics, Computer science, Engineering, Geology, Quantum mechanics, Biology, Chemistry, Statistics, Thermodynamics, Geotechnical engineering, Materials science, Mechanics, Environmental science, Artificial intelligence, Composite material, Organic chemistry, Mathematical analysis, Geometry, Ecology, Geography, Statistical physics, Applied mathematics, Machine learning, Philosophy"
Gerald G. Fuller,N/A,I97018004,"Physics, Materials science, Chemistry, Composite material, Thermodynamics, Quantum mechanics, Biology, Organic chemistry, Engineering, Mechanics, Biochemistry, Nuclear magnetic resonance, Chemical engineering, Geology, Optics, Polymer, Nanotechnology, Rheology, Mathematics, Computer science, Medicine, Physical chemistry, Geometry, Paleontology"
Ban C. H. Tsui,N/A,I97018004,"Medicine, Surgery, Biology, Anesthesia, Psychology, Internal medicine, Radiology, Anatomy, Psychiatry, Physics, Neuroscience, Pathology, Mathematics, Computer science"
John I. Brauman,N/A,I97018004,"Chemistry, Organic chemistry, Physics, Quantum mechanics, Biology, Computer science, Political science, Law, Library science, World Wide Web, Citation, Biochemistry, Physical chemistry, Ion, Nuclear physics, Thermodynamics, Materials science, Programming language, Information retrieval, Catalysis, Stereochemistry"
Peter K. Jackson,N/A,I97018004,"Biology, Genetics, Chemistry, Medicine, Biochemistry, Internal medicine, Cell biology, Gene, Cancer, Pathology, Physics, Immunology, Cell, Apoptosis"
Hamdi A. Tchelepi,N/A,I97018004,"Physics, Mathematics, Quantum mechanics, Engineering, Computer science, Geology, Thermodynamics, Mechanics, Chemistry, Geometry, Organic chemistry, Materials science, Applied mathematics, Mathematical optimization, Mathematical analysis, Biology, Composite material, Geotechnical engineering, Geography, Algorithm, Flow (mathematics), Programming language, Porosity, Porous medium, Nonlinear system"
Michiel Hazewinkel,N/A,I97018004,"Mathematics, Computer science, Pure mathematics, Physics, Quantum mechanics, Algebra over a field, Mathematical analysis, Combinatorics, Philosophy, Discrete mathematics"
Stephen J Smith,N/A,I97018004,"Biology, Psychology, Medicine, Neuroscience, Internal medicine, Endocrinology, Engineering, Materials science, Psychiatry, Mechanical engineering, Cognitive psychology, Chemistry, Composite material, Geography, Stimulation, History, Archaeology, Sensory system, Somatosensory system, Barrel (horology), Barrel cortex, Genetics, Biochemistry, Physics, Optics"
Ravindra Majeti,N/A,I97018004,"Biology, Genetics, Medicine, Chemistry, Biochemistry, Internal medicine, Immunology, Cancer research, Gene, Cell biology, Stem cell, Cancer, Cell, Immune system, Myeloid leukemia, Leukemia, Haematopoiesis, Myeloid, Pathology, Antigen"
Alberto Salleo,N/A,I97018004,"Materials science, Physics, Chemistry, Quantum mechanics, Engineering, Organic chemistry, Composite material, Nanotechnology, Optoelectronics, Electrical engineering, Nuclear magnetic resonance, Biology, Polymer, Physical chemistry, Condensed matter physics, Chemical engineering, Optics, Electrode, Metallurgy, Computer science, Thermodynamics, Voltage, Crystallography, Chemical physics, Layer (electronics)"
Daria Mochly‐Rosen,N/A,I97018004,"Biology, Genetics, Chemistry, Medicine, Biochemistry, Internal medicine, Physics, Organic chemistry, Nuclear magnetic resonance, Cell biology, Enzyme, Gene, Phosphorylation, Kinase, Endocrinology, Signal transduction, Psychology, Protein kinase C, Cardiology, Receptor, Psychiatry, Pharmacology, Pathology, Aldehyde dehydrogenase"
Susan Athey,N/A,I97018004,"Computer science, Economics, Mathematics, Statistics, Philosophy, Medicine, Artificial intelligence, Business, Econometrics, Machine learning, Epistemology, Physics, Microeconomics, Psychology, Political science, Biology, Law, Pathology, Internal medicine, Engineering, Programming language"
E. D. Bloom,N/A,I97018004,"Physics, Quantum mechanics, Nuclear physics, Astronomy, Optics, Astrophysics, Computer science, Condensed matter physics, Fermi Gamma-ray Space Telescope, Particle physics, Engineering, Galaxy, Telescope, Gamma ray, Mathematics, Computer vision, Stars, Chemistry, Materials science"
Christian Guilleminault,N/A,I97018004,"Medicine, Psychology, Internal medicine, Biology, Psychiatry, Anesthesia, Cardiology, Neuroscience, Obstructive sleep apnea, Computer science, Apnea, Operating system, Programming language, Sleep (system call), Sleep apnea, Electroencephalography, Surgery, Polysomnography, Anatomy, Physics, Pathology, Pharmacology, Endocrinology"
Keith Devlin,N/A,I97018004,"Mathematics, Computer science, Philosophy, Psychology"
Marcelo Fernández-Viña,N/A,I97018004,"Biology, Medicine, Genetics, Immunology, Antigen, Human leukocyte antigen, Chemistry, Biochemistry, Gene, Internal medicine, Allele, Pathology, Surgery, Transplantation, Genotype, Computer science, Disease, Antibody, Sociology, Cell biology, Stem cell, Haplotype"
L. Hollberg,N/A,I97018004,"Physics, Quantum mechanics, Optics, Materials science, Engineering, Laser, Computer science, Optoelectronics, Electrical engineering, Atomic physics, Astronomy, Telecommunications, Chemistry, Atomic clock, Mathematics, Organic chemistry"
Koen Nieman,N/A,I97018004,"Medicine, Internal medicine, Cardiology, Radiology, Surgery, Psychology, Psychiatry, Myocardial infarction, Coronary artery disease, Coronary angiography, Computed tomography, Physics, Biology, Angiography, Nuclear medicine, Pathology, Computer science"
Jack L. Goldsmith,N/A,I136199984,"Political science, Law, Philosophy, Linguistics, Epistemology, Statement (logic), Business, Economics, Computer science, Database, Biology, Finance, Biotechnology, Executive summary, Agreement, Geography, History, Accounting, Archaeology, Library science, Management"
George Lauder,N/A,I136199984,"Biology, Computer science, Fishery, Fish <Actinopterygii>, Environmental science, Trout"
Christopher J. McDougle,N/A,I136199984,"Psychology, Medicine, Biology, Computer science, Psychiatry, Internal medicine"
Edward L. Giovannucci,N/A,I136199984,"Medicine, Internal medicine, Biology, Genetics, Cancer, Pathology, Mathematics, Statistics, Chemistry, Oncology, Biochemistry, Endocrinology, Surgery, Colorectal cancer, Confidence interval, Prospective cohort study, Gene, Sociology, Environmental health"
B Bernstein,N/A,I136199984,Computer science
Andrew T. Chan,N/A,I136199984,"Medicine, Biology, Internal medicine, Genetics, Cancer, Chemistry, Biochemistry, Colorectal cancer, Pathology, Mathematics, Oncology, Statistics, Surgery, Gene, Computer science, Endocrinology, Gastroenterology, Confidence interval"
Kosuke Imai,N/A,I136199984,"Computer science, Mathematics, Statistics, Medicine, Biology, Economics, Replication (statistics), Virology"
Carlos A. Camargo,N/A,I136199984,"Medicine, Internal medicine, Biology, Psychology, Psychiatry, Pathology, Immunology, Mathematics, Statistics, Nursing, Surgery, Emergency department, Emergency medicine, Genetics, Pediatrics, Asthma, Chemistry, Endocrinology, Sociology, Environmental health, Biochemistry, Political science, Law, Medical emergency, Computer science"
Patrick Y. Wen,N/A,I136199984,"Medicine, Biology, Internal medicine, Genetics, Cancer research, Oncology, Pathology, Chemistry, Surgery, Biochemistry, Radiology, Glioma, Glioblastoma, Chemotherapy, Cancer, Bioinformatics, Gene, Clinical trial, Psychology, Radiation therapy, Physics"
Richard M. Stone,N/A,I136199984,"Biology, Medicine, Internal medicine, Genetics, Immunology, Chemistry, Cancer research, Biochemistry, Myeloid leukemia, Leukemia, Pathology, Oncology, Gene, Surgery, Cell biology, Chemotherapy"
Rohit Kulkarni,N/A,I136199984,Computer science
Gad Getz,N/A,I136199984,"Biology, Genetics, Medicine, Chemistry, Internal medicine, Biochemistry, Gene, Cancer, Cancer research, Immunology, Computational biology, Pathology, Mutation, Oncology, Computer science"
David C. Christiani,N/A,I136199984,"Medicine, Biology, Internal medicine, Genetics, Chemistry, Pathology, Biochemistry, Mathematics, Gene, Oncology, Statistics, Lung cancer, Environmental health, Genotype, Surgery, Philosophy, Computer science, Cancer, Organic chemistry"
Keith T. Flaherty,N/A,I136199984,"Medicine, Biology, Genetics, Internal medicine, Cancer research, Chemistry, Biochemistry, Cancer, Melanoma, Oncology, Gene, Cell biology, Pathology, Surgery, Immunology, Signal transduction, Kinase, Phosphorylation, Bioinformatics, Pharmacology, Metastatic melanoma"
Peter Kraft,N/A,I136199984,"Biology, Genetics, Medicine, Internal medicine, Chemistry, Biochemistry, Gene, Cancer, Genotype, Pathology, Single-nucleotide polymorphism, Oncology, Genome-wide association study, Mathematics, Statistics, Computer science, Sociology, Breast cancer, Endocrinology, Demography, Genetic association"
Ronald C. Kessler,N/A,I136199984,"Psychology, Medicine, Psychiatry, Clinical psychology, Psychotherapist, Pathology, Internal medicine, Environmental health, Sociology, Mental health, Biology, Demography, Anxiety, Nursing, Population, Economics, Mathematics, Political science, Computer science, Law, Statistics, Epidemiology, Social psychology, Comorbidity, Public health"
Soldano Ferrone,N/A,I136199984,"Medicine, Biology, Genetics, Immunology, Chemistry, Antigen, Biochemistry, Internal medicine, Cancer research, Immune system, Antibody, Cancer, Molecular biology, In vitro, Gene, Human leukocyte antigen, Monoclonal antibody, Melanoma, Pathology, Cytotoxic T cell, Cell biology"
Susan Redline,N/A,I136199984,"Medicine, Biology, Internal medicine, Psychology, Psychiatry, Pathology, Computer science, Neuroscience, Anesthesia, Cardiology, Endocrinology, Programming language, Mathematics, Statistics, Operating system, Sleep (system call), Sociology, Apnea, Genetics, Obstructive sleep apnea, Chemistry, Electroencephalography, Demography, Polysomnography, Biochemistry"
E. J. Corey,N/A,I136199984,"Chemistry, Organic chemistry, Biology, Biochemistry, Stereochemistry, Catalysis, Combinatorial chemistry, Computer science, Physics, Materials science, Enantioselective synthesis, Medicine, Political science, Law"
Nikhil C. Munshi,N/A,I136199984,"Biology, Medicine, Genetics, Internal medicine, Immunology, Chemistry, Biochemistry, Multiple myeloma, Cancer research, Pathology, Gene, Cell biology, Oncology, Cancer, Apoptosis, Molecular biology, Surgery, Endocrinology, In vitro, Bone marrow"
George M. Whitesides,N/A,I136199984,"Chemistry, Physics, Materials science, Organic chemistry, Biology, Quantum mechanics, Nanotechnology, Biochemistry, Engineering, Computer science, Composite material, Physical chemistry, Thermodynamics, Medicine, Nuclear magnetic resonance"
Bernard Rosner,N/A,I136199984,"Medicine, Internal medicine, Biology, Pathology, Mathematics, Genetics, Statistics, Endocrinology, Chemistry, Surgery, Cancer, Confidence interval, Biochemistry, Psychology, Sociology, Computer science, Demography, Physics, Oncology, Breast cancer, Prospective cohort study"
Matcheri S. Keshavan,N/A,I136199984,"Psychology, Medicine, Psychiatry, Biology, Computer science, Neuroscience, Programming language, Schizophrenia (object-oriented programming), Internal medicine, Cognition, Psychosis, Clinical psychology, Endocrinology, Radiology, Pathology, Chemistry, Genetics, Biochemistry, Social psychology"
Lewis C. Cantley,N/A,I136199984,"Biology, Genetics, Chemistry, Biochemistry, Medicine, Internal medicine, Cell biology, Gene, Physics, Organic chemistry, Signal transduction, Cancer, Nuclear magnetic resonance, Phosphorylation, Cancer research, Enzyme, Kinase, Apoptosis, Endocrinology, Receptor, PI3K/AKT/mTOR pathway, Pathology"
Joel Schwartz,N/A,I136199984,"Medicine, Biology, Internal medicine, Mathematics, Statistics, Chemistry, Environmental health, Pathology, Sociology, Demography, Organic chemistry, Ecology, Physics, Geography, Population, Genetics, Computer science, Psychology, Environmental science, Confidence interval, Air pollution, Surgery, Psychiatry, Endocrinology, Meteorology"
Federico Capasso,N/A,I136199984,"Physics, Quantum mechanics, Materials science, Optics, Optoelectronics, Engineering, Chemistry, Electrical engineering, Laser, Computer science, Chemical engineering, Chromatography, Cascade, Quantum, Condensed matter physics, Organic chemistry, Wavelength, Nanotechnology, Composite material, Telecommunications, Mathematics, Terahertz radiation, Semiconductor, Quantum cascade laser"
Zhi,N/A,I136199984,"Chemistry, Biology, Physics, Organic chemistry, Medicine, Biochemistry, Materials science, Genetics, Engineering, Quantum mechanics, Computer science, Internal medicine, Composite material"
Jon Clardy,N/A,I136199984,"Chemistry, Biology, Biochemistry, Organic chemistry, Stereochemistry, Genetics, Geology, Computer science, Medicine, Paleontology, Botany, Physics"
Charles A. Nelson,N/A,I136199984,"Psychology, Medicine, Biology, Physics, Psychiatry, Developmental psychology, Neuroscience, Quantum mechanics, Mathematics, Particle physics, Nuclear physics, Computer science, Philosophy, Cognition"
Hao,N/A,I136199984,"Biology, Medicine, Chemistry, Genetics, Biochemistry, Internal medicine, Gene, Organic chemistry, Pathology, Physics"
Eugene Braunwald,N/A,I136199984,"Medicine, Internal medicine, Cardiology, Psychology, Psychiatry, Myocardial infarction, Biology, Computer science, Chemistry, Surgery, Biochemistry, Pathology, Percutaneous coronary intervention, Conventional PCI, Endocrinology, Library science, Editorial board, Thrombolysis, TIMI"
Stuart L. Schreiber,N/A,I136199984,"Chemistry, Biology, Biochemistry, Genetics, Medicine, Gene, Computer science, Internal medicine, Organic chemistry, Physics, Cell biology, Computational biology, Cancer research"
Mark M. Awad,N/A,I136199984,"Biology, Medicine, Internal medicine, Genetics, Oncology, Pathology, Chemistry, Biochemistry, Cancer, Cancer research, Lung cancer, Gene, Immunology, Mutation, Immune system, Immunotherapy, Surgery, Colorectal cancer, KRAS, Receptor, Mutant"
P. Giromini,N/A,I136199984,"Physics, Particle physics, Quantum mechanics, Nuclear physics, Large Hadron Collider, Mathematics, Geography, Quark, Tevatron, Astronomy, Hadron, Astrophysics, Materials science, Electron, Computer science, History, Archaeology, Lepton, Metallurgy, Geology, Gauge (firearms), Engineering, Standard Model (mathematical formulation), Boson, Biology"
Shuji Ogino,N/A,I136199984,"Medicine, Biology, Internal medicine, Genetics, Cancer, Colorectal cancer, Chemistry, Biochemistry, Oncology, Gene, Pathology, Mathematics, Statistics, Cancer research, Surgery, Computer science, Immunology"
David W. Bates,N/A,I136199984,"Medicine, Political science, Law, Economics, Computer science, Biology, Economic growth, Health care, Psychology, Internal medicine, Nursing, Pathology, Psychiatry, Medical emergency, Mathematics, Family medicine, Business, Statistics, Surgery, Pharmacology, Physics, Engineering, Emergency medicine"
Julie E. Buring,N/A,I136199984,"Medicine, Internal medicine, Biology, Pathology, Chemistry, Biochemistry, Genetics, Endocrinology, Mathematics, Statistics, Surgery, Psychology, Cancer, Psychiatry, Confidence interval, Oncology, Gene, Sociology, Disease, Demography, Genotype"
Lorelei A. Mucci,N/A,I136199984,"Medicine, Biology, Internal medicine, Genetics, Cancer, Prostate cancer, Oncology, Chemistry, Pathology, Biochemistry, Prostate, Mathematics, Statistics, Gene, Cancer research, Sociology, Endocrinology, Demography, Surgery, Psychology, Computer science"
David A. Weitz,N/A,I136199984,"Materials science, Physics, Chemistry, Engineering, Biology, Organic chemistry, Thermodynamics, Composite material, Quantum mechanics, Nanotechnology, Chemical engineering, Biochemistry, Computer science, Medicine, Genetics, Mathematics, Physical chemistry, Geology, Optics, Microfluidics, Nuclear magnetic resonance"
Henning Tiemeier,N/A,I136199984,"Medicine, Biology, Psychology, Internal medicine, Sociology, Psychiatry, Pathology, Environmental health, Genetics, Demography, Population, Mathematics, Statistics, Chemistry, Biochemistry, Neuroscience, Endocrinology, Developmental psychology, Clinical psychology, Pregnancy, Gene, Surgery, Cohort study, Psychotherapist"
Liang Wang,N/A,I136199984,"Medicine, Biology, Internal medicine, Genetics, Chemistry, Biochemistry, Pathology, Gene, Cancer research, Surgery, Immunology, Cancer, Psychology, Radiology, Physics, Cell biology, Oncology, Endocrinology"
Álvaro Pascual‐Leone,N/A,I136199984,"Psychology, Medicine, Biology, Neuroscience, Internal medicine, Psychiatry, Endocrinology, Stimulation, Transcranial magnetic stimulation, Cognition, Pathology, Computer science, Physical medicine and rehabilitation, Cognitive psychology, Audiology, Physics, Philosophy"
Wendy K. Chung,N/A,I136199984,"Biology, Medicine, Genetics, Chemistry, Biochemistry, Internal medicine, Gene, Pathology, Psychology, Mutation, Phenotype, Psychiatry"
Catherine J. Wu,N/A,I136199984,"Biology, Genetics, Medicine, Internal medicine, Immunology, Chemistry, Biochemistry, Cancer research, Immune system, Cancer, Gene, Pathology, Oncology, Immunotherapy, Antigen, Leukemia, Receptor, Cell biology, Surgery, Computer science"
Vinothan Manoharan,N/A,I136199984,"Computer science, Physics, Quantum mechanics, Optics, Materials science, Computer graphics (images), Medicine, Holography, Pathology, Microscopy, Digital holographic microscopy, Geology, Digital holography"
Andrea Baccarelli,N/A,I136199984,"Biology, Medicine, Chemistry, Genetics, Biochemistry, Internal medicine, Gene, Pathology, Gene expression, DNA methylation, DNA, Mathematics, Statistics, Endocrinology, Environmental health, Methylation, Epigenetics, Organic chemistry, Psychology, Sociology, Pregnancy"
Jerome Ritz,N/A,I136199984,"Medicine, Biology, Genetics, Internal medicine, Immunology, Pathology, Chemistry, Cell biology, Biochemistry, Surgery, Transplantation, Stem cell, Immune system, Disease, Antigen, Cancer research, Hematopoietic stem cell transplantation, In vitro, Gene, Antibody, Leukemia, T cell"
Martin Feldstein,N/A,I136199984,"Economics, Business, Political science, Law, Macroeconomics, Finance, Monetary economics, Market economy, Public economics, Computer science, Geography, History, Keynesian economics, Philosophy"
Brian M. Wolpin,N/A,I136199984,"Biology, Medicine, Genetics, Internal medicine, Cancer, Chemistry, Pancreatic cancer, Biochemistry, Oncology, Gene, Cancer research, Pathology, Colorectal cancer, Computer science, Surgery, Mutation, Database, Data mining, Table (database), Mathematics, KRAS"
Jennifer R. Brown,N/A,I136199984,"Biology, Medicine, Genetics, Internal medicine, Immunology, Leukemia, Chronic lymphocytic leukemia, Chemistry, Pathology, Biochemistry, Oncology, Cancer research, Surgery, Cell biology, Lymphoma, Antibody, Ibrutinib, Gene, Chemotherapy, Signal transduction, Receptor, Rituximab"
Roderick T. Bronson,N/A,I136199984,"Biology, Medicine, Genetics, Chemistry, Biochemistry, Internal medicine, Gene, Cancer research, Cancer, Cell biology, Pathology, Immunology, Endocrinology"
Bradley T. Hyman,N/A,I136199984,"Biology, Medicine, Internal medicine, Pathology, Disease, Chemistry, Psychology, Genetics, Biochemistry, Neuroscience, Alzheimer's disease, Gene, Endocrinology, Cell biology, Psychiatry, Physics, Dementia"
William C. Hahn,N/A,I136199984,"Biology, Genetics, Chemistry, Biochemistry, Medicine, Gene, Internal medicine, Cancer research, Cancer, Cell biology, Computational biology, Computer science"
Gordon J. Freeman,N/A,I136199984,"Biology, Medicine, Genetics, Internal medicine, Chemistry, Immunology, Biochemistry, Immune system, Cancer research, Cancer, Receptor, Antigen, Immunotherapy, Gene, Cell biology, In vitro, T cell, Blockade, CD8, Pathology, Cytotoxic T cell, Oncology, Antibody"
Brent A. Coull,N/A,I136199984,"Medicine, Biology, Internal medicine, Mathematics, Statistics, Chemistry, Pathology, Environmental health, Genetics, Computer science, Sociology, Psychology, Demography, Organic chemistry, Ecology, Economics, Physics, Psychiatry, Endocrinology, Machine learning, Geography, Pregnancy"
Stuart R. Lipsitz,N/A,I136199984,"Medicine, Internal medicine, Biology, Mathematics, Statistics, Pathology, Economics, Computer science, Surgery, Genetics, Psychology, Cancer, Sociology, Machine learning, Political science, Law, Demography, Psychiatry"
Roy F. Baumeister,N/A,I136199984,"Psychology, Social psychology, Philosophy, Computer science, Medicine, Political science, Biology, Epistemology, Developmental psychology, Law, Psychotherapist, Sociology, Economics, Psychiatry, Physics"
Jason L. Hornick,N/A,I136199984,"Medicine, Biology, Internal medicine, Genetics, Pathology, Chemistry, Biochemistry, Cancer research, Cancer, Gene, Immunology, Surgery, Oncology, Radiology, Immunohistochemistry, Mutation, Colorectal cancer, Computer science, KRAS"
Daniel G. Nocera,N/A,I136199984,"Chemistry, Organic chemistry, Materials science, Physics, Quantum mechanics, Crystallography, Biology, Biochemistry, Photochemistry, Metallurgy, Crystal structure, Physical chemistry, Optics, Catalysis, Engineering, Inorganic chemistry"
Edward C. Pickering,N/A,I136199984,"Physics, Astronomy, Astrophysics, Computer science, Political science, Law, Biology, Geology, Astrobiology, Geography, Library science, World Wide Web, Citation, Computer vision"
J. Michael Gaziano,N/A,I136199984,"Medicine, Internal medicine, Biology, Pathology, Chemistry, Biochemistry, Mathematics, Genetics, Statistics, Endocrinology, Surgery, Psychology, Psychiatry, Disease, Cardiology, Confidence interval, Gene, Sociology, Cancer, Genotype, Demography, Oncology, Environmental health, Physics"
R. J. Madix,N/A,I136199984,"Chemistry, Organic chemistry, Biology, Physics, Materials science, Quantum mechanics, Physical chemistry, Biochemistry, Catalysis, Adsorption, Mathematics, Medicine, Inorganic chemistry, Computer science, Engineering, Metallurgy"
Mari Mino‐Kenudson,N/A,I136199984,"Medicine, Internal medicine, Biology, Genetics, Pathology, Cancer, Chemistry, Biochemistry, Cancer research, Oncology, Surgery, Radiology, Gene, Immunology, Lung cancer, Colorectal cancer"
Jeffrey A. Meyerhardt,N/A,I136199984,"Medicine, Biology, Internal medicine, Genetics, Cancer, Colorectal cancer, Oncology, Surgery, Pathology, Chemistry, Mathematics, Statistics, Biochemistry, Cancer research, Confidence interval, Endocrinology, Chemotherapy, Gene"
Martin Karplus,N/A,I136199984,"Chemistry, Physics, Quantum mechanics, Biology, Biochemistry, Organic chemistry, Computer science, Computational chemistry, Genetics, Nuclear magnetic resonance, Mathematics, Molecule, Molecular dynamics, Engineering, Crystallography, Thermodynamics, Materials science"
George M. Church,N/A,I136199984,"Biology, Genetics, Chemistry, Biochemistry, Gene, Computational biology, Computer science, Medicine, Genome, DNA, Physics, Cell biology, Bioinformatics, Internal medicine, Engineering"
Joseph Loscalzo,N/A,I136199984,"Medicine, Biology, Internal medicine, Chemistry, Biochemistry, Genetics, Endocrinology, Organic chemistry, Cardiology, Psychology, Physics, Pathology, Psychiatry, Surgery, Gene, Nuclear magnetic resonance, Enzyme, Immunology"
Steven P. Gygi,N/A,I136199984,"Biology, Chemistry, Genetics, Biochemistry, Gene, Cell biology, Medicine, Internal medicine, Physics, Organic chemistry, Nuclear magnetic resonance, Enzyme, Computational biology, Phosphorylation, Proteomics"
Mikhail D. Lukin,N/A,I136199984,"Physics, Quantum mechanics, Quantum, Engineering, Materials science, Chemistry, Optics, Computer science, Organic chemistry, Condensed matter physics, Optoelectronics, Mathematics, Composite material, Quantum computer, Thermodynamics, Biology, Metallurgy, Atomic physics, Electrical engineering, Quantum entanglement, Mechanical engineering, Quantum information, Nanotechnology, Qubit"
Brian Leahy,N/A,I136199984,"Computer science, Physics, Computer graphics (images), Quantum mechanics, Optics, Medicine, Pathology, Microscopy, Holography, Digital holographic microscopy, Geology, Materials science, Digital holography"
Aaron S. Kesselheim,N/A,I136199984,"Medicine, Biology, Pharmacology, Economics, Business, Psychology, Political science, Law, Psychiatry, Internal medicine, Pathology, Mathematics, Drug, Computer science, Nursing, Statistics, Family medicine, Medical prescription, Chemistry, Environmental health, Genetics"
George I. Papakostas,N/A,I136199984,"Psychology, Medicine, Biology, Psychiatry, Internal medicine, Neuroscience, Endocrinology, Computer science, Clinical psychology, Cognition, Social psychology, Mood, Chemistry, Amygdala, Major depressive disorder, Pathology, Anxiety, Biochemistry"
Hidde L. Ploegh,N/A,I136199984,"Biology, Genetics, Chemistry, Biochemistry, Medicine, Gene, Immunology, Cell biology, Internal medicine, Immune system, Physics, Antigen, Nuclear magnetic resonance, Organic chemistry, Molecular biology, In vitro, Enzyme, Cytotoxic T cell, T cell, CD8, Major histocompatibility complex"
Gerhard Wagner,N/A,I136199984,"Chemistry, Biology, Biochemistry, Physics, Genetics, Organic chemistry, Nuclear magnetic resonance, Medicine, Quantum mechanics, Gene, Stereochemistry, Computer science, Cell biology, Internal medicine"
David J. Kwiatkowski,N/A,I136199984,"Biology, Genetics, Medicine, Chemistry, Biochemistry, Internal medicine, Gene, Pathology, Cancer research, Cell biology, Cancer, Oncology, Signal transduction, Apoptosis, PI3K/AKT/mTOR pathway, Psychology, Radiology, Psychiatry, Tuberous sclerosis"
Ichiro Kawachi,N/A,I136199984,"Medicine, Sociology, Pathology, Internal medicine, Demography, Psychology, Environmental health, Mathematics, Biology, Statistics, Political science, Law, Economics, Population, Gerontology, Psychiatry, Computer science, Nursing, Psychotherapist"
Biagio Ricciuti,N/A,I136199984,"Biology, Medicine, Internal medicine, Genetics, Oncology, Pathology, Chemistry, Cancer research, Lung cancer, Biochemistry, Cancer, Gene, Immunology, Mutation, Immune system, Immunotherapy, Mutant, Receptor, Surgery, Colorectal cancer"
David H. Sachs,N/A,I136199984,"Medicine, Biology, Genetics, Immunology, Internal medicine, Chemistry, Biochemistry, Surgery, Transplantation, Antigen, Immune system, Gene, Pathology, Antibody, Endocrinology, Molecular biology, In vitro, Cell biology"
Mehmet Samur,N/A,I136199984,"Biology, Genetics, Medicine, Chemistry, Biochemistry, Gene, Internal medicine, Immunology, Multiple myeloma, Computational biology, Philosophy, Linguistics, Fusion gene, Fusion, Cancer research, Cell biology"
Alan H. Beggs,N/A,I136199984,"Medicine, Biology, Internal medicine, Genetics, Chemistry, Biochemistry, Gene, Pathology, Endocrinology, Anatomy, Psychology, Cell biology"
Paul W. Franks,N/A,I136199984,"Biology, Medicine, Internal medicine, Endocrinology, Pathology, Genetics, Chemistry, Biochemistry, Diabetes mellitus, Gene, Mathematics, Type 2 diabetes, Obesity, Sociology, Statistics, Demography, Genotype, Environmental health, Psychology, Computer science"
Karestan C. Koenen,N/A,I136199984,"Medicine, Psychology, Psychiatry, Biology, Clinical psychology, Internal medicine, Pathology, Genetics, Chemistry, Mathematics, Environmental health, Biochemistry, Statistics, Sociology, Psychotherapist, Political science, Demography, Gene, Neuroscience, Law, Computer science, Economics, Social psychology"
Philip Kim,N/A,I136199984,"Physics, Materials science, Quantum mechanics, Engineering, Nanotechnology, Chemistry, Condensed matter physics, Chemical engineering, Graphene, Optoelectronics, Biology, Organic chemistry, Composite material, Optics, Medicine, Computer science, Nuclear physics, Electrical engineering, Mathematics, Electron, Biochemistry"
Tyler J. VanderWeele,N/A,I136199984,"Medicine, Psychology, Mathematics, Economics, Statistics, Pathology, Political science, Computer science, Internal medicine, Sociology, Law, Biology, Philosophy, Social psychology, Psychotherapist, Econometrics, Epistemology, Psychiatry, Physics"
Gonzalo Giribet,N/A,I136199984,"Biology, Geology, Ecology, Zoology, Chemistry, Genetics, Paleontology, Biochemistry, Gene, Evolutionary biology, Phylogenetics, Phylogenetic tree, Botany, Clade, Computer science, Geography, Medicine"
Kari C. Nadeau,N/A,I136199984,"Medicine, Biology, Immunology, Genetics, Internal medicine, Chemistry, Biochemistry, Pathology, Immune system, Allergy, Antibody, Food allergy, Immunoglobulin E, Receptor, Gene"
Isaac S. Kohane,N/A,I136199984,"Biology, Medicine, Computer science, Genetics, Chemistry, Biochemistry, Internal medicine, Gene, Pathology, Psychology, Mathematics, Statistics, Political science, Psychiatry, Law, Economics, Computational biology, Artificial intelligence"
Jack L. Strominger,N/A,I136199984,"Biology, Genetics, Chemistry, Biochemistry, Medicine, Gene, Immunology, Antigen, Physics, Molecular biology, Nuclear magnetic resonance, Immune system, Organic chemistry, Internal medicine, Enzyme, Cell biology, In vitro, Human leukocyte antigen, Geology, Paleontology, Bacteria, Antibody, Cytotoxic T cell"
David Cutler,N/A,I136199984,"Economics, Medicine, Political science, Law, Business, Economic growth, Health care, Sociology, Biology, Psychology, Computer science, Nursing, Environmental health, Demography, Pathology, Mathematics, Population, Physics, Internal medicine"
George C. Tsokos,N/A,I136199984,"Medicine, Biology, Genetics, Immunology, Internal medicine, Chemistry, Biochemistry, Immune system, Pathology, Antibody, Disease, Gene, Cell biology, Endocrinology, Antigen, Systemic lupus erythematosus, Molecular biology, Receptor"
Richard D. Cummings,N/A,I136199984,"Chemistry, Biology, Genetics, Biochemistry, Medicine, Molecular biology, Immunology, Glycoprotein, Internal medicine, Glycan, Organic chemistry, Gene, Physics, Cell biology, Computer science"
Michael I. Bruce,N/A,I136199984,"Chemistry, Organic chemistry, Materials science, Crystallography, Biology, Biochemistry, Catalysis, Physics, Stereochemistry, Quantum mechanics, Medicinal chemistry, Crystal structure, Metallurgy, Computer science, Molecule, Metal, Programming language, Operating system, Ruthenium, Medicine, Computer network, Cluster (spacecraft), Genetics"
Kerry J. Ressler,N/A,I136199984,"Medicine, Psychology, Biology, Psychiatry, Internal medicine, Neuroscience, Chemistry, Genetics, Biochemistry, Clinical psychology, Endocrinology, Gene, Computer science, Mathematics, Anxiety, Amygdala, Receptor, Statistics, Pathology"
Roy H. Perlis,N/A,I136199984,"Medicine, Biology, Internal medicine, Psychology, Psychiatry, Pathology, Neuroscience, Genetics, Computer science, Endocrinology, Chemistry, Clinical psychology, Biochemistry, Social psychology, Cognition, Mathematics, Disease, Economics, Mood, Political science, Infectious disease (medical specialty), Coronavirus disease 2019 (COVID-19), Gene, Statistics, Law"
David S. Friedman,N/A,I136199984,"Medicine, Biology, Ophthalmology, Psychology, Neuroscience, Surgery, Optometry, Physics, Glaucoma, Psychiatry, Internal medicine, Pathology, Optics, Mathematics, Intraocular pressure, Statistics, Political science, Computer science, Law, Sociology, Chemistry, Genetics, Environmental health"
David E. Fisher,N/A,I136199984,"Biology, Medicine, Genetics, Chemistry, Biochemistry, Internal medicine, Cancer research, Physics, Gene, Melanoma, Cancer, Cell biology, Organic chemistry, Immunology"
Rameen Beroukhim,N/A,I136199984,"Biology, Medicine, Genetics, Chemistry, Biochemistry, Internal medicine, Gene, Cancer research, Cancer, Pathology, Computational biology, Oncology"
P. Catastini,N/A,I136199984,"Physics, Particle physics, Quantum mechanics, Nuclear physics, Large Hadron Collider, Mathematics, Astronomy, Astrophysics, Geography, Electron, Materials science, Quark, Galaxy, Tevatron, Luminosity, History, Archaeology, Lepton, Computer science, Metallurgy, Gauge (firearms), Standard Model (mathematical formulation), Engineering, Hadron, Geology"
Norbert Perrimon,N/A,I136199984,"Biology, Genetics, Chemistry, Biochemistry, Gene, Cell biology, Medicine, Computational biology, Internal medicine, Signal transduction, Drosophila melanogaster, Physics, Drosophila (subgenus), Computer science"
Eric J. Rubin,N/A,I136199984,"Medicine, Biology, Pathology, Chemistry, Political science, Physics, Biochemistry, Law, Internal medicine, Genetics, Geology, Economics, Ecology, Virology, Economic growth, Quantum mechanics, Health care, Disease, Psychology, Business, Tuberculosis, Infectious disease (medical specialty), Coronavirus disease 2019 (COVID-19), Gene, Action (physics)"
Daniel L. Schacter,N/A,I136199984,"Psychology, Cognitive psychology, Biology, Medicine, Neuroscience, Psychiatry, Cognition, Philosophy, Computer science, Linguistics, Cognitive science, Episodic memory, Recall, Artificial intelligence, Epistemology"
Christopher D.�M. Fletcher,N/A,I136199984,"Medicine, Biology, Pathology, Internal medicine, Genetics, Surgery, Immunology, Radiology, Chemistry, Immunohistochemistry, Biochemistry, Cancer research, Sarcoma, Gene, Soft tissue, Anatomy, Cell biology, Cancer"
Peter K. Sorger,N/A,I136199984,"Biology, Genetics, Medicine, Chemistry, Internal medicine, Biochemistry, Cancer, Cancer research, Computer science, Cell biology, Gene, Immunology, Pathology, Physics, Immune system, Computational biology"
Chris Sander,N/A,I136199984,"Biology, Genetics, Chemistry, Biochemistry, Medicine, Gene, Computational biology, Computer science, Internal medicine, Cancer, Cancer research, Physics, Pathology"
I‐Min Lee,N/A,I136199984,"Medicine, Internal medicine, Biology, Pathology, Mathematics, Statistics, Genetics, Endocrinology, Physical therapy, Surgery, Cancer, Sociology, Chemistry, Physical medicine and rehabilitation, Biochemistry, Demography, Confidence interval, Physical activity, Gerontology, Oncology, Psychology, Disease, Physics, Environmental health, Computer science"
Ross J. Baldessarini,N/A,I136199984,"Medicine, Psychology, Biology, Internal medicine, Psychiatry, Endocrinology, Neuroscience, Clinical psychology, Chemistry, Social psychology, Mood, Cognition, Biochemistry, Lithium (medication), Computer science, Bipolar disorder, Genetics, Pharmacology, Pathology, Programming language, Receptor, Anxiety, Economics, Schizophrenia (object-oriented programming), Dopamine"
Jonathan A. Nowak,N/A,I136199984,"Medicine, Biology, Genetics, Internal medicine, Cancer, Chemistry, Biochemistry, Oncology, Colorectal cancer, Cancer research, Gene, Pancreatic cancer, Computer science, Mutation, KRAS, Immunology, Pathology, Mathematics, Database, Data mining, Immune system, Table (database)"
Jeffrey A. Frankel,N/A,I136199984,"Economics, Business, Macroeconomics, Monetary economics, Finance, Political science, Law, Philosophy, Mathematics, Linguistics, International economics, Exchange rate, Keynesian economics, Computer science, Econometrics, Currency, Geography, Market economy, History"
Raif S. Geha,N/A,I136199984,"Biology, Medicine, Genetics, Immunology, Chemistry, Biochemistry, Internal medicine, Immune system, Antibody, Gene, Cell biology, Pathology, Antigen, Molecular biology, Receptor, In vitro, T cell"
Rudolph E. Tanzi,N/A,I136199984,"Biology, Medicine, Internal medicine, Chemistry, Pathology, Genetics, Biochemistry, Disease, Gene, Psychology, Alzheimer's disease, Neuroscience, Cell biology, Physics, Endocrinology"
Bartolomé R. Celli,N/A,I136199984,"Medicine, Internal medicine, Psychology, Psychiatry, Biology, COPD, Pathology, Pulmonary disease, Intensive care medicine, Immunology, Philosophy, Surgery, Linguistics, Physical therapy, Cardiology, Mathematics, Lung, Chemistry, Statistics, Endocrinology, Anesthesia"
Petros Koutrakis,N/A,I136199984,"Biology, Medicine, Chemistry, Physics, Organic chemistry, Environmental science, Ecology, Geography, Internal medicine, Mathematics, Meteorology, Statistics, Environmental health, Geology, Engineering, Pathology, Computer science, Air pollution, Particulates, Sociology, Environmental chemistry, Demography, Aerosol"
S. V. Subramanian,N/A,I136199984,"Medicine, Sociology, Demography, Environmental health, Pathology, Mathematics, Economics, Internal medicine, Biology, Population, Statistics, Political science, Law, Psychology, Geography, Computer science, Economic growth, Nursing, Machine learning, Gerontology, Public health, Socioeconomic status, History"
Felipe Fregni,N/A,I136199984,"Medicine, Psychology, Biology, Internal medicine, Neuroscience, Endocrinology, Psychiatry, Stimulation, Pathology, Transcranial direct-current stimulation, Physical medicine and rehabilitation, Physical therapy, Transcranial magnetic stimulation, Surgery, Chemistry, Physics, Biochemistry, Brain stimulation, Anesthesia, Cognition, Engineering"
Robert P. Giugliano,N/A,I136199984,"Medicine, Internal medicine, Cardiology, Psychology, Psychiatry, Biology, Myocardial infarction, Pathology, Chemistry, Biochemistry, Surgery, Percutaneous coronary intervention, Endocrinology, Conventional PCI, Mathematics, Physics, Atrial fibrillation, Thrombolysis, Statistics, TIMI, Engineering, Cholesterol"
Jeffrey N. Katz,N/A,I136199984,"Medicine, Pathology, Surgery, Internal medicine, Biology, Psychology, Physical therapy, Mathematics, Radiology, Psychiatry, Statistics, Alternative medicine, Osteoarthritis, Computer science, Sociology, Physics, Nursing, Political science, Economics, Law"
Eduardo D. Sontag,N/A,I136199984,"Computer science, Mathematics, Physics, Artificial intelligence, Quantum mechanics, Economics, Biology, Management, Control (management), Control theory (sociology), Mathematical analysis, Engineering, Applied mathematics, Machine learning, Philosophy, Chemistry, Programming language, Nonlinear system, Genetics, Algorithm, Pure mathematics, Epistemology, Combinatorics, Statistics, Geometry"
David E. Bloom,N/A,I136199984,"Medicine, Economics, Sociology, Political science, Biology, Law, Demography, Environmental health, Economic growth, Business, Population, Pathology, Mathematics, Geography, Computer science, Internal medicine, Psychology, Demographic economics"
Daniel H. Solomon,N/A,I136199984,"Medicine, Internal medicine, Biology, Pathology, Mathematics, Surgery, Statistics, Psychology, Immunology, Psychiatry, Rheumatoid arthritis, Endocrinology, Physical therapy, Chemistry, Radiology, Sociology, Computer science, Biochemistry, Disease, Political science, Law"
Joseph V. Bonventre,N/A,I136199984,"Medicine, Biology, Internal medicine, Genetics, Chemistry, Biochemistry, Endocrinology, Kidney, Pathology, Cell biology, Organic chemistry, Physics, Psychology, Acute kidney injury, Immunology, Gene, Surgery, Renal function, Nuclear magnetic resonance"
Robert J. Glynn,N/A,I136199984,"Medicine, Internal medicine, Biology, Pathology, Mathematics, Statistics, Surgery, Psychology, Psychiatry, Endocrinology, Chemistry, Biochemistry, Confidence interval, Cardiology, Computer science, Pharmacology, Physics, Economics, Sociology, Genetics"
Stuart H. Orkin,N/A,I136199984,"Biology, Genetics, Chemistry, Biochemistry, Gene, Medicine, Cell biology, Internal medicine, Gene expression, Transcription factor, Stem cell, Molecular biology, Immunology, Haematopoiesis, DNA, Cancer research, Organic chemistry, Computational biology"
John M. Asara,N/A,I136199984,"Biology, Genetics, Chemistry, Medicine, Biochemistry, Internal medicine, Cell biology, Gene, Cancer research, Physics, Organic chemistry, Cancer, Nuclear magnetic resonance, Enzyme, Apoptosis, Endocrinology, Signal transduction, Phosphorylation, Immunology, Pathology, PI3K/AKT/mTOR pathway"
Sebastian Schneeweiß,N/A,I136199984,"Medicine, Internal medicine, Biology, Mathematics, Pathology, Statistics, Surgery, Psychology, Computer science, Economics, Psychiatry, Political science, Pharmacology, Law, Confidence interval, Endocrinology, Nursing, Sociology, Chemistry, Demography"
Martin L. Yarmush,N/A,I136199984,"Biology, Chemistry, Medicine, Genetics, Biochemistry, Internal medicine, Cell biology, Physics, Endocrinology, In vitro, Immunology, Organic chemistry, Engineering, Surgery, Gene, Computer science, Materials science, Pathology"
Masanori Aikawa,N/A,I136199984,"Biology, Medicine, Chemistry, Genetics, Biochemistry, Internal medicine, Pathology, Immunology, Cell biology, Gene, Endocrinology, Malaria, Physics, Plasmodium falciparum, Computer science, Virology"
Jeffrey M. Drazen,N/A,I136199984,"Medicine, Biology, Internal medicine, Chemistry, Immunology, Biochemistry, Physics, Genetics, Asthma, Psychology, Anesthesia, Surgery, Philosophy, Geography, Pathology, Endocrinology, Linguistics, Meteorology, Psychiatry, Political science, Computer science, Law, Airway"
Christopher G. Wood,N/A,I136199984,"Medicine, Biology, Internal medicine, Genetics, Pathology, Oncology, Renal cell carcinoma, Cancer, Surgery, Endocrinology, Chemistry, Biochemistry, Cancer research, Carcinoma, Mathematics, Kidney, Immunology, Urology, Gene, Nephrectomy, Statistics"
David R. Williams,N/A,I136199984,"Medicine, Psychology, Sociology, Political science, Law, Biology, Pathology, Psychiatry, Demography, Economics, Environmental health, Internal medicine, Nursing, Psychotherapist, Mathematics, Population, Gerontology, Philosophy, Computer science, Economic growth, Public health, Clinical psychology, Statistics, Anthropology, Social psychology"
Vadim N. Gladyshev,N/A,I136199984,"Biology, Chemistry, Biochemistry, Genetics, Gene, Medicine, Physics, Organic chemistry, Internal medicine, Nuclear magnetic resonance, Enzyme, Endocrinology, Oxidative stress, Cell biology, Glutathione, Cysteine, Antioxidant, Superoxide dismutase, Glutathione peroxidase, Catalase, Selenoprotein, Selenocysteine, Computational biology, Materials science"
Alessio Fasano,N/A,I136199984,"Medicine, Biology, Internal medicine, Genetics, Chemistry, Biochemistry, Pathology, Immunology, Disease, Gastroenterology, Endocrinology, Gene, Food science, Cell biology, Microbiology"
Daniel P. Cahill,N/A,I136199984,"Biology, Medicine, Genetics, Cancer research, Chemistry, Internal medicine, Biochemistry, Gene, Glioma, Cancer, Mutant, Mutation, Surgery, Physics, Pathology, Radiology, Glioblastoma, Organic chemistry, Oncology, Nuclear magnetic resonance, Immunology, Enzyme, Psychology, Molecular biology"
Timothy A. Springer,N/A,I136199984,"Biology, Chemistry, Medicine, Genetics, Biochemistry, Internal medicine, Immunology, Cell biology, Receptor, Physics, Organic chemistry, Cell, Materials science, Quantum mechanics, Integrin, Composite material, Gene, Adhesion, Antibody, Molecular biology, Immune system, Cell adhesion, Biophysics, Cell adhesion molecule, Antigen"
Douglas P. Kiel,N/A,I136199984,"Medicine, Biology, Internal medicine, Pathology, Endocrinology, Osteoporosis, Chemistry, Genetics, Mathematics, Biochemistry, Statistics, Surgery, Psychology, Bone mineral, Disease, Sociology, Gene, Computer science, Demography, Framingham Risk Score"
Xiaoli Liu,N/A,I136199984,"Biology, Medicine, Genetics, Internal medicine, Chemistry, Biochemistry, Gene, Pathology, Endocrinology, Immunology, Cell biology, Cancer research, Physics, Organic chemistry, Surgery, Psychology"
Howard D. Sesso,N/A,I136199984,"Medicine, Internal medicine, Biology, Pathology, Genetics, Chemistry, Cancer, Biochemistry, Endocrinology, Mathematics, Statistics, Oncology, Surgery, Disease, Confidence interval, Gene, Psychology, Computer science, Sociology"
Stephen Ansolabehere,N/A,I136199984,"Computer science, Political science, Mathematics, Programming language, Operating system, Law, Database, Politics, Economics"
W. Marston Linehan,N/A,I136199984,"Medicine, Biology, Internal medicine, Genetics, Chemistry, Biochemistry, Pathology, Oncology, Cancer research, Gene, Cancer, Surgery, Renal cell carcinoma, Computational biology, Cell biology, Gene expression, Lung cancer"
Robert W. McCarley,N/A,I136199984,"Psychology, Medicine, Biology, Neuroscience, Psychiatry, Computer science, Programming language, Internal medicine, Schizophrenia (object-oriented programming), Cognition, Endocrinology, Audiology, Chemistry, Radiology, Electroencephalography, Genetics, Biochemistry, Cognitive psychology, Psychosis"
Bruce R. Rosen,N/A,I136199984,"Medicine, Biology, Psychology, Radiology, Neuroscience, Internal medicine, Psychiatry, Computer science, Magnetic resonance imaging, Physics, Endocrinology, Chemistry, Pathology, Artificial intelligence, Nuclear medicine, Genetics, Cardiology"
Xiang Li,N/A,I136199984,"Computer science, Artificial intelligence, Biology, Mathematics, Psychology, Physics, Engineering, Machine learning, Medicine, Chemistry, Philosophy, Statistics, Cognitive psychology, Computer vision, Geography, Quantum mechanics, Economics, Programming language, Geology, Pattern recognition (psychology), Linguistics, Operating system, Neuroscience"
Timothy R. Rebbeck,N/A,I136199984,"Medicine, Biology, Genetics, Internal medicine, Cancer, Oncology, Pathology, Chemistry, Biochemistry, Prostate cancer, Gene, Sociology, Mathematics, Demography, Statistics, Environmental health, Computer science, Population, Prostate, Breast cancer, Political science, Surgery"
Robert Wolf,N/A,I136199984,"Computer science, World Wide Web, Medicine, Chemistry, Biology, Library science, Political science, Internal medicine"
Jeremy M. Wolfe,N/A,I136199984,"Computer science, Psychology, Biology, Artificial intelligence, Neuroscience, Cognitive psychology, Philosophy, Medicine, Visual search, Physics, Computer vision, Mathematics, Engineering, Linguistics, Epistemology, Programming language, Sociology, Economics, Perception, Psychiatry"
Kimberlee Gauvreau,N/A,I136199984,"Medicine, Internal medicine, Cardiology, Surgery, Pathology, Biology, Mathematics, Statistics, Heart disease, Radiology, Psychology, Psychiatry, Pediatrics, Computer science"
Daniel I. Chasman,N/A,I136199984,"Biology, Medicine, Genetics, Chemistry, Biochemistry, Internal medicine, Gene, Genotype, Pathology, Single-nucleotide polymorphism, Endocrinology, Genome-wide association study, Psychology, Computational biology, Sociology, Demography, Bioinformatics, Genetic association, Mathematics, Environmental health, Psychiatry, Statistics, Population"
John E. Mayer,N/A,I136199984,"Medicine, Internal medicine, Cardiology, Surgery, Biology, Pathology, Psychology, Heart disease, Psychiatry, Computer science, Radiology, Engineering, Chemistry"
Uwe Siebert,N/A,I136199984,"Medicine, Internal medicine, Biology, Pathology, Mathematics, Economics, Psychology, Political science, Statistics, Genetics, Law, Computer science, Chemistry, Surgery, Psychiatry, Engineering, Business, Biochemistry, Environmental health, Sociology, Nursing, Demography"
J. M. Moran,N/A,I136199984,"Physics, Astronomy, Astrophysics, Quantum mechanics, Optics, Computer science, Geography, Geology, Galaxy, Computer vision, Stars, Maser, Engineering, Mathematics, Geodesy, Very-long-baseline interferometry, Chemistry, Biology"
Alberto Alesina,N/A,I136199984,"Political science, Economics, Law, Politics, Sociology, Business, Macroeconomics, Philosophy, Mathematics, Computer science, Monetary economics, Keynesian economics, Geography"
Joshua A Hirsch,N/A,I136199984,"Medicine, Internal medicine, Surgery, Biology, Psychology, Radiology, Psychiatry, Physics, Pathology, Thermodynamics, Engineering, Political science, Cardiology, Law, Aerospace engineering, Mechanical engineering, Stroke (engine), Computer science, Anatomy, Chemistry, Anesthesia, Mathematics"
Arlene H. Sharpe,N/A,I136199984,"Biology, Medicine, Genetics, Immunology, Chemistry, Biochemistry, Internal medicine, Immune system, Antigen, Cell biology, In vitro, T cell, Cancer research, Cytotoxic T cell, CD8, Receptor, Gene, Pathology, Cancer, Immunotherapy, Antibody, Blockade"
Daniel G. Tenen,N/A,I136199984,"Biology, Genetics, Chemistry, Biochemistry, Medicine, Gene, Internal medicine, Cancer research, Immunology, Cell biology, Transcription factor, Molecular biology, Stem cell, Gene expression, Cancer, Haematopoiesis, Myeloid"
Yu‐Tzu Tai,N/A,I136199984,"Biology, Medicine, Genetics, Chemistry, Internal medicine, Biochemistry, Immunology, Cancer research, Multiple myeloma, Gene, Cell biology, Molecular biology, Pathology, Apoptosis, In vitro, Cell culture, Cancer"
James F. Gusella,N/A,I136199984,"Biology, Genetics, Chemistry, Biochemistry, Gene, Medicine, Internal medicine, Pathology, Disease, Psychology, Allele, Chromosome, Huntington's disease, Neuroscience"
Steven P. Balk,N/A,I136199984,"Medicine, Biology, Genetics, Chemistry, Biochemistry, Internal medicine, Cancer, Prostate cancer, Cancer research, Gene, Prostate, Oncology, Androgen receptor, Endocrinology, Cell biology, Hormone, Immunology, Androgen, Immune system"
R. H. Holm,N/A,I136199984,"Chemistry, Organic chemistry, Materials science, Physics, Metallurgy, Computer science, Crystallography, Quantum mechanics, Biology, Stereochemistry, Biochemistry, Programming language, Inorganic chemistry, Operating system, Crystal structure, Molecule, Political science, Law, Library science, World Wide Web, Citation, Medicine, Information retrieval"
Ryan B. Corcoran,N/A,I136199984,"Biology, Genetics, Medicine, Internal medicine, Chemistry, Biochemistry, Cancer, Colorectal cancer, Cancer research, Gene, Oncology, Mutation, Mathematics, Pathology, Cell biology, Signal transduction, Computer science, Kinase"
Rifat Atun,N/A,I136199984,"Medicine, Political science, Economics, Law, Pathology, Biology, Economic growth, Nursing, Sociology, Environmental health, Health care, Internal medicine, Business, Computer science, Public health, Demography, Psychology, Population, Mathematics, Psychiatry, Geography"
Martin A. Nowak,N/A,I136199984,"Biology, Medicine, Sociology, Computer science, Genetics, Chemistry, Biochemistry, Demography, Environmental health, Population, Mathematics, Gene, Psychology, Philosophy, Economics, Artificial intelligence, Physics, Microeconomics, Evolutionary biology, Machine learning, Mathematical economics, Epistemology, Ecology, Immunology, Social psychology"
John Y. Campbell,N/A,I136199984,"Computer science, Economics, Business, Mathematics, Finance, Biology, Financial economics, Statistics, Econometrics, Philosophy, Macroeconomics, Medicine, Monetary economics, Computer security, Asset (computer security), Replication (statistics), Virology, Geography, Political science"
Gregory A. Petsko,N/A,I136199984,"Biology, Chemistry, Biochemistry, Genetics, Physics, Organic chemistry, Nuclear magnetic resonance, Gene, Enzyme, Computer science, Medicine, Crystallography, Stereochemistry, Quantum mechanics"
Max Essex,N/A,I136199984,"Medicine, Biology, Virology, Immunology, Genetics, Virus, Family medicine, Human immunodeficiency virus (HIV), Internal medicine, Chemistry, Biochemistry, Gene, Pathology, Antibody, Computer science, Antigen, Engineering, Viral load, Viral disease"
Rebecca S. Heist,N/A,I136199984,"Medicine, Internal medicine, Biology, Genetics, Oncology, Chemistry, Biochemistry, Cancer, Pathology, Gene, Lung cancer, Cancer research, Mutation, Surgery, Colorectal cancer, KRAS, Mathematics, Chemotherapy"
Donald E. Ingber,N/A,I136199984,"Biology, Genetics, Medicine, Chemistry, Biochemistry, Internal medicine, Cell biology, Physics, Materials science, Cell, Engineering, Pathology, Nanotechnology, Organic chemistry, Immunology, Gene, Psychology, Computer science, Quantum mechanics, Composite material"
Mark E. Josephson,N/A,I136199984,"Medicine, Internal medicine, Cardiology, Anesthesia, Psychology, Biology, Atrial fibrillation, Ventricular tachycardia, Tachycardia, Psychiatry, Engineering, Surgery, Neuroscience, Aerospace engineering, Ablation, Physics"
Carmen Reinhart,N/A,I136199984,"Economics, Business, Macroeconomics, Finance, Monetary economics, Political science, Law, Keynesian economics, Philosophy, Linguistics, History, Geography, Art, Financial system, International economics, Archaeology, Exchange rate, Market economy, Computer science, Mathematics, Financial crisis, Microeconomics, Debt, Physics, Visual arts"
Ross S. Berkowitz,N/A,I136199984,"Medicine, Biology, Genetics, Internal medicine, Pathology, Chemistry, Cancer, Biochemistry, Surgery, Pregnancy, Immunology, Gynecology, Ovarian cancer, Gestation, Obstetrics, Cancer research, Oncology, Chemotherapy, Gene, Choriocarcinoma, Gestational trophoblastic disease"
Christine E. Seidman,N/A,I136199984,"Biology, Chemistry, Biochemistry, Medicine, Genetics, Internal medicine, Gene, Cardiology, Cell biology, Heart failure, Endocrinology, Pathology, Cardiomyopathy, Mutation, Hypertrophic cardiomyopathy, Phenotype"
John Quackenbush,N/A,I136199984,"Biology, Genetics, Chemistry, Biochemistry, Gene, Medicine, Computational biology, Computer science, Internal medicine, Gene expression, Pathology, Mathematics, Cancer research, Cancer, Bioinformatics"
Dale W. Jorgenson,N/A,I136199984,"Economics, Macroeconomics, Political science, Computer science, Business, Law, Mathematics, Economic growth, Geography, Microeconomics, Market economy, Biology, History, Productivity, Archaeology"
Raymond T. Chung,N/A,I136199984,"Medicine, Biology, Internal medicine, Genetics, Chemistry, Immunology, Biochemistry, Virology, Virus, Pathology, Gastroenterology, Hepatitis C virus, Gene, Endocrinology, Surgery, Hepatitis C, Family medicine, Human immunodeficiency virus (HIV)"
Simon K. Warfield,N/A,I136199984,"Medicine, Computer science, Psychology, Artificial intelligence, Radiology, Biology, Computer vision, Mathematics, Magnetic resonance imaging, Physics, Neuroscience, Image (mathematics), Engineering, Psychiatry, Cognitive psychology, Statistics, Pattern recognition (psychology), Pathology, Internal medicine, Algorithm, Diffusion MRI"
John Torous,N/A,I136199984,"Medicine, Psychology, Psychiatry, Computer science, Political science, Law, Psychotherapist, Economics, Mental health, Economic growth, Health care, Biology, Nursing, World Wide Web, Pathology, Operating system, Psychological intervention, Internal medicine, Clinical psychology, Internet privacy, Engineering, Philosophy, Mathematics, Sociology, Programming language"
Martha L. Slattery,N/A,I136199984,"Medicine, Biology, Internal medicine, Genetics, Cancer, Chemistry, Colorectal cancer, Biochemistry, Pathology, Oncology, Gene, Mathematics, Statistics, Sociology, Demography, Environmental health, Endocrinology, Genotype, Population, Single-nucleotide polymorphism, Confidence interval, Odds ratio"
Martha E. Shenton,N/A,I136199984,"Medicine, Psychology, Biology, Psychiatry, Neuroscience, Computer science, Radiology, Magnetic resonance imaging, Programming language, Schizophrenia (object-oriented programming), Cognition, Internal medicine, White matter, Diffusion MRI, Psychosis, Audiology, Cognitive psychology, Pathology, Mathematics, Artificial intelligence"
Steven C. Schachter,N/A,I136199984,"Medicine, Psychology, Biology, Psychiatry, Neuroscience, Epilepsy, Internal medicine, Computer science, Pathology"
Andrew A. Nierenberg,N/A,I136199984,"Psychology, Medicine, Psychiatry, Biology, Internal medicine, Clinical psychology, Neuroscience, Endocrinology, Social psychology, Cognition, Mood, Pathology, Lithium (medication), Economics, Bipolar disorder, Anxiety, Macroeconomics, Keynesian economics, Depression (economics), Psychotherapist, Chemistry, Computer science, Biochemistry, Mathematics, Amygdala"
Andrew J. Aguirre,N/A,I136199984,"Biology, Medicine, Genetics, Internal medicine, Cancer, Chemistry, Biochemistry, Cancer research, Gene, Pancreatic cancer, Oncology, Colorectal cancer, Mutation, KRAS, Computer science, Database, Table (database), Data mining, Computational biology, Pathology"
James Hanken,N/A,I136199984,"Biology, Medicine, Geology, Paleontology, Geomorphology, Head (geology), Nuclear medicine, Computer science, Genetics"
Alice T. Shaw,N/A,I136199984,"Medicine, Internal medicine, Biology, Pathology, Oncology, Genetics, Lung cancer, Surgery, Chemistry, Radiology, Biochemistry, Pleural effusion, Malignant pleural effusion, Cancer research, Cancer, Crizotinib, Anaplastic lymphoma kinase, Gene, ALK inhibitor, Adenocarcinoma"
John M. Bennett,N/A,I136199984,"Medicine, Biology, Internal medicine, Immunology, Genetics, Pathology, Surgery, Chemistry, Bone marrow, Oncology, Leukemia, Biochemistry, Cancer research, Myelodysplastic syndromes, Chemotherapy, Computer science, Gastroenterology"
David R. Clarke,N/A,I136199984,"Physics, Materials science, Chemistry, Composite material, Organic chemistry, Quantum mechanics, Metallurgy, Engineering, Nanotechnology, Thermodynamics, Optoelectronics, Optics, Crystallography, Computer science, Biology, Geology, Medicine, Condensed matter physics, Ceramic, Layer (electronics), Electrical engineering"
Axel Meyer,N/A,I136199984,"Biology, Genetics, Chemistry, Biochemistry, Gene, Evolutionary biology, Fishery, Ecology, Zoology, Fish <Actinopterygii>, Medicine, Phylogenetic tree, Phylogenetics, Geology, Cichlid, Paleontology, Sociology, Environmental health, Demography, Population, Genome"
Sandro Santagata,N/A,I136199984,"Biology, Medicine, Genetics, Internal medicine, Chemistry, Biochemistry, Cancer research, Pathology, Cancer, Immunology, Gene, Surgery, Oncology, Radiology, Computer science, Immune system"
K. Frank Austen,N/A,I136199984,"Biology, Medicine, Chemistry, Genetics, Immunology, Biochemistry, Internal medicine, Physics, Organic chemistry, Nuclear magnetic resonance, Enzyme, Endocrinology, Receptor, Cell biology, Antibody, Molecular biology, Mast cell, Asthma, Pathology, Immune system, Gene"
Marc Lipsitch,N/A,I136199984,"Medicine, Biology, Pathology, Genetics, Internal medicine, Virology, Sociology, Immunology, Chemistry, Biochemistry, Demography, Environmental health, Computer science, Geology, Paleontology, Disease, Microbiology, Mathematics, Population, Infectious disease (medical specialty), Engineering, Antibiotics, Bacteria, Coronavirus disease 2019 (COVID-19), Geography"
Dennis J. Selkoe,N/A,I136199984,"Biology, Medicine, Internal medicine, Chemistry, Pathology, Disease, Biochemistry, Genetics, Alzheimer's disease, Psychology, Neuroscience, Physics, Cell biology, Nuclear magnetic resonance, Botany, Gene, Inorganic chemistry, Amyloid (mycology), Organic chemistry, Amyloid precursor protein, Endocrinology, Receptor, Enzyme, Immunology"
Makoto Iwata,N/A,I136199984,"Chemistry, Biology, Physics, Medicine, Materials science, Quantum mechanics, Engineering, Internal medicine, Organic chemistry, Psychology, Condensed matter physics, Electrical engineering, Optoelectronics, Dielectric, Thermodynamics, Neuroscience, Genetics, Pathology, Biochemistry, Psychiatry, Mathematics, Computer science, Phase (matter)"
Bob S. Carter,N/A,I136199984,"Medicine, Biology, Internal medicine, Genetics, Chemistry, Cancer research, Biochemistry, Surgery, Psychology, Pathology, Gene, Radiology, Physics, Sociology, Political science, Computer science, Law, Cancer"
Vijay K. Kuchroo,N/A,I136199984,"Biology, Medicine, Genetics, Immunology, Chemistry, Biochemistry, Internal medicine, Immune system, Cell biology, Gene, T cell, Pathology, Antigen, Endocrinology, Antibody, In vitro, Disease, Inflammation, Psychology, Cytotoxic T cell, Receptor, Neuroscience, Psychiatry, CD8, Cancer research"
D. Gulhan,N/A,I136199984,"Physics, Nuclear physics, Particle physics, Quantum mechanics, Large Hadron Collider, Mathematics, Astronomy, Quark, Astrophysics, Chemistry, Materials science, Geography, Biology, Computer science, Metallurgy, History, Archaeology, Hadron, Engineering, Gauge (firearms), Standard Model (mathematical formulation), Electron, Luminosity, Galaxy, Lepton"
Edward O. Wilson,N/A,I136199984,"Biology, Philosophy, Ecology, Computer science, Sociology, Art, Geography, Political science"
David C. Glahn,N/A,I136199984,"Biology, Medicine, Psychology, Neuroscience, Psychiatry, Cognition, Internal medicine, Computer science, Genetics, Chemistry, Biochemistry, Gene, Clinical psychology, Endocrinology, Programming language, Radiology, Schizophrenia (object-oriented programming), Pathology, Sociology"
Edward L. Glaeser,N/A,I136199984,"Economics, Political science, Law, Business, Geography, Sociology, Computer science, Engineering, Philosophy, Economic growth, Mathematics, Biology, History, Microeconomics, Finance, Economic geography, Medicine, Archaeology"
Sabina A. Murphy,N/A,I136199984,"Medicine, Internal medicine, Cardiology, Psychology, Psychiatry, Myocardial infarction, Biology, Percutaneous coronary intervention, Conventional PCI, Thrombolysis, TIMI, Chemistry, Biochemistry, Pathology, Surgery, Endocrinology, Mathematics, Statistics, Acute coronary syndrome, Physics, Engineering, Confidence interval"
David R. Walt,N/A,I136199984,"Chemistry, Biology, Genetics, Biochemistry, Medicine, Computer science, Physics, Materials science, Engineering, Organic chemistry, Mathematics, Optics, Internal medicine, Nanotechnology, Quantum mechanics, Biomarker, Pathology, Chromatography"
Stuart F. Quan,N/A,I136199984,"Medicine, Biology, Psychology, Internal medicine, Psychiatry, Anesthesia, Computer science, Pathology, Neuroscience, Cardiology, Operating system, Programming language, Sleep (system call), Obstructive sleep apnea, Pharmacology, Insomnia, Apnea, Physics, Electroencephalography, Mathematics, Cognition, Sleep apnea, Polysomnography, Endocrinology, Surgery"
Kornélia Polyák,N/A,I136199984,"Biology, Genetics, Medicine, Internal medicine, Cancer, Chemistry, Breast cancer, Biochemistry, Gene, Cancer research, Oncology, Computational biology, Computer science, Cell biology, Pathology, Immunology"
A. Dalgarno,N/A,I136199984,"Physics, Quantum mechanics, Chemistry, Organic chemistry, Atomic physics, Nuclear physics, Astronomy, Optics, Biology, Materials science, Computer science, Engineering, Ion, Molecule, Mathematics, Astrophysics"
Alessandro Di Federico,N/A,I136199984,"Medicine, Biology, Internal medicine, Oncology, Pathology, Genetics, Lung cancer, Cancer research, Chemistry, Biochemistry, Cancer, Immunology, Immune system, Gene, Immunotherapy, Mutation, Surgery, Receptor, Mutant"
David T. Scadden,N/A,I136199984,"Biology, Genetics, Medicine, Internal medicine, Chemistry, Immunology, Cell biology, Biochemistry, Stem cell, Pathology, Haematopoiesis, Cancer research, Gene, Bone marrow, Progenitor cell, Physics"
Susan Bonner‐Weir,N/A,I136199984,"Chemistry, Biology, Medicine, Internal medicine, Endocrinology, Biotechnology, Diabetes mellitus, Insulin, Genetics, Biochemistry, Islet, Cell biology, Computer science, Gene, Pathology"
Joan W. Miller,N/A,I136199984,"Medicine, Biology, Ophthalmology, Chemistry, Biochemistry, Psychology, Internal medicine, Physics, Genetics, Optics, Psychiatry, Botany, Retinal, Surgery, Macular degeneration, Pathology, Neuroscience, Visual acuity, Cancer research, Gene"
Andrea L. Pusic,N/A,I136199984,"Medicine, Biology, Surgery, Internal medicine, Psychology, Genetics, Cancer, Pathology, Nursing, Breast cancer, Mathematics, Psychotherapist, Statistics, Quality of life (healthcare), Physics, Political science, Law, Breast reconstruction, Business, Marketing, Psychiatry, Economics, Mastectomy, Computer science, Sociology"
Eng H. Lo,N/A,I136199984,"Medicine, Biology, Internal medicine, Psychology, Chemistry, Neuroscience, Biochemistry, Physics, Genetics, Psychiatry, Endocrinology, Cardiology, Engineering, Pathology, Thermodynamics, Mechanical engineering, Aerospace engineering, Stroke (engine), Surgery, Anesthesia, Cell biology, Ischemia, Radiology, Immunology, Organic chemistry"
Roy G. Gordon,N/A,I136199984,"Physics, Chemistry, Materials science, Quantum mechanics, Organic chemistry, Engineering, Metallurgy, Composite material, Nanotechnology, Biology, Optoelectronics, Chemical engineering, Layer (electronics), Inorganic chemistry, Physical chemistry, Thermodynamics, Computer science, Electrical engineering, Thin film, Geology, Crystallography, Optics, Electrode, Mathematics"
Scott L. Rauch,N/A,I136199984,"Medicine, Psychology, Biology, Psychiatry, Neuroscience, Internal medicine, Clinical psychology, Cognition, Computer science, Endocrinology, Radiology, Cognitive psychology"
David N. Louis,N/A,I136199984,"Biology, Medicine, Genetics, Chemistry, Biochemistry, Internal medicine, Gene, Cancer research, Pathology, Cancer, Glioma, Glioblastoma, Surgery, Psychology, Radiology, Computational biology"
Harald Paganetti,N/A,I136199984,"Medicine, Physics, Radiology, Internal medicine, Quantum mechanics, Surgery, Radiation therapy, Optics, Engineering, Nuclear physics, Proton, Structural engineering, Civil engineering, Beam (structure), Proton therapy, Nuclear medicine, Mathematics, Statistics, Biology, Computer science, Monte Carlo method, Irradiation, Chemistry, Materials science, Genetics"
David Sinclair,N/A,I136199984,"Biology, Medicine, Chemistry, Genetics, Biochemistry, Internal medicine, Physics, Gene, Organic chemistry, Pathology, Cell biology, Computer science, Endocrinology, Nuclear magnetic resonance, Enzyme"
Daniel W. Cramer,N/A,I136199984,"Medicine, Biology, Genetics, Internal medicine, Cancer, Ovarian cancer, Oncology, Chemistry, Biochemistry, Pathology, Gynecology, Mathematics, Gene, Statistics, Endocrinology, Computer science, Sociology, Demography, Environmental health, Surgery, Obstetrics"
Dennis Brown,N/A,I136199984,"Chemistry, Biology, Medicine, Genetics, Biochemistry, Internal medicine, Cell biology, Endocrinology, Organic chemistry, Physics, Pathology, Gene, Cell, Membrane, Kidney, Receptor, Engineering, Nuclear magnetic resonance, Enzyme, Geology, Anatomy"
Guillermo J. Tearney,N/A,I136199984,"Medicine, Physics, Optics, Radiology, Biology, Internal medicine, Computer science, Pathology, Ophthalmology, Optical coherence tomography, Engineering, Genetics, Mathematics, Quantum mechanics, Surgery, Materials science, Chemistry, Artificial intelligence, Computer vision, Cardiology, Biomedical engineering, Biochemistry, Geometry, Psychology"
Dan G. Duda,N/A,I136199984,"Medicine, Biology, Internal medicine, Genetics, Cancer research, Chemistry, Cancer, Biochemistry, Immunology, Oncology, Pathology, Surgery, Immune system, Chemotherapy, Receptor, Gene"
Sidney B. Fay,N/A,I136199984,"Political science, History, Art, Philosophy, Law, Computer science, Geography"
E. M. Farina,N/A,I136199984,"Physics, Quantum mechanics, Particle physics, Nuclear physics, Large Hadron Collider, Biology, Medicine, Geology, Anatomy, Computer science, Paleontology, Atlas (anatomy), Engineering, Mathematics, Optics, Electrical engineering, Telecommunications, Materials science, Boson, Detector, Higgs boson, Hadron, Electron, Geography, Lepton"
Frederick W. Alt,N/A,I136199984,"Biology, Genetics, Chemistry, Biochemistry, Gene, Medicine, Immunology, Molecular biology, Cell biology, DNA, Internal medicine, Antibody, Recombination, Immune system, B cell, Physics"
Döst Öngür,N/A,I136199984,"Medicine, Psychology, Psychiatry, Biology, Neuroscience, Internal medicine, Computer science, Endocrinology, Programming language, Cognition, Schizophrenia (object-oriented programming), Clinical psychology, Chemistry, Biochemistry, Psychosis, Social psychology"
Dan L. Longo,N/A,I136199984,"Medicine, Biology, Genetics, Internal medicine, Chemistry, Immunology, Biochemistry, Pathology, Gene, Cancer research, Cell biology, Immune system, Cancer, Surgery, In vitro"
Nikos Makris,N/A,I136199984,"Psychology, Medicine, Biology, Computer science, Neuroscience, Psychiatry, Radiology, Internal medicine, Magnetic resonance imaging, Endocrinology, White matter, Cognition, Chemistry, Artificial intelligence, Diffusion MRI"
N. Gregory Mankiw,N/A,I136199984,"Economics, Macroeconomics, Political science, Keynesian economics, Mathematics, Philosophy, Monetary economics, Computer science, Business"
Lawrence H. Summers,N/A,I136199984,"Economics, Business, Political science, Macroeconomics, Law, Finance, Monetary economics, Mathematics, Computer science, Keynesian economics, Philosophy, Market economy, Geography, Physics, History, Economic growth"
Roger Fu,N/A,I136199984,"Biology, Physics, Quantum mechanics, Magnetic field, Chemistry, Mathematics, Materials science, Medicine, Metallurgy, Organic chemistry, Optics, Engineering, Composite material, Statistics, Pathology, Diamond, Replication (statistics), Microscope, Virology, Magnetometer, Electronic engineering, Computer science, Sensitivity (control systems), Quantum, Classical mechanics"
Michael H. Picard,N/A,I136199984,"Medicine, Internal medicine, Cardiology, Biology, Radiology, Surgery, Psychology, Psychiatry, Heart failure, Endocrinology, Physics, Pathology, Computer science"
Joseph P. Newhouse,N/A,I136199984,"Economics, Medicine, Political science, Law, Business, Economic growth, Health care, Computer science, Actuarial science, Nursing, Mathematics, Biology, Psychology, Sociology, Family medicine, Internal medicine, Pathology, Finance"
George D. Demetri,N/A,I136199984,"Medicine, Biology, Internal medicine, Genetics, Pathology, Cancer research, Chemistry, Oncology, Surgery, Cancer, Biochemistry, Immunology, Stromal cell, Radiology, Bioinformatics, GiST, Chemotherapy, Pharmacology, Sarcoma, Gene, Cell biology, Organic chemistry, Imatinib, Myeloid leukemia, Receptor"
Dani Rodrik,N/A,I136199984,"Economics, Political science, Law, Business, Philosophy, Market economy, Macroeconomics, Politics, Geography, Biology, Finance, International economics, International trade, Computer science, Sociology, Economic growth, Mathematics, History, Linguistics"
Marc L. Schermerhorn,N/A,I136199984,"Medicine, Surgery, Internal medicine, Radiology, Cardiology, Aneurysm, Psychology, Psychiatry, Pathology, Mathematics, Statistics, Abdominal aortic aneurysm, Biology, Aorta, Physics, Anesthesia, Perioperative, Myocardial infarction, Endovascular aneurysm repair, Stenosis, Aortic aneurysm, Carotid arteries, Engineering"
Ron Kikinis,N/A,I136199984,"Medicine, Computer science, Radiology, Artificial intelligence, Biology, Psychology, Computer vision, Physics, Magnetic resonance imaging, Mathematics, Psychiatry, Engineering, Programming language, Neuroscience, Internal medicine, Surgery, Image (mathematics), Pathology, Operating system"
Sharon‐Lise T. Normand,N/A,I136199984,"Medicine, Internal medicine, Psychology, Psychiatry, Mathematics, Statistics, Computer science, Economics, Pathology, Political science, Law, Surgery, Cardiology, Biology, Sociology, Economic growth, Health care, Emergency medicine, Demography, Myocardial infarction, Physics, Nursing, Machine learning, Environmental health"
George Q. Daley,N/A,I136199984,"Biology, Genetics, Chemistry, Biochemistry, Cell biology, Gene, Medicine, Stem cell, Internal medicine, Embryonic stem cell, Immunology, Haematopoiesis, Induced pluripotent stem cell, Cancer research, Cell, Transcription factor"
Lisa Berkman,N/A,I136199984,"Medicine, Psychology, Sociology, Internal medicine, Biology, Pathology, Mathematics, Gerontology, Demography, Political science, Psychiatry, Statistics, Law, Computer science, Economics, Environmental health, Population, Neuroscience, Psychotherapist, Nursing"
José C. Florez,N/A,I136199984,"Biology, Medicine, Endocrinology, Genetics, Internal medicine, Diabetes mellitus, Chemistry, Biochemistry, Gene, Pathology, Type 2 diabetes, Genotype, Single-nucleotide polymorphism, Biotechnology, Insulin, Genome-wide association study, Sociology, Bioinformatics, Demography, Environmental health, Obesity, Mathematics, Population, Statistics, Genetic association"
Tari A. King,N/A,I136199984,"Biology, Medicine, Genetics, Internal medicine, Cancer, Breast cancer, Oncology, Pathology, Surgery, Chemistry, Biochemistry, Mathematics, Radiology, Gene"
David A. Evans,N/A,I136199984,"Chemistry, Biology, Organic chemistry, Biochemistry, Catalysis, Stereochemistry, Materials science, Combinatorial chemistry, Enantioselective synthesis, Computer science, Physics, Medicinal chemistry, Metallurgy"
Russ Mayer,N/A,I136199984,"Computer science, Political science, Politics, Law, Democracy, Programming language, Database, Mathematics, Algorithm, Geography, Operating system, Data file, Chemistry"
Greg Adams,N/A,I136199984,"Computer science, Political science, Politics, Law, Democracy, Programming language, Database, Mathematics, Algorithm, Geography, Operating system, Data file, Chemistry"
James D. Griffin,N/A,I136199984,"Biology, Medicine, Genetics, Chemistry, Biochemistry, Internal medicine, Cell biology, Cancer research, Gene, Immunology, Receptor, Signal transduction, Tyrosine kinase, Myeloid leukemia, Kinase, Leukemia, Physics, Phosphorylation, Pathology, Molecular biology, Cell culture, Cancer"
Brett E. Bouma,N/A,I136199984,"Physics, Optics, Medicine, Radiology, Computer science, Quantum mechanics, Ophthalmology, Optical coherence tomography, Engineering, Materials science, Mathematics, Biology, Artificial intelligence, Internal medicine, Computer vision, Chemistry, Pathology, Statistics, Biomedical engineering, Tomography, Surgery, Telecommunications, Cardiology, Genetics, Coherence (philosophical gambling strategy)"
Michael R. Jaff,N/A,I136199984,"Medicine, Internal medicine, Surgery, Cardiology, Psychology, Psychiatry, Radiology, Biology, Pathology, Myocardial infarction, Vascular disease, Arterial disease, Computer science, Revascularization, Physics, Intensive care medicine"
Curtis Huttenhower,N/A,I136199984,"Biology, Genetics, Medicine, Chemistry, Biochemistry, Internal medicine, Gene, Bioinformatics, Pathology, Microbiome, Computational biology, Geology, Paleontology, Immunology, Disease, Computer science, Bacteria, Metagenomics, Gut flora, Ecology"
Ian Taylor,N/A,I136199984,"Computer science, Engineering, Physics, Mathematics, Geography, Biology, Operating system, Economics, Quantum mechanics, Medicine, Programming language, Geology, World Wide Web, Political science"
Ferenc A. Jólesz,N/A,I136199984,"Medicine, Radiology, Biology, Physics, Computer science, Psychology, Magnetic resonance imaging, Internal medicine, Artificial intelligence, Neuroscience, Surgery, Engineering, Psychiatry, Computer vision, Pathology, Nuclear medicine, Chemistry, Genetics, Quantum mechanics"
Brian M. Alexander,N/A,I136199984,"Medicine, Biology, Internal medicine, Genetics, Chemistry, Cancer research, Oncology, Biochemistry, Pathology, Cancer, Surgery, Gene, Radiology, Mathematics, Statistics, Computer science, Radiation therapy"
Xihong Lin,N/A,I136199984,"Biology, Medicine, Genetics, Chemistry, Biochemistry, Internal medicine, Mathematics, Computer science, Gene, Statistics, Pathology, Psychology, Genotype, Single-nucleotide polymorphism, Economics, Computational biology, Machine learning, Sociology, Philosophy, Artificial intelligence"
Bernard T. Lee,N/A,I136199984,"Medicine, Surgery, Biology, Internal medicine, Pathology, Genetics, Psychology, Computer science, Cancer, Breast cancer, Radiology, Mathematics, Physics, Political science, Law, Sociology, Breast reconstruction, Psychiatry, Statistics, Economics, Chemistry"
Daniel E. Singer,N/A,I136199984,"Medicine, Internal medicine, Cardiology, Atrial fibrillation, Pathology, Surgery, Physics, Mathematics, Engineering, Biology, Psychology, Thermodynamics, Statistics, Aerospace engineering, Mechanical engineering, Stroke (engine), Psychiatry, Warfarin, Chemistry, Confidence interval"
Sheryl L. Rifas‐Shiman,N/A,I136199984,"Medicine, Biology, Internal medicine, Pathology, Genetics, Endocrinology, Mathematics, Statistics, Pregnancy, Chemistry, Sociology, Psychology, Demography, Pediatrics, Body mass index, Biochemistry, Cohort, Obesity, Obstetrics, Environmental health, Surgery, Psychiatry, Computer science, Immunology"
M. Brandon Westover,N/A,I136199984,"Medicine, Psychology, Biology, Psychiatry, Neuroscience, Internal medicine, Computer science, Electroencephalography, Mathematics, Statistics, Pathology, Anesthesia, Surgery, Artificial intelligence, Physics, Epilepsy, Machine learning"
Raphael Bueno,N/A,I136199984,"Medicine, Biology, Genetics, Pathology, Internal medicine, Chemistry, Biochemistry, Materials science, Composite material, Mesothelioma, Cancer research, Oncology, Gene, Cancer, Surgery, Computer science, Immunology, Philosophy, Computational biology, Lung cancer, Linguistics, Lung, Mathematics"
Jerome Kagan,N/A,I136199984,"Psychology, Developmental psychology, Medicine, Social psychology, Computer science, Biology, Philosophy, Psychiatry, Cognitive psychology, Psychoanalysis, Neuroscience, Epistemology"
Zhigang Suo,N/A,I136199984,"Materials science, Physics, Composite material, Chemistry, Engineering, Organic chemistry, Quantum mechanics, Thermodynamics, Biology, Computer science, Electrical engineering, Nanotechnology, Geology, Metallurgy, Mathematics, Optoelectronics, Physical chemistry, Oceanography, Structural engineering, Mechanics, Elastomer, Chemical engineering, Nuclear magnetic resonance, Polymer, Geography"
Hiroaki Wakimoto,N/A,I136199984,"Biology, Medicine, Genetics, Cancer research, Chemistry, Biochemistry, Internal medicine, Gene, Cancer, Cell biology, Glioma, Immunology, Pathology, Immune system, Tumor cells, Glioblastoma, Mutant, Physics, Virology, Virus, Surgery"
Francine Laden,N/A,I136199984,"Medicine, Internal medicine, Biology, Mathematics, Statistics, Pathology, Environmental health, Sociology, Demography, Genetics, Confidence interval, Chemistry, Computer science, Physics, Surgery, Ecology, Psychology, Population, Organic chemistry, Cohort, Cancer, Economics, Cohort study"
E. Antonio Chiocca,N/A,I136199984,"Medicine, Biology, Genetics, Internal medicine, Cancer research, Chemistry, Biochemistry, Immunology, Cancer, Immune system, Gene, Glioma, Pathology, Virology, Immunotherapy, Virus, Receptor, Tumor cells, Surgery, Oncology, Glioblastoma, Psychology, Oncolytic virus"
Jessica E. Haberer,N/A,I136199984,"Medicine, Biology, Family medicine, Psychology, Immunology, Virology, Internal medicine, Human immunodeficiency virus (HIV), Pathology, Genetics, Nursing, Sociology, Psychiatry, Computer science, Mathematics, Virus, Viral load, Statistics, Political science, Law, Economics, Demography, Environmental health, Antiretroviral therapy"
Hensin Tsao,N/A,I136199984,"Medicine, Biology, Genetics, Cancer research, Melanoma, Internal medicine, Chemistry, Biochemistry, Cancer, Gene, Dermatology, Pathology, Cell biology"
Joseph T. Coyle,N/A,I136199984,"Medicine, Biology, Psychology, Internal medicine, Chemistry, Neuroscience, Biochemistry, Genetics, Endocrinology, Receptor, Psychiatry, Glutamate receptor, Pathology, Organic chemistry, Physics, Pharmacology, Central nervous system, NMDA receptor, Computer science, Dopamine"
Zoltán Szállási,N/A,I136199984,"Biology, Genetics, Chemistry, Medicine, Biochemistry, Internal medicine, Gene, Cancer, Cancer research, DNA, Oncology, Computational biology, Physics, Pathology, Computer science"
Adam A. Dmytriw,N/A,I136199984,"Medicine, Internal medicine, Surgery, Radiology, Cardiology, Psychology, Psychiatry, Physics, Biology, Pathology, Engineering, Mechanical engineering, Thermodynamics, Aerospace engineering, Stroke (engine), Mathematics, Statistics, Ischemia, Occlusion, Computer science, Ischemic stroke"
Kjersti M. Aagaard,N/A,I136199984,"Biology, Medicine, Genetics, Pregnancy, Internal medicine, Chemistry, Biochemistry, Pathology, Fetus, Obstetrics, Endocrinology, Gene, Bioinformatics, Microbiome, Immunology, Psychology, Gestation, Mathematics"
Joel N. Hirschhorn,N/A,I136199984,"Biology, Genetics, Medicine, Chemistry, Biochemistry, Gene, Internal medicine, Genotype, Single-nucleotide polymorphism, Endocrinology, Pathology, Sociology, Demography, Genome-wide association study, Environmental health, Computational biology, Population, Genetic association, Evolutionary biology, Allele, Mathematics, Phenotype, Computer science, Psychology, Statistics"
Felton J. Earls,N/A,I136199984,"Psychology, Medicine, Geography, Sociology, Computer science, Psychiatry, Political science, Developmental psychology, Law"
John D. Spengler,N/A,I136199984,"Biology, Environmental science, Medicine, Geography, Chemistry, Ecology, Organic chemistry, Physics, Environmental health, Engineering, Meteorology, Mathematics, Internal medicine, Geology, Statistics, Pathology, Computer science, Sociology, Psychology, Environmental chemistry, Air pollution, Environmental engineering"
Fritz H. Bach,N/A,I136199984,"Medicine, Biology, Genetics, Chemistry, Immunology, Biochemistry, Internal medicine, Antigen, Gene, Immune system, In vitro, Endocrinology, Surgery, Molecular biology, Cell biology, Transplantation"
Timothy E. Wilens,N/A,I136199984,"Medicine, Psychology, Psychiatry, Biology, Clinical psychology, Internal medicine, Pathology, Attention deficit hyperactivity disorder, Pharmacology, Psychotherapist, Neuroscience, Endocrinology, Chemistry, Developmental psychology, Nursing, Biochemistry"
Joan S. Brugge,N/A,I136199984,"Biology, Genetics, Medicine, Chemistry, Biochemistry, Internal medicine, Cell biology, Cancer research, Cancer, Gene, Immunology, Signal transduction, Phosphorylation, Cell culture, Kinase, Receptor, Pathology, Physics, Organic chemistry, Cell"
Michael A. J. Ferguson,N/A,I136199984,"Biology, Chemistry, Genetics, Biochemistry, Medicine, Gene, Organic chemistry, Physics, Immunology, Nuclear magnetic resonance, Computer science, Enzyme, Cell biology, Molecular biology, Pathology, Internal medicine, Trypanosoma brucei, World Wide Web, Virology, Glycoprotein, Parasite hosting"
Ashvin Vishwanath,N/A,I136199984,"Physics, Quantum mechanics, Condensed matter physics, Mathematics, Engineering, Materials science, Electrical engineering, Combinatorics, Quantum, Nuclear physics, Geometry, Chemistry, Topology (electrical circuits), Particle physics, Superconductivity, Thermodynamics, Organic chemistry, Theoretical physics, Computer science, Electron"
Martin Reuter,N/A,I136199984,"Biology, Medicine, Psychology, Computer science, Mathematics, Physics, Neuroscience, Psychiatry, Internal medicine, Quantum mechanics, Chemistry, Genetics, Endocrinology, Philosophy, Artificial intelligence, Biochemistry, Radiology"
Kathryn M. Rexrode,N/A,I136199984,"Medicine, Internal medicine, Biology, Pathology, Endocrinology, Mathematics, Statistics, Chemistry, Biochemistry, Surgery, Confidence interval, Physics, Genetics, Psychology, Cardiology, Engineering, Mechanical engineering, Thermodynamics, Psychiatry, Aerospace engineering, Stroke (engine), Prospective cohort study, Sociology, Diabetes mellitus, Demography"
Dharminder Chauhan,N/A,I136199984,"Biology, Medicine, Genetics, Chemistry, Biochemistry, Internal medicine, Cancer research, Immunology, Cell biology, Multiple myeloma, Apoptosis, Cell culture, Gene, In vitro, Bortezomib, Molecular biology, Pathology, Pharmacology, Proteasome, Endocrinology, Biotechnology, In vivo, Physics, Receptor, Bone marrow"
Henry W. Long,N/A,I136199984,"Biology, Genetics, Medicine, Chemistry, Biochemistry, Internal medicine, Cancer, Cancer research, Gene, Oncology, Computer science, Breast cancer, Cell biology, Gene expression, Immunology, Endocrinology, DNA, Database, Data mining, Apoptosis, Table (database)"
Charles M. Lieber,N/A,I136199984,"Materials science, Physics, Quantum mechanics, Nanotechnology, Chemistry, Engineering, Optoelectronics, Organic chemistry, Optics, Nanowire, Computer science, Composite material, Electrical engineering, Condensed matter physics, Biology, Chemical engineering, Metallurgy, Medicine, Biochemistry"
Charles A. Czeisler,N/A,I136199984,"Medicine, Psychology, Biology, Internal medicine, Neuroscience, Endocrinology, Circadian rhythm, Physics, Psychiatry, Computer science, Operating system, Programming language, Chemistry, Sleep (system call), Biochemistry, Art, Philosophy, Acoustics, Genetics, Pathology, Pharmacology, Aesthetics, Gene, Rhythm, Circadian clock"
Mohamed H. Sayegh,N/A,I136199984,"Medicine, Biology, Genetics, Immunology, Internal medicine, Chemistry, Biochemistry, Immune system, Surgery, Antigen, Transplantation, T cell, In vitro, Cytotoxic T cell, Cell biology, Gene, Endocrinology, Pathology, Antibody, CD8, Receptor"
Marko Lončar,N/A,I136199984,"Physics, Materials science, Quantum mechanics, Optoelectronics, Optics, Engineering, Chemistry, Computer science, Electrical engineering, Organic chemistry, Composite material, Nanotechnology, Laser, Metallurgy, Telecommunications, Lithium niobate, Photonics, Diamond, Quantum, Biology, Medicine"
Friedhelm Hildebrandt,N/A,I136199984,"Biology, Medicine, Genetics, Chemistry, Biochemistry, Gene, Internal medicine, Endocrinology, Phenotype, Pathology, Mutation, Kidney, Cell biology"
Lawrence L. Wald,N/A,I136199984,"Computer science, Medicine, Physics, Engineering, Radiology, Biology, Quantum mechanics, Artificial intelligence, Psychology, Electrical engineering, Magnetic resonance imaging, Optics, Computer vision, Neuroscience, Mathematics, Nuclear magnetic resonance, Telecommunications, Internal medicine, Materials science, Chemistry, Psychiatry, Electromagnetic coil"
Christophe Benoist,N/A,I136199984,"Biology, Genetics, Medicine, Chemistry, Biochemistry, Immunology, Gene, Immune system, Internal medicine, Cell biology, Antigen, Pathology, T cell, Physics, Antibody, Computer science, Disease, Endocrinology, In vitro"
Miguel A. Hernán,N/A,I136199984,"Medicine, Internal medicine, Pathology, Mathematics, Statistics, Biology, Computer science, Psychology, Surgery, Economics, Genetics, Econometrics, Sociology, Confidence interval, Physics, Observational study, Demography, Environmental health, Psychiatry, Causal inference, Population, Philosophy, Immunology"
Craig Gérard,N/A,I136199984,"Chemistry, Biology, Medicine, Genetics, Internal medicine, Biochemistry, Immunology, Receptor, Immune system, Inflammation, Computer science"
Michelle A. Williams,N/A,I136199984,"Medicine, Biology, Internal medicine, Pathology, Genetics, Mathematics, Statistics, Pregnancy, Endocrinology, Psychology, Obstetrics, Chemistry, Sociology, Biochemistry, Psychiatry, Computer science, Environmental health, Odds ratio, Demography, Confidence interval, Gestation, Diabetes mellitus"
Diego A. Pizzagalli,N/A,I136199984,"Psychology, Medicine, Biology, Neuroscience, Psychiatry, Internal medicine, Clinical psychology, Cognition, Endocrinology, Computer science, Social psychology, Economics, Psychotherapist, Macroeconomics, Keynesian economics, Depression (economics), Dopamine, Mood, Cognitive psychology, Amygdala, Programming language, Developmental psychology, Chemistry, Radiology, Pathology"
Michael J. Barry,N/A,I136199984,"Medicine, Biology, Internal medicine, Pathology, Genetics, Cancer, Surgery, Psychology, Prostate, Political science, Law, Prostate cancer, Mathematics, Family medicine, Gynecology, Computer science, Nursing, Endocrinology, Economics"
Christine S. Ritchie,N/A,I136199984,"Medicine, Psychology, Nursing, Internal medicine, Pathology, Biology, Psychiatry, Political science, Law, Economics, Gerontology, Sociology, Family medicine, Economic growth, Health care, Disease, Computer science, Palliative care, Mathematics, Statistics, Psychotherapist, Surgery, Demography"
David A. Williams,N/A,I136199984,"Biology, Genetics, Medicine, Chemistry, Biochemistry, Internal medicine, Cell biology, Gene, Immunology, Stem cell, Haematopoiesis, Pathology, Cancer research, Surgery, Genetic enhancement, Bone marrow, Molecular biology, Progenitor cell, Signal transduction, Cell"
John R. Weisz,N/A,I136199984,"Psychology, Medicine, Psychiatry, Clinical psychology, Psychotherapist, Developmental psychology, Biology, Pathology, Economics, Internal medicine, Computer science, Nursing, Political science, Anxiety, Law, Mathematics, Social psychology, Philosophy, Mental health, Surgery, Statistics, Neuroscience, Macroeconomics"
Ali S. Raja,N/A,I136199984,"Medicine, Psychology, Internal medicine, Psychiatry, Surgery, Biology, Nursing, Emergency department, Emergency medicine, Pathology, Computer science, Radiology, Medical emergency, Political science, Law, Physics, Economics, Mathematics, Chemistry"
Xinan Wang,N/A,I136199984,"Biology, Medicine, Genetics, Internal medicine, Chemistry, Biochemistry, Oncology, Pathology, Cancer research, Lung cancer, Gene, Cancer, Mathematics, Mutation, Biomarker, Immunology"
Edward H Phillips,N/A,I136199984,"Engineering, Aeronautics, Business, Aerospace engineering, Medicine, Computer science, Aviation, Biology, Transport engineering, Internal medicine, Physics, Surgery, Geography"
Yu Shrike Zhang,N/A,I136199984,"Medicine, Biology, Engineering, Materials science, Chemistry, Genetics, Nanotechnology, Physics, Computer science, Biomedical engineering, Organic chemistry, Biochemistry, Composite material, Internal medicine, Chemical engineering, Pathology, Quantum mechanics, Tissue engineering, Thermodynamics, Cell biology"
