Name,Email,University_ID,Research Area
Brian Zambri,N/A,I63966007,"Computer science, Biology, Geology"
G. Gomez Ceballos,N/A,I63966007,"Physics, Particle physics, Nuclear physics, Quantum mechanics, Large Hadron Collider, Astronomy, Mathematics, Astrophysics, Quark, Geography, Materials science, History, Archaeology, Electron, Metallurgy, Galaxy, Luminosity, Computer science, Engineering, Gauge (firearms), Lepton, Standard Model (mathematical formulation), Economics, Hadron, Boson"
K. Long,N/A,I63966007,"Physics, Particle physics, Nuclear physics, Quantum mechanics, Large Hadron Collider, Mathematics, Quark, Astronomy, Astrophysics, Materials science, Geography, Computer science, Hadron, Electron, Engineering, Lepton, Proton, History, Archaeology, Metallurgy, Galaxy, Luminosity, Gauge (firearms), Standard Model (mathematical formulation), Economics"
Timothy M. Swager,N/A,I63966007,"Chemistry, Organic chemistry, Materials science, Physics, Biology, Quantum mechanics, Composite material, Nuclear magnetic resonance, Engineering, Biochemistry, Nanotechnology, Polymer, Computer science, Combinatorial chemistry, Catalysis, Polymer chemistry"
Róbert Langer,N/A,I63966007,"Biology, Chemistry, Medicine, Genetics, Materials science, Biochemistry, Engineering, Organic chemistry, Physics, Nanotechnology, Internal medicine, Chemical engineering, Composite material, Quantum mechanics, Nuclear magnetic resonance, Biomedical engineering, Pharmacology, Computer science, Cell biology, Psychology, Gene, Polymer"
Matthew Meyerson,N/A,I63966007,"Biology, Genetics, Chemistry, Medicine, Biochemistry, Internal medicine, Gene, Cancer research, Cancer, Oncology, Mutation, Pathology, Computational biology, Computer science, Cell biology"
Ron Johnston,N/A,I63966007,"Political science, Economics, Sociology, Law, Geography, Politics, Computer science, Mathematics, Philosophy, Economic geography, History, Biology"
G. S. F. Stephans,N/A,I63966007,"Physics, Nuclear physics, Particle physics, Quantum mechanics, Large Hadron Collider, Mathematics, Astronomy, Quark, Computer science, Engineering, Astrophysics, Materials science, Geography, Economics, Electron, Proton, Hadron, Lepton, Metallurgy, History, Archaeology, Galaxy, Luminosity, Macroeconomics, Microeconomics"
R. Frey,N/A,I63966007,"Physics, Quantum mechanics, Particle physics, Nuclear physics, Mathematics, Computer science, Optics, Chemistry, Engineering, Atomic physics, Electrical engineering, Astronomy, Astrophysics, Hadron, Telecommunications, Detector, Materials science, Organic chemistry, Gravitational wave, Branching fraction"
Cass R. Sunstein,N/A,I63966007,"Political science, Law, Economics, Sociology, Computer science, Philosophy, Psychology, Business, Law and economics, Politics, Epistemology, Mathematics"
Stephen J. Lippard,N/A,I63966007,"Chemistry, Organic chemistry, Biology, Biochemistry, Physics, Materials science, Genetics, Medicine, Stereochemistry, Quantum mechanics, Internal medicine, Metallurgy, Computer science, Catalysis, Crystallography, Nuclear magnetic resonance"
Esther Duflo,N/A,I63966007,"Computer science, Mathematics, Economics, Biology, Political science, Medicine, Law, Geography, Psychology"
J. M. Conrad,N/A,I63966007,"Physics, Quantum mechanics, Nuclear physics, Particle physics, Neutrino, Optics, Computer science, Astronomy, Astrophysics, Engineering, Neutrino oscillation, Electrical engineering, Chemistry, Telecommunications, Detector, Mathematics, Organic chemistry, Materials science, Electron, Neutrino detector"
James G. Fujimoto,N/A,I63966007,"Physics, Optics, Medicine, Ophthalmology, Radiology, Optical coherence tomography, Quantum mechanics, Computer science, Biology, Materials science, Engineering, Chemistry, Mathematics, Laser, Psychology, Artificial intelligence, Biochemistry, Internal medicine, Statistics, Optoelectronics, Computer vision, Botany, Retinal, Coherence (philosophical gambling strategy), Neuroscience"
M. S. Dresselhaus,N/A,I63966007,"Physics, Materials science, Quantum mechanics, Engineering, Chemistry, Composite material, Nanotechnology, Organic chemistry, Optics, Condensed matter physics, Chemical engineering, Metallurgy, Optoelectronics, Computer science, Mathematics, Electrical engineering, Thermodynamics, Raman spectroscopy, Carbon nanotube, Biology, Nuclear physics"
Robert M. Townsend,N/A,I63966007,"Chemistry, Physics, Quantum mechanics, Physical chemistry, Townsend, Computer science, Geography, Economics, Mathematics, Business"
B. Wysłouch,N/A,I63966007,"Physics, Nuclear physics, Particle physics, Quantum mechanics, Large Hadron Collider, Mathematics, Astronomy, Quark, Computer science, Astrophysics, Engineering, Proton, Materials science, Electron, Economics, Hadron, Geography, Lepton, Metallurgy, History, Archaeology, Macroeconomics, Microeconomics, Production (economics), Luminosity"
Gaël Forget,N/A,I63966007,"Geology, Environmental science, Biology, Climatology, Physics, Geography, Meteorology, Computer science, Paleontology, Series (stratigraphy), Mathematics, Oceanography"
E. Smith,N/A,I63966007,"Physics, Particle physics, Nuclear physics, Quantum mechanics, Chemistry, Mathematics, Astrophysics, Astronomy, Atomic physics, Galaxy, Luminosity, Organic chemistry, Computer science, Meson, Branching fraction, Hadron, Optics"
M. D’Alfonso,N/A,I63966007,"Physics, Nuclear physics, Particle physics, Quantum mechanics, Large Hadron Collider, Mathematics, Astronomy, Quark, Computer science, Astrophysics, Proton, Geography, Electron, Materials science, Engineering, Economics, Lepton, History, Archaeology, Metallurgy, Gauge (firearms), Macroeconomics, Microeconomics, Production (economics), Standard Model (mathematical formulation)"
C. Roland,N/A,I63966007,"Physics, Nuclear physics, Particle physics, Quantum mechanics, Large Hadron Collider, Mathematics, Astronomy, Quark, Computer science, Astrophysics, Engineering, Proton, Materials science, Hadron, Electron, Geography, Economics, Lepton, Metallurgy, History, Archaeology, Luminosity, Galaxy, Macroeconomics, Microeconomics"
G. Ricker,N/A,I63966007,"Physics, Astrophysics, Astronomy, Computer science, Quantum mechanics, Computer vision, Stars, Planet, Engineering, Mathematics, Exoplanet, Optics, Biology"
Ju Li,N/A,I63966007,"Physics, Materials science, Chemistry, Quantum mechanics, Engineering, Organic chemistry, Composite material, Biology, Metallurgy, Thermodynamics, Nanotechnology, Computer science, Chemical engineering, Mathematics, Physical chemistry, Condensed matter physics, Geology, Crystallography, Optics, Medicine, Electrical engineering"
Daron Acemoğlu,N/A,I63966007,"Economics, Political science, Law, Computer science, Mathematics, Business, Sociology, Macroeconomics, Microeconomics, Physics, Politics, Market economy, Biology, Economic growth, Geography"
Daniela Rus,N/A,I63966007,"Computer science, Artificial intelligence, Engineering, Mathematics, Robot, Physics, Operating system, Programming language, Biology, Economics, Quantum mechanics, Geography, Management, Machine learning, Philosophy, Computer vision, Statistics, Algorithm, Electrical engineering"
Rick Danheiser,N/A,I63966007,"Chemistry, Computer science, Organic chemistry, Library science, Political science, Law, World Wide Web, Citation, Art, History, Art history, Biology, Biochemistry, Catalysis"
Dean Karlan,N/A,I63966007,"Economics, Business, Computer science, Political science, Law, Mathematics, Medicine, Geography, Biology, Finance, Psychology"
Manolis Kellis,N/A,I63966007,"Computer science, Biology, Chemistry, Genetics, Biochemistry, Gene, Computational biology, Medicine, Gene expression"
W. Busza,N/A,I63966007,"Physics, Nuclear physics, Particle physics, Quantum mechanics, Large Hadron Collider, Mathematics, Computer science, Engineering, Quark, Astronomy, Economics, Proton, Hadron, Electron, Macroeconomics, Microeconomics, Production (economics), Materials science, Astrophysics, Lepton, Geography, Aerospace engineering, Chemistry"
Douglas A. Lauffenburger,N/A,I63966007,"Biology, Genetics, Medicine, Chemistry, Biochemistry, Internal medicine, Cell biology, Receptor, Immunology, Gene, Computer science, Physics, Cancer, Cancer research, Computational biology, Cell, Pathology, Signal transduction, Cell culture"
G. Roland,N/A,I63966007,"Physics, Nuclear physics, Particle physics, Quantum mechanics, Large Hadron Collider, Computer science, Mathematics, Engineering, Quark, Proton, Astronomy, Economics, Hadron, Macroeconomics, Microeconomics, Production (economics), Electron, Chemistry, Lepton"
William H. Green,N/A,I63966007,"Physics, Chemistry, Biology, Organic chemistry, Quantum mechanics, Computer science, Engineering, Mathematics, Biochemistry, Thermodynamics, Materials science, Physical chemistry, Geography, Medicine"
Alex Pentland,N/A,I63966007,"Computer science, Artificial intelligence, Mathematics, Philosophy, Psychology, Physics, Engineering, Political science, Law, Operating system, Biology, Sociology, Economics, Statistics, Linguistics, Geography, Computer vision, Programming language, Medicine, Quantum mechanics, World Wide Web, Business, Epistemology"
Dietmar Seyferth,N/A,I63966007,"Chemistry, Organic chemistry, Materials science, Biology, Physics, Computer science, Medicinal chemistry, Metallurgy, Biochemistry, Catalysis, Political science, Law, Library science, Programming language, Quantum mechanics, World Wide Web, Citation"
Jonathan P. How,N/A,I63966007,"Computer science, Artificial intelligence, Engineering, Mathematics, Economics, Physics, Management, Quantum mechanics, Biology, Control (management), Programming language, Statistics, Machine learning, Mathematical optimization, Algorithm, Operating system, Philosophy, Control theory (sociology), Geography, Electrical engineering, Astronomy, Robot"
Erik D. Demaine,N/A,I63966007,"Computer science, Mathematics, Combinatorics, Algorithm, Geometry, Engineering, Discrete mathematics, Programming language, Theoretical computer science, Mathematical analysis, Operating system, Artificial intelligence, Mechanical engineering, Physics, Philosophy, Graph, Biology"
Dirk Englund,N/A,I63966007,"Physics, Quantum mechanics, Materials science, Optics, Optoelectronics, Engineering, Computer science, Electrical engineering, Chemistry, Photonics, Quantum, Organic chemistry, Nanotechnology, Composite material, Metallurgy, Photon, Telecommunications, Condensed matter physics, Electronic engineering, Mathematics, Photonic crystal, Operating system, Quantum computer"
Markus J. Buehler,N/A,I63966007,"Materials science, Physics, Engineering, Chemistry, Biology, Composite material, Computer science, Quantum mechanics, Nanotechnology, Organic chemistry, Thermodynamics, Biochemistry, Metallurgy, Geology, Mathematics, Genetics, Chemical engineering, Medicine"
D. Kovalskyi,N/A,I63966007,"Physics, Particle physics, Nuclear physics, Quantum mechanics, Large Hadron Collider, Mathematics, Computer science, Quark, Astronomy, Proton, Engineering, Geography, Economics, Astrophysics, Electron, Lepton, Materials science, Macroeconomics, Microeconomics, Production (economics), Hadron, History, Archaeology, Metallurgy, Galaxy"
Joshua B. Tenenbaum,N/A,I63966007,"Computer science, Artificial intelligence, Philosophy, Mathematics, Psychology, Epistemology, Statistics, Machine learning, Biology, Linguistics, Physics, Engineering, Programming language, Economics, Cognitive psychology, Neuroscience, Quantum mechanics, Political science, Law, Medicine, Computer vision, Cognitive science, Operating system"
D. Krasnopevtsev,N/A,I63966007,"Physics, Quantum mechanics, Particle physics, Nuclear physics, Large Hadron Collider, Biology, Geology, Medicine, Anatomy, Paleontology, Atlas (anatomy), Computer science, Engineering, Mathematics, Optics, Boson, Higgs boson, Electron, Hadron, Electrical engineering, Telecommunications, Geography, Lepton, Detector, Astronomy"
Steven A. Carr,N/A,I63966007,"Biology, Chemistry, Genetics, Biochemistry, Medicine, Gene, Internal medicine, Cell biology, Computational biology, Cancer research, Physics, Cancer, Computer science, Organic chemistry, Nuclear magnetic resonance, Immunology"
Keith A. Nelson,N/A,I63966007,"Physics, Quantum mechanics, Materials science, Optics, Engineering, Optoelectronics, Chemistry, Laser, Computer science, Organic chemistry, Electrical engineering, Condensed matter physics, Thermodynamics, Mathematics, Astronomy, Composite material, Biology, Terahertz radiation, Femtosecond, Nanotechnology, Spectroscopy, Telecommunications"
Paula T. Hammond,N/A,I63966007,"Chemistry, Biology, Materials science, Physics, Engineering, Organic chemistry, Nanotechnology, Composite material, Quantum mechanics, Chemical engineering, Medicine, Biochemistry, Genetics, Nuclear magnetic resonance, Polymer, Computer science, Physical chemistry, Psychology"
Ivan Amos Cali,N/A,I63966007,"Physics, Nuclear physics, Particle physics, Quantum mechanics, Large Hadron Collider, Quark, Computer science, Mathematics, Proton, Engineering, Astronomy, Economics, Electron, Lepton, Materials science, Macroeconomics, Microeconomics, Production (economics), Geography, Astrophysics, History, Metallurgy, Archaeology, Hadron, Boson"
Eric S. Lander,N/A,I63966007,"Biology, Genetics, Chemistry, Biochemistry, Gene, Medicine, Computational biology, Internal medicine, Genome, Computer science, Cancer"
John D. Joannopoulos,N/A,I63966007,"Physics, Quantum mechanics, Materials science, Optoelectronics, Optics, Engineering, Computer science, Chemistry, Electrical engineering, Mathematics, Organic chemistry, Condensed matter physics, Photonic crystal, Composite material, Photonics, Thermodynamics, Telecommunications, Nanotechnology, Geometry, Biology, Metallurgy"
Robert W. Field,N/A,I63966007,"Physics, Quantum mechanics, Chemistry, Organic chemistry, Atomic physics, Astronomy, Computer science, Optics, Engineering, Materials science, Mathematics, Molecule, Spectroscopy, Nuclear physics, Spectral line, Excited state, Biology, Electrical engineering"
James G. Fox,N/A,I63966007,"Biology, Medicine, Genetics, Internal medicine, Chemistry, Biochemistry, Immunology, Gastroenterology, Pathology, Gene, Helicobacter pylori, Microbiology, Geology, Cancer, Paleontology, Helicobacter, Endocrinology, Ecology"
Micah Altman,N/A,I63966007,"Computer science, Political science, Law, Politics, Programming language, Democracy, Mathematics, Geography, Operating system, Database, Algorithm"
Gian‐Carlo Rota,N/A,I63966007,"Mathematics, Pure mathematics, Physics, Computer science, Algebra over a field"
R. Vanderspek,N/A,I63966007,"Physics, Astrophysics, Astronomy, Computer science, Computer vision, Stars, Quantum mechanics, Planet, Exoplanet, Mathematics, Engineering, Biology"
Jing Kong,N/A,I63966007,"Physics, Materials science, Quantum mechanics, Engineering, Chemistry, Nanotechnology, Chemical engineering, Organic chemistry, Optoelectronics, Composite material, Biology, Graphene, Optics, Electrical engineering, Computer science, Biochemistry, Condensed matter physics, Metallurgy, Physical chemistry, Thermodynamics"
David E. Smith,N/A,I63966007,"Geology, Physics, Geography, Astronomy, Biology, Engineering, Geodesy, Astrobiology, Remote sensing, Quantum mechanics, Aerospace engineering, Computer science, Meteorology, Optics, Geophysics, Mathematics, Paleontology, Environmental science, Altimeter, Satellite, Telecommunications"
Richard D. Braatz,N/A,I63966007,"Computer science, Physics, Engineering, Quantum mechanics, Mathematics, Biology, Chemistry, Artificial intelligence, Economics, Management, Control (management), Thermodynamics, Materials science, Organic chemistry, Programming language, Statistics, Operating system, Control theory (sociology), Medicine, Mathematical optimization, Electrical engineering, Geology, Machine learning"
Klavs F. Jensen,N/A,I63966007,"Chemistry, Physics, Materials science, Organic chemistry, Engineering, Biology, Quantum mechanics, Nanotechnology, Biochemistry, Thermodynamics, Computer science, Composite material, Chemical engineering, Mathematics, Catalysis, Optoelectronics, Mechanics, Chromatography, Optics, Metallurgy, Geology, Physical chemistry"
V. Azzolini,N/A,I63966007,"Physics, Particle physics, Nuclear physics, Quantum mechanics, Mathematics, Chemistry, Atomic physics, Hadron, Branching fraction, Organic chemistry, Materials science, Large Hadron Collider, Quark, Computer science, Astronomy, Geometry, Astrophysics, Meson, Geography"
Péter Müller,N/A,I63966007,"Chemistry, Materials science, Organic chemistry, Crystallography, Physics, Biology, Quantum mechanics, Crystal structure, Computer science, Biochemistry, Metallurgy, Medicine"
Christoph Paus,N/A,I63966007,"Physics, Particle physics, Nuclear physics, Quantum mechanics, Computer science, Large Hadron Collider, Engineering, Quark, Economics, Proton, Mathematics, Macroeconomics, Microeconomics, Production (economics), Electron, Lepton, Astronomy, Geography, Astrophysics, Hadron, Top quark"
Marin Soljačić,N/A,I63966007,"Physics, Quantum mechanics, Optics, Materials science, Optoelectronics, Engineering, Computer science, Mathematics, Electrical engineering, Photonics, Chemistry, Photonic crystal, Telecommunications, Nanotechnology, Laser, Biology, Condensed matter physics, Thermodynamics"
Richard P. Binzel,N/A,I63966007,"Physics, Astronomy, Biology, Astrobiology, Geology, Asteroid, Astrophysics, Computer science, Geography, Quantum mechanics, Mathematics, Meteorite, Engineering, Pluto, Optics, Solar System"
John W. Fisher,N/A,I63966007,"Engineering, Computer science, Physics, Biology, Materials science, Mathematics, Structural engineering, Composite material, Geology, Quantum mechanics, Artificial intelligence, Thermodynamics, Chemistry, Mechanical engineering, Medicine, Forensic engineering, Philosophy, Metallurgy, Geography, Statistics"
M. Porkoláb,N/A,I63966007,"Physics, Quantum mechanics, Nuclear physics, Plasma, Tokamak, Engineering, Chemistry, Organic chemistry, Computer science, Atomic physics, Magnetic field, Materials science, Optics, Ion, Thermodynamics, Alcator C-Mod, Electron, Electrical engineering, Computational physics, Mechanics, Telecommunications, Composite material, Cyclotron, Mathematics, Geology"
Yang Shao‐Horn,N/A,I63966007,"Chemistry, Physics, Quantum mechanics, Organic chemistry, Materials science, Physical chemistry, Engineering, Biology, Electrode, Chemical engineering, Biochemistry, Electrochemistry, Metallurgy, Nanotechnology, Catalysis, Inorganic chemistry, Composite material, Electrolyte, Thermodynamics, Medicine, Oxygen, Psychology, Internal medicine, Crystallography, Computer science"
Roger D. Kamm,N/A,I63966007,"Biology, Medicine, Chemistry, Genetics, Biochemistry, Internal medicine, Physics, Materials science, Cell biology, Thermodynamics, Engineering, Computer science, Cell, Psychology, Pathology, In vitro, Quantum mechanics, Composite material, Cancer research, Immunology, Nanotechnology, Endocrinology, Organic chemistry"
James M. Poterba,N/A,I63966007,"Economics, Business, Political science, Law, Finance, Market economy, Macroeconomics, Public economics, Computer science, Monetary economics, Mathematics, Biology, Tax reform, Geography, Accounting, Sociology, History"
Robert G. Griffin,N/A,I63966007,"Chemistry, Physics, Quantum mechanics, Organic chemistry, Nuclear magnetic resonance, Materials science, Biology, Stereochemistry, Astronomy, Nuclear magnetic resonance spectroscopy, Engineering, Physical chemistry, Biochemistry, Crystallography, Spectral line, Computer science, Medicine, Genetics, Magic angle spinning, Optics, Molecule, Composite material, Nuclear physics, Chromatography, Atomic physics"
Michael S. Strano,N/A,I63966007,"Materials science, Physics, Nanotechnology, Engineering, Chemistry, Quantum mechanics, Chemical engineering, Composite material, Biology, Organic chemistry, Carbon nanotube, Biochemistry, Optics, Computer science, Physical chemistry, Genetics, Mathematics, Thermodynamics, Optoelectronics, Medicine"
Susan Solomon,N/A,I63966007,"Physics, Geology, Geography, Meteorology, Climatology, Environmental science, Biology, Atmospheric sciences, Chemistry, Organic chemistry, Astronomy, Stratosphere, Ecology, Ozone, Thermodynamics, Oceanography, Quantum mechanics, Mathematics, Engineering, Ozone depletion, Computer science"
Dara Entekhabi,N/A,I63966007,"Geology, Geography, Physics, Environmental science, Engineering, Meteorology, Remote sensing, Computer science, Biology, Quantum mechanics, Geotechnical engineering, Ecology, Materials science, Chemistry, Water content, Organic chemistry, Mathematics, Composite material, Atmospheric sciences, Aerospace engineering, Optics, Astronomy, Climatology, Telecommunications, Moisture"
Richard J. Temkin,N/A,I63966007,"Physics, Quantum mechanics, Engineering, Optics, Materials science, Computer science, Nuclear physics, Electron, Thermodynamics, Electrical engineering, Optoelectronics, Power (physics), Telecommunications, Chemistry, Gyrotron, Organic chemistry, Structural engineering, Civil engineering, Beam (structure), Laser, Astronomy, Electronic engineering, Computer network, Plasma"
B. Coppi,N/A,I63966007,"Physics, Quantum mechanics, Nuclear physics, Plasma, Engineering, Thermodynamics, Computer science, Aerospace engineering, Magnetic field, Mathematics, Ignition system, Mechanics, Materials science, Atomic physics, IGNITOR, Chemistry, Organic chemistry"
Martin Z. Bazant,N/A,I63966007,"Physics, Quantum mechanics, Chemistry, Materials science, Engineering, Organic chemistry, Thermodynamics, Physical chemistry, Biology, Electrode, Composite material, Computer science, Mathematics, Geology, Nanotechnology, Chemical physics, Electrical engineering, Mechanics, Ion, Biochemistry, Electrolyte, Chemical engineering, Medicine"
Moungi G. Bawendi,N/A,I63966007,"Physics, Materials science, Quantum mechanics, Chemistry, Nanotechnology, Engineering, Optoelectronics, Optics, Organic chemistry, Quantum dot, Chemical engineering, Biology, Electrical engineering, Condensed matter physics, Composite material, Computer science, Nanocrystal"
Emery N. Brown,N/A,I63966007,"Psychology, Biology, Medicine, Neuroscience, Computer science, Psychiatry, Mathematics, Internal medicine, Artificial intelligence, Physics, Statistics, Anesthesia, Engineering, Endocrinology, Philosophy, Electroencephalography, Chemistry, Surgery, Cognitive psychology, Economics, Pharmacology, Machine learning"
Lionel C. Kimerling,N/A,I63966007,"Physics, Materials science, Optoelectronics, Quantum mechanics, Optics, Chemistry, Engineering, Organic chemistry, Metallurgy, Electrical engineering, Silicon, Computer science, Composite material, Nanotechnology, Telecommunications, Laser, Photonics, Condensed matter physics, Thermodynamics, Layer (electronics)"
Anantha P. Chandrakasan,N/A,I63966007,"Computer science, Engineering, Electrical engineering, Physics, Quantum mechanics, Telecommunications, Electronic engineering, Mathematics, Operating system, Materials science, Thermodynamics, Computer network, Voltage, Power (physics), Optoelectronics, Statistics, CMOS, Biology, Computer hardware, Embedded system, Programming language, Algorithm, Artificial intelligence, Chemistry, Ecology"
N. L. Belyaev,N/A,I63966007,"Physics, Quantum mechanics, Particle physics, Nuclear physics, Large Hadron Collider, Biology, Geology, Medicine, Anatomy, Paleontology, Atlas (anatomy), Computer science, Engineering, Optics, Mathematics, Electrical engineering, Higgs boson, Telecommunications, Boson, Detector, Hadron, Atlas detector, Geography, Quark, Electron"
Leo Anthony Celi,N/A,I63966007,"Medicine, Computer science, Psychology, Internal medicine, Biology, Political science, Law, Mathematics, Economics, Pathology, Intensive care medicine, Artificial intelligence, Psychiatry, Statistics, Surgery, Economic growth, Machine learning, Health care, Sociology, Engineering, Physics, Philosophy, Chemistry"
Charles P. Kindleberger,N/A,I63966007,"Economics, Political science, Business, History, Law, Computer science, Geography, Macroeconomics, Philosophy, Finance, Economic history"
Gareth H. McKinley,N/A,I63966007,"Physics, Materials science, Composite material, Thermodynamics, Quantum mechanics, Engineering, Chemistry, Mechanics, Organic chemistry, Biology, Mathematics, Rheology, Geology, Viscoelasticity, Classical mechanics, Nuclear magnetic resonance, Polymer, Computer science, Geometry, Geography, Chemical engineering, Paleontology, Meteorology, Nanotechnology"
B. LaBombard,N/A,I63966007,"Physics, Quantum mechanics, Nuclear physics, Plasma, Tokamak, Alcator C-Mod, Engineering, Atomic physics, Chemistry, Organic chemistry, Materials science, Computer science, Thermodynamics, Divertor, Mathematics, Mechanics, Ion, Telecommunications, Electrical engineering, Geography, Computational physics, Optics, Composite material"
Kerry Emanuel,N/A,I63966007,"Physics, Geography, Geology, Meteorology, Climatology, Oceanography, Environmental science, Biology, Tropical cyclone, Atmospheric sciences, Thermodynamics, Computer science, Engineering, Ecology, Quantum mechanics, Mechanics, Storm, Climate change, Convection, Operating system"
F. Ë. Taylor,N/A,I63966007,"Physics, Particle physics, Quantum mechanics, Nuclear physics, Biology, Computer science, Large Hadron Collider, Medicine, Mathematics, Geology, Engineering, Optics, Paleontology, Anatomy, Atlas (anatomy), Electrical engineering, Telecommunications, Detector, Hadron, Atlas detector, Chemistry"
Jonathan Gruber,N/A,I63966007,"Economics, Political science, Law, Business, Economic growth, Medicine, Health care, Computer science, Market economy, Actuarial science, Mathematics, Sociology, Biology, Finance, Philosophy, Demographic economics, Public economics, Health insurance, Nursing, Psychology, Labour economics"
Andrew W. Lo,N/A,I63966007,"Economics, Business, Computer science, Finance, Mathematics, Biology, Financial economics, Political science, Statistics, Econometrics, Law, Medicine, History, Macroeconomics, Philosophy"
Moe Z. Win,N/A,I63966007,"Computer science, Engineering, Telecommunications, Mathematics, Computer network, Electrical engineering, Physics, Statistics, Algorithm, Channel (broadcasting), Operating system, Quantum mechanics, Electronic engineering, Wireless, Decoding methods, Artificial intelligence, Optics, Fading, Estimator, Economics, Biology, Programming language"
Gregory Stephanopoulos,N/A,I63966007,"Biology, Chemistry, Biochemistry, Genetics, Physics, Organic chemistry, Gene, Medicine, Nuclear magnetic resonance, Enzyme, Internal medicine, Computer science, Engineering, Endocrinology, Computational biology, Metabolism, Geology, Materials science, Metabolic engineering"
G. Dresselhaus,N/A,I63966007,"Physics, Quantum mechanics, Materials science, Chemistry, Composite material, Condensed matter physics, Engineering, Organic chemistry, Optics, Nanotechnology, Metallurgy, Chemical engineering, Raman spectroscopy, Mathematics, Computer science, Carbon nanotube, Optoelectronics, Graphite, Nuclear physics, Atomic physics, Crystallography, Electrical engineering"
Joshua D. Angrist,N/A,I63966007,"Mathematics, Economics, Computer science, Statistics, Medicine, Psychology, Political science, Biology, Law, Econometrics, Business, Geography, Machine learning, Sociology, History, Philosophy, Physics"
M. Nafi Toksöz,N/A,I63966007,"Geology, Physics, Biology, Engineering, Seismology, Quantum mechanics, Paleontology, Optics, Computer science, Geophysics, Mathematics, Materials science, Geography, Geotechnical engineering, Composite material, Chemistry, Acoustics, Astronomy, Civil engineering"
Yen-Jie Lee,N/A,I63966007,"Physics, Particle physics, Nuclear physics, Quantum mechanics, Large Hadron Collider, Computer science, Quark, Proton, Mathematics, Engineering, Economics, Macroeconomics, Microeconomics, Production (economics), Electron, Lepton, Astronomy, Hadron, Top quark, Aerospace engineering, Database, Geography, Astrophysics, Data mining, Table (database)"
James Glass,N/A,I63966007,"Computer science, Artificial intelligence, Speech recognition, Natural language processing, Philosophy, Mathematics, Linguistics, Machine learning, Engineering, Biology, Physics, Psychology, Programming language, Statistics, Computer vision, Quantum mechanics, Operating system, Geography, Political science, Law, Economics, Cognitive psychology, Geometry"
U. Feldman,N/A,I63966007,"Physics, Quantum mechanics, Astronomy, Nuclear physics, Optics, Spectral line, Chemistry, Astrophysics, Plasma, Materials science, Organic chemistry, Atomic physics, Engineering, Mathematics, Ion, Biology, Laser, Optoelectronics, Geometry, Magnetic field, Computer science, Aerospace engineering, Line (geometry), Solar flare"
Moshe Ben‐Akiva,N/A,I63966007,"Computer science, Mathematics, Engineering, Economics, Statistics, Transport engineering, Physics, Operating system, Business, Biology, Machine learning, Political science, Econometrics, Law, Geography, Civil engineering, Artificial intelligence, Operations research, Quantum mechanics, Programming language, Microeconomics, Philosophy"
Tonio Buonassisi,N/A,I63966007,"Physics, Materials science, Engineering, Chemistry, Quantum mechanics, Organic chemistry, Optoelectronics, Electrical engineering, Metallurgy, Composite material, Nanotechnology, Biology, Computer science, Silicon, Optics, Ecology, Crystallography, Thermodynamics, Chemical engineering, Photovoltaic system, Condensed matter physics, Solar cell, Layer (electronics), Mathematics"
Erich P. Ippen,N/A,I63966007,"Physics, Quantum mechanics, Optics, Materials science, Engineering, Optoelectronics, Laser, Computer science, Electrical engineering, Telecommunications, Chemistry, Organic chemistry, Wavelength, Composite material, Electronic engineering, Optical fiber, Femtosecond, Fiber, Ultrashort pulse, Detector, Voltage, Condensed matter physics, Pulse (music), Fiber laser"
Avi Shporer,N/A,I63966007,"Physics, Astronomy, Astrophysics, Computer science, Computer vision, Stars, Planet, Exoplanet, Engineering, Biology, Mathematics, Astrobiology, Quantum mechanics, Planetary system, Aerospace engineering, Political science, Law, Arithmetic, Binary number, Computer network, Computer security"
Carlo Ratti,N/A,I63966007,"Computer science, Engineering, Geography, Physics, Biology, Operating system, Mathematics, Economics, Quantum mechanics, Philosophy, Sociology, Political science, Artificial intelligence, Law, Medicine, Ecology, Business, Geology, Psychology, History, Telecommunications, Statistics, Transport engineering, Archaeology"
Andrew Vanderburg,N/A,I63966007,"Physics, Astronomy, Astrophysics, Computer science, Computer vision, Stars, Planet, Exoplanet, Biology, Astrobiology, Mathematics, Quantum mechanics, Engineering, Planetary system"
Karim Nader,N/A,I63966007,"Psychology, Medicine, Biology, Neuroscience, Computer science, Internal medicine, Endocrinology, Psychiatry, Chemistry"
Dimitris Bertsimas,N/A,I63966007,"Computer science, Mathematics, Mathematical optimization, Statistics, Artificial intelligence, Algorithm, Economics, Engineering, Philosophy, Programming language, Biology, Operating system, Machine learning, Physics, Medicine, Epistemology, Geometry, Mathematical analysis, Computer network, Business"
A. John Hart,N/A,I63966007,"Physics, Quantum mechanics, Chemistry, Materials science, Composite material, Engineering, Mathematics, Organic chemistry, Nanotechnology, Computer science, Chemical engineering, Nuclear physics, Particle physics, Biology, Metallurgy, Carbon nanotube, Thermodynamics, Optics, Atomic physics, Geology"
Herman L. Marshall,N/A,I63966007,"Physics, Quantum mechanics, Astronomy, Astrophysics, Optics, Chemistry, Computer science, Nuclear physics, Galaxy, Mathematics, Engineering, Scattering, Materials science, Polarimetry, Physical chemistry, Polarization (electrochemistry), Spectral line"
B. Delaney,N/A,I63966007,"Physics, Particle physics, Nuclear physics, Quantum mechanics, Mathematics, Astrophysics, Chemistry, Astronomy, Luminosity, Galaxy, Atomic physics, Computer science, Organic chemistry, Meson, Hadron, Optics"
B. P. Weiss,N/A,I63966007,"Physics, Biology, Geology, Astrobiology, Astronomy, Quantum mechanics, Paleontology, Geophysics, Magnetic field, Geochemistry, Computer science, Meteorite, Astrophysics, Chemistry, Engineering, Paleomagnetism, Geography"
James J. Collins,N/A,I63966007,"Biology, Chemistry, Genetics, Biochemistry, Computer science, Computational biology, Gene, Medicine, Physics, Engineering, Geology"
Jonathan D. Cohen,N/A,I63966007,"Computer science, Psychology, Biology, Medicine, Neuroscience, Psychiatry, Cognitive psychology, Artificial intelligence, Cognition, Mathematics, Economics, Engineering, Philosophy, Programming language, Management, Epistemology, Statistics, Physics, Machine learning"
F. Taylor,N/A,I63966007,"Physics, Particle physics, Nuclear physics, Quantum mechanics, Mathematics, Hadron, Chemistry, Atomic physics, Biology, Computer science, Branching fraction, Large Hadron Collider, Geology, Quark, Organic chemistry, Electron–positron annihilation, Meson, Geometry, Optics, Engineering, Materials science, Electron"
W. H. G. Lewin,N/A,I63966007,"Physics, Astrophysics, Astronomy, Quantum mechanics, Computer science, Optics, Nuclear physics, Galaxy, Mathematics, Computer vision, Stars, Materials science, Chemistry, X-ray, Engineering"
Cherif Amirat,N/A,I63966007,"Computer science, Engineering, Physics, Electrical engineering, Quantum mechanics, Materials science, Optoelectronics"
Yet‐Ming Chiang,N/A,I63966007,"Physics, Materials science, Chemistry, Quantum mechanics, Engineering, Organic chemistry, Physical chemistry, Thermodynamics, Electrode, Composite material, Metallurgy, Biology, Chemical engineering, Nanotechnology, Geology, Electrochemistry, Electrolyte, Electrical engineering, Medicine, Crystallography, Power (physics), Computer science, Psychology, Internal medicine, Battery (electricity)"
Victor Chernozhukov,N/A,I63966007,"Mathematics, Computer science, Statistics, Economics, Econometrics, Machine learning, Artificial intelligence, Philosophy, Epistemology, Inference, Estimator, Biology, Quantile, Psychology, Mathematical analysis, Applied mathematics, Physics, Medicine, Quantile regression"
Eytan Modiano,N/A,I63966007,"Computer science, Engineering, Computer network, Mathematics, Operating system, Telecommunications, Mathematical optimization, Economics, Distributed computing, Wireless, Physics, Programming language, Computer security, Electrical engineering, Operations management, Quantum mechanics, Statistics, Network packet, Scheduling (production processes), Electronic engineering, Algorithm, Wireless network, Combinatorics, Embedded system, Queue"
Jesús A. del Alamo,N/A,I63966007,"Physics, Materials science, Engineering, Quantum mechanics, Electrical engineering, Optoelectronics, Chemistry, Computer science, Voltage, Organic chemistry, Transistor, Condensed matter physics, Composite material, Nanotechnology, Optics, Mathematics, Electronic engineering, Telecommunications, Metallurgy, Thermodynamics, Biology, Layer (electronics)"
C. Paus,N/A,I63966007,"Physics, Particle physics, Nuclear physics, Quantum mechanics, Large Hadron Collider, Astronomy, Mathematics, Astrophysics, Materials science, Hadron, Luminosity, Galaxy, Geography, Electron, Quark, Metallurgy, History, Archaeology, Computer science, Engineering, Gauge (firearms), Lepton, Standard Model (mathematical formulation), Optics, Economics"
Seth Lloyd,N/A,I63966007,"Physics, Quantum mechanics, Computer science, Quantum, Mathematics, Quantum computer, Engineering, Algorithm, Quantum information, Quantum entanglement, Statistics, Artificial intelligence, Statistical physics, Open quantum system, Qubit, Programming language, Electrical engineering, Biology, Mathematical analysis, Quantum algorithm, Quantum network, Chemistry"
R. Ferrari,N/A,I63966007,"Physics, Quantum mechanics, Particle physics, Nuclear physics, Large Hadron Collider, Biology, Geology, Medicine, Anatomy, Paleontology, Atlas (anatomy), Mathematics, Engineering, Hadron, Electron, Astronomy, Optics, Computer science, Geography, Materials science, Lepton, Astrophysics, Quark, History, Archaeology"
Mark Vogelsberger,N/A,I63966007,"Physics, Astrophysics, Astronomy, Quantum mechanics, Galaxy, Computer science, Computer vision, Stars, Star formation, Galaxy formation and evolution, Halo, Particle physics, Redshift, Dark matter, Mathematics, Engineering, Optics"
Peter T. C. So,N/A,I63966007,"Physics, Optics, Medicine, Quantum mechanics, Materials science, Pathology, Engineering, Biology, Computer science, Microscopy, Chemistry, Fluorescence, Genetics, Electrical engineering, Artificial intelligence, Biochemistry, Mathematics, Organic chemistry, Composite material, Excitation, Internal medicine, Cell biology, Computer vision, Nanotechnology"
Jeffrey C. Grossman,N/A,I63966007,"Physics, Materials science, Quantum mechanics, Chemistry, Organic chemistry, Engineering, Nanotechnology, Composite material, Computer science, Biology, Optoelectronics, Chemical engineering, Thermodynamics, Mathematics, Condensed matter physics, Electrical engineering, Computational chemistry, Metallurgy, Chemical physics, Optics, Biochemistry, Physical chemistry"
Anuradha M. Annaswamy,N/A,I63966007,"Computer science, Economics, Engineering, Artificial intelligence, Physics, Management, Control (management), Quantum mechanics, Mathematics, Biology, Control theory (sociology), Electrical engineering, Nonlinear system, Thermodynamics, Control engineering, Adaptive control, Chemistry, Machine learning, Geography, Geometry, Statistics, Agronomy"
T. Alan Hatton,N/A,I63966007,"Chemistry, Physics, Materials science, Organic chemistry, Engineering, Biology, Quantum mechanics, Chemical engineering, Physical chemistry, Composite material, Biochemistry, Nanotechnology, Nuclear magnetic resonance, Thermodynamics, Polymer, Computer science, Polymer chemistry, Metallurgy, Aqueous solution, Chromatography, Inorganic chemistry, Electrode, Genetics"
Wolfgang Ketterle,N/A,I63966007,"Physics, Quantum mechanics, Condensed matter physics, Atomic physics, Chemistry, Engineering, Organic chemistry, Thermodynamics, Optics, Bose–Einstein condensate, Materials science, Computer science, Mathematics, Quantum, Nuclear physics, Geography, Meteorology"
Nancy Lynch,N/A,I63966007,"Computer science, Mathematics, Programming language, Algorithm, Theoretical computer science, Engineering, Artificial intelligence, Distributed computing, Physics, Operating system, Computer network, Philosophy, Telecommunications, Discrete mathematics, Epistemology, Combinatorics, Statistics, Astronomy, Biology"
Deepto Chakrabarty,N/A,I63966007,"Physics, Astrophysics, Quantum mechanics, Astronomy, Computer science, Neutron star, Mathematics, Pulsar, Binary number, Arithmetic, Optics, Nuclear physics, Computer vision, Stars, Millisecond pulsar, Economics, Business, Finance, Engineering, Accretion (finance), Chemistry"
Roger E. Summons,N/A,I63966007,"Biology, Chemistry, Geology, Paleontology, Organic chemistry, Ecology, Physics, Genetics, Biochemistry, Geomorphology, Geochemistry, Structural basin, Environmental chemistry, Quantum mechanics, Materials science, Oceanography, Bacteria, Source rock, Gene, Botany"
George Barbastathis,N/A,I63966007,"Physics, Quantum mechanics, Optics, Computer science, Engineering, Mathematics, Materials science, Artificial intelligence, Optoelectronics, Computer vision, Chemistry, Medicine, Holography, Electrical engineering, Biology, Thermodynamics, Geometry, Organic chemistry, Programming language, Telecommunications, Mathematical analysis, Pathology, Nanotechnology, Composite material"
Ali Jadbabaie,N/A,I63966007,"Computer science, Mathematics, Artificial intelligence, Physics, Economics, Quantum mechanics, Mathematical optimization, Engineering, Algorithm, Statistics, Machine learning, Combinatorics, Biology, Mathematical analysis, Programming language, Philosophy, Geometry, Management, Discrete mathematics, Operating system, Electrical engineering, Computer network, Control (management), Theoretical computer science, Psychology"
M. Greenwald,N/A,I63966007,"Physics, Quantum mechanics, Nuclear physics, Plasma, Tokamak, Computer science, Alcator C-Mod, Engineering, Atomic physics, Chemistry, Organic chemistry, Mathematics, Materials science, Thermodynamics, Geography, Mechanics, Artificial intelligence, Ion, Composite material, Operating system, Electron, Geometry, Computer vision, Meteorology, Magnetic field"
Steven G. Johnson,N/A,I63966007,"Physics, Quantum mechanics, Optics, Materials science, Engineering, Computer science, Optoelectronics, Mathematics, Electrical engineering, Chemistry, Geometry, Telecommunications, Thermodynamics, Composite material, Mathematical analysis, Photonics, Photonic crystal, Organic chemistry"
Ronald G. Prinn,N/A,I63966007,"Physics, Geology, Environmental science, Geography, Biology, Chemistry, Meteorology, Atmospheric sciences, Organic chemistry, Ecology, Climatology, Oceanography, Thermodynamics, Ozone, Engineering, Astronomy, Greenhouse gas, Climate change, Atmosphere (unit), Quantum mechanics, Mathematics"
Robert T. Sauer,N/A,I63966007,"Chemistry, Biology, Biochemistry, Genetics, Gene, Physics, Organic chemistry, Nuclear magnetic resonance, Enzyme, Cell biology, Biophysics, Computer science, Medicine, Protease, Engineering, Crystallography, Transcription factor, Gene expression, Geology, DNA"
H. A. Haus,N/A,I63966007,"Physics, Quantum mechanics, Optics, Engineering, Computer science, Materials science, Electrical engineering, Optoelectronics, Telecommunications, Laser, Chemistry, Mathematics, Electronic engineering, Organic chemistry, Composite material, Wavelength, Computer vision, Optical fiber, Computer network, Nonlinear system, Voltage, Artificial intelligence, Detector"
Henry I. Smith,N/A,I63966007,"Physics, Materials science, Optoelectronics, Quantum mechanics, Optics, Chemistry, Engineering, Organic chemistry, Nanotechnology, Composite material, Medicine, Computer science, Electrical engineering, Pathology, Art, Layer (electronics), Alternative medicine, Fabrication, Visual arts, Lithography, Mathematics, Resist, Metallurgy, Biology, Geometry"
David Liu,N/A,I63966007,"Biology, Medicine, Genetics, Internal medicine, Chemistry, Biochemistry, Cancer, Cancer research, Gene, Immunology, Oncology, Pathology, Receptor, Immune system, Computer science, Cell biology"
Paul David Luckey,N/A,I63966007,"Physics, Nuclear physics, Particle physics, Quantum mechanics, Large Hadron Collider, Computer science, Quark, Engineering, Economics, Mathematics, Astronomy, Macroeconomics, Microeconomics, Production (economics), Proton, Electron, Aerospace engineering, Table (database), Database, Data mining, Top quark, Astrophysics, Lepton, Geography, Thermodynamics"
Srinivas Devadas,N/A,I63966007,"Computer science, Mathematics, Engineering, Operating system, Programming language, Algorithm, Electrical engineering, Physics, Computer network, Computer security, Parallel computing, Quantum mechanics, Embedded system, Electronic engineering, Biology, Statistics, Philosophy, Theoretical computer science, Electronic circuit, Computer hardware, Economics, Artificial intelligence"
H. Harry Asada,N/A,I63966007,"Computer science, Engineering, Artificial intelligence, Physics, Quantum mechanics, Biology, Economics, Mathematics, Electrical engineering, Management, Control (management), Control theory (sociology), Operating system, Robot, Materials science, Mechanical engineering, Thermodynamics, Medicine, Chemistry, Composite material, Actuator, Programming language, Psychology, Telecommunications, Simulation"
S. Vitale,N/A,I63966007,"Physics, Quantum mechanics, Astronomy, Astrophysics, Computer science, Gravitational wave, Mathematics, Engineering, Optics, Binary number, Arithmetic, Telecommunications, Electrical engineering, Detector, LIGO, Classical mechanics, Theoretical physics, Neutron star, Electronic engineering, Mathematical physics, General relativity, Geography, Binary black hole, Computer network, Interferometry"
A. Hubbard,N/A,I63966007,"Physics, Quantum mechanics, Nuclear physics, Plasma, Tokamak, Alcator C-Mod, Engineering, Atomic physics, Computer science, Chemistry, Organic chemistry, Materials science, Ion, Geography, Electron, Thermodynamics, Mathematics, Magnetic field, Mechanics, Mechanical engineering, Optics, Telecommunications, Artificial intelligence, Operating system, Art"
D. Dujmić,N/A,I63966007,"Physics, Particle physics, Quantum mechanics, Nuclear physics, Chemistry, Mathematics, Atomic physics, Branching fraction, Hadron, Organic chemistry, Meson, Electron–positron annihilation, Computer science, Optics, Biology, Geometry"
Mingwen Zhao,N/A,I63966007,"Physics, Quantum mechanics, Materials science, Chemistry, Organic chemistry, Engineering, Nanotechnology, Biology, Condensed matter physics, Composite material, Chemical engineering, Optoelectronics, Biochemistry, Metallurgy, Mathematics, Computer science, Nuclear physics, Thermodynamics, Physical chemistry, Optics, Computational chemistry, Chemical physics, Electrical engineering"
Joshua Bendavid,N/A,I63966007,"Physics, Nuclear physics, Particle physics, Quantum mechanics, Large Hadron Collider, Computer science, Quark, Proton, Economics, Macroeconomics, Microeconomics, Production (economics), Engineering, Mathematics, Electron, Lepton, Database, Astronomy, Data mining, Table (database), Top quark, Aerospace engineering, Geography, Thermodynamics, Astrophysics"
Olivier de Weck,N/A,I63966007,"Computer science, Engineering, Physics, Mathematics, Operating system, Biology, Geography, Aerospace engineering, Astronomy, Economics, Systems engineering, Business, Geology, Quantum mechanics, Artificial intelligence, Programming language, Philosophy, History, Political science, Archaeology, Law"
David G. Rand,N/A,I63966007,"Psychology, Political science, Computer science, Law, Social psychology, Philosophy, Biology, Mathematics, Economics, Epistemology, Sociology, Medicine, Politics, Physics, Psychiatry, Business, Computer security, Microeconomics"
Xiao-Gang Wen,N/A,I63966007,"Physics, Quantum mechanics, Mathematics, Condensed matter physics, Engineering, Quantum, Particle physics, Combinatorics, Mathematical physics, Theoretical physics, Electrical engineering, Geometry, Topology (electrical circuits), Nuclear physics, Thermodynamics, Pure mathematics, Electron, Superconductivity, Computer science, Materials science, Magnetic field, Topological order"
A. Trisovic,N/A,I63966007,"Physics, Particle physics, Quantum mechanics, Nuclear physics, Chemistry, Astrophysics, Mathematics, Astronomy, Atomic physics, Luminosity, Galaxy, Organic chemistry, Computer science, Branching fraction"
Jeffrey H. Shapiro,N/A,I63966007,"Physics, Quantum mechanics, Computer science, Optics, Quantum, Engineering, Mathematics, Telecommunications, Electrical engineering, Photon, Quantum entanglement, Artificial intelligence, Statistics, Materials science, Computer vision, Quantum information, Computer network, Chemistry, Optoelectronics, Operating system, Quantum computer"
Rosalind W. Picard,N/A,I63966007,"Computer science, Psychology, Artificial intelligence, Medicine, Biology, Philosophy, Engineering, Physics, Psychiatry, Linguistics, Operating system, Mathematics, Human–computer interaction, Sociology, Neuroscience, Cognitive psychology, Social psychology, Economics, Machine learning, Programming language, Computer vision, Political science, Quantum mechanics, Law, Communication"
Christopher A. Schuh,N/A,I63966007,"Materials science, Physics, Chemistry, Composite material, Metallurgy, Crystallography, Organic chemistry, Quantum mechanics, Engineering, Thermodynamics, Microstructure, Geology, Mathematics, Computer science, Nanotechnology, Biology, Chemical engineering, Alloy, Grain boundary, Geography, Oceanography"
R. K. Yamamoto,N/A,I63966007,"Physics, Particle physics, Quantum mechanics, Nuclear physics, Mathematics, Chemistry, Hadron, Atomic physics, Branching fraction, Organic chemistry, Electron–positron annihilation, Computer science, Meson, Optics"
D.A. Antoniadis,N/A,I63966007,"Physics, Materials science, Engineering, Quantum mechanics, Optoelectronics, Electrical engineering, Chemistry, Voltage, Organic chemistry, Transistor, Computer science, Metallurgy, Nanotechnology, Silicon, Composite material, Condensed matter physics, Mathematics, Electronic engineering, MOSFET, Thermodynamics, Layer (electronics), Biology, Optics, Telecommunications"
P.H. Fisher,N/A,I63966007,"Physics, Quantum mechanics, Nuclear physics, Particle physics, Hadron, Mathematics, Optics, Atomic physics, Engineering, Chemistry, Materials science, Astronomy, Electron–positron annihilation, Electron, Astrophysics, Computer science, Organic chemistry"
Max Tegmark,N/A,I63966007,"Physics, Quantum mechanics, Computer science, Astronomy, Astrophysics, Mathematics, Optics, Engineering, Galaxy, Statistics, Anisotropy, Cosmic microwave background, Artificial intelligence, Redshift, Telecommunications, Biology, Geography, Philosophy, Chemistry, Cosmology"
Marija Ilić,N/A,I63966007,"Computer science, Engineering, Physics, Quantum mechanics, Economics, Electrical engineering, Thermodynamics, Power (physics), Mathematics, Biology, Artificial intelligence, Electric power system, Management, Ecology, Control (management), Business, Operating system, Programming language, Statistics, Electricity, Geology, Geography, Telecommunications, Control theory (sociology), Geometry"
R. Cowan,N/A,I63966007,"Physics, Particle physics, Nuclear physics, Quantum mechanics, Chemistry, Atomic physics, Hadron, Mathematics, Branching fraction, Meson, Electron–positron annihilation, Organic chemistry, Geometry, Biology, Computer science, Biochemistry, Optics"
Stuart Madnick,N/A,I63966007,"Computer science, Engineering, Operating system, Business, Political science, Programming language, Economics, Law, Biology, Geography, World Wide Web, Mathematics, History, Philosophy, Archaeology, Artificial intelligence, Data science, Physics, Computer security, Geology, Database, Paleontology, Information retrieval, Epistemology, Context (archaeology)"
Jonathan S. Weissman,N/A,I63966007,"Biology, Chemistry, Genetics, Biochemistry, Gene, Computational biology, Cell biology, Medicine, Internal medicine, RNA, Physics, Genome, Computer science, Nuclear magnetic resonance, Apoptosis"
Martin J. Wainwright,N/A,I63966007,"Mathematics, Computer science, Statistics, Artificial intelligence, Algorithm, Economics, Machine learning, Mathematical optimization, Combinatorics, Physics, Mathematical analysis, Engineering, Discrete mathematics, Applied mathematics, Quantum mechanics, Programming language, Geometry, Philosophy, Biology, Chemistry, Telecommunications, Psychology, Estimator, Microeconomics, Mathematical economics"
Juejun Hu,N/A,I63966007,"Physics, Materials science, Optics, Optoelectronics, Quantum mechanics, Engineering, Computer science, Chemistry, Organic chemistry, Electrical engineering, Metallurgy, Photonics, Nanotechnology, Telecommunications, Chalcogenide, Electronic engineering, Astronomy, Composite material, Thermodynamics, Silicon, Medicine, Biology"
Rubén Juanes,N/A,I63966007,"Physics, Engineering, Geology, Materials science, Thermodynamics, Composite material, Geotechnical engineering, Quantum mechanics, Chemistry, Mechanics, Organic chemistry, Mathematics, Biology, Geography, Porosity, Porous medium, Computer science, Meteorology, Geometry, Chemical engineering, Paleontology, Environmental science"
Ronald A. Remillard,N/A,I63966007,"Physics, Astrophysics, Astronomy, Quantum mechanics, Computer science, Engineering, Optics, Mathematics, Computer network, Computer security, Galaxy, Electronic engineering, Embedded system, Network packet, Black hole (networking), Routing (electronic design automation), Link-state routing protocol, Routing protocol, Computer vision, Stars, Business, Economics, Finance, Accretion (finance), Binary number"
Karl K. Berggren,N/A,I63966007,"Physics, Quantum mechanics, Materials science, Engineering, Optoelectronics, Optics, Computer science, Nanotechnology, Electrical engineering, Chemistry, Telecommunications, Organic chemistry, Condensed matter physics, Composite material, Nanowire, Superconductivity, Detector, Mathematics, Photon, Medicine, Layer (electronics)"
J. W. Hughes,N/A,I63966007,"Physics, Quantum mechanics, Nuclear physics, Plasma, Tokamak, Engineering, Alcator C-Mod, Atomic physics, Computer science, Chemistry, Organic chemistry, Geography, Materials science, Thermodynamics, Mechanics, Mathematics, Ion, Artificial intelligence, Mechanical engineering, History, Art, Archaeology, Visual arts, Pedestal, Magnetic field"
C. R. Canizares,N/A,I63966007,"Physics, Astronomy, Astrophysics, Quantum mechanics, Computer science, Galaxy, Optics, Nuclear physics, Spectral line, Mathematics, Computer vision, Stars, Chemistry, Materials science"
Michael Stonebraker,N/A,I63966007,"Computer science, Database, Operating system, Programming language, Data mining, Mathematics, Engineering, Information retrieval, Artificial intelligence, World Wide Web, Biology"
Elchanan Mossel,N/A,I63966007,"Mathematics, Computer science, Combinatorics, Discrete mathematics, Physics, Mathematical analysis, Statistics, Algorithm, Artificial intelligence, Quantum mechanics, Philosophy, Biology, Chemistry, Machine learning, Theoretical computer science, Geometry, Programming language, Economics, Genetics, Pure mathematics, Epistemology"
Bonnie Berger,N/A,I63966007,"Biology, Computer science, Chemistry, Genetics, Biochemistry, Computational biology, Gene, Mathematics, Artificial intelligence, Physics, Medicine, Engineering, Statistics, Programming language, Philosophy, Operating system, Algorithm"
Sangeeta N. Bhatia,N/A,I63966007,"Biology, Chemistry, Genetics, Medicine, Biochemistry, Internal medicine, Physics, Materials science, Gene, Nanotechnology, Engineering, Organic chemistry, Pathology, Cell biology, Cancer research, Computer science, Immunology, Cancer, Quantum mechanics, In vitro, Nuclear magnetic resonance"
D. H. Shoemaker,N/A,I63966007,"Physics, Quantum mechanics, Astronomy, Astrophysics, Computer science, Gravitational wave, Engineering, Mathematics, Optics, Telecommunications, Electrical engineering, Detector, Binary number, Arithmetic, LIGO, Classical mechanics, Interferometry, Theoretical physics, Mathematical physics, General relativity, Gravitational-wave observatory, Electronic engineering, Neutron star, Geography"
A. Casais Vidal,N/A,I63966007,"Physics, Particle physics, Nuclear physics, Quantum mechanics, Mathematics, Astrophysics, Astronomy, Luminosity, Galaxy, Atomic physics, Chemistry, Computer science, Hadron, Meson, Optics, Organic chemistry"
Justin Solomon,N/A,I63966007,"Computer science, Mathematics, Statistics, Artificial intelligence, Biology, Political science, Economics, Law, Algorithm, Physics, Engineering, Mathematical analysis, Geometry, Politics, Medicine, Pure mathematics, Management, Programming language"
Rüdiger Dornbusch,N/A,I63966007,"Economics, Business, Macroeconomics, Finance, Monetary economics, Political science, Keynesian economics, Philosophy, Law, Exchange rate, Computer science, Linguistics, Physics"
Heather J. Kulik,N/A,I63966007,"Chemistry, Physics, Organic chemistry, Biology, Quantum mechanics, Biochemistry, Materials science, Computer science, Catalysis, Computational chemistry, Engineering, Mathematics, Genetics, Molecule, Crystallography, Artificial intelligence, Nanotechnology, Chemical physics, Density functional theory"
P. T. Bonoli,N/A,I63966007,"Physics, Quantum mechanics, Nuclear physics, Plasma, Tokamak, Engineering, Computer science, Atomic physics, Chemistry, Organic chemistry, Electrical engineering, Computational physics, Thermodynamics, Materials science, Electron, Ion, Alcator C-Mod, Magnetic field, Optics, Geology, Mathematics, Oceanography, Current (fluid), Cyclotron, Nuclear engineering"
Ahmed F. Ghoniem,N/A,I63966007,"Physics, Thermodynamics, Engineering, Chemistry, Organic chemistry, Quantum mechanics, Materials science, Physical chemistry, Biology, Mechanics, Combustion, Geography, Mathematics, Computer science, Aerospace engineering, Meteorology, Waste management, Geology, Ecology, Composite material, Environmental science, Biochemistry, Combustor, Chemical engineering, Geometry"
Susumu Tonegawa,N/A,I63966007,"Biology, Medicine, Genetics, Chemistry, Biochemistry, Internal medicine, Psychology, Gene, Neuroscience, Endocrinology, Immunology, Receptor, Molecular biology, Cell biology, Computer science, Immune system"
Keisuke Nagao,N/A,I63966007,"Physics, Biology, Geology, Chemistry, Quantum mechanics, Geochemistry, Organic chemistry, Astrobiology, Astronomy, Paleontology, Atomic physics, Meteorite, Noble gas, Seismology, Materials science, Nuclear physics, Chondrite, Mineralogy, Engineering"
Mehran Kardar,N/A,I63966007,"Physics, Quantum mechanics, Mathematics, Chemistry, Thermodynamics, Statistical physics, Biology, Materials science, Computer science, Geometry, Condensed matter physics, Engineering, Organic chemistry, Composite material, Classical mechanics, Mathematical analysis, Optics, Genetics"
Tomás Palacios,N/A,I63966007,"Physics, Materials science, Engineering, Quantum mechanics, Optoelectronics, Electrical engineering, Chemistry, Nanotechnology, Organic chemistry, Voltage, Composite material, Transistor, Layer (electronics), Computer science, Condensed matter physics, Biology, Thermodynamics, Physical chemistry, Electronic engineering, Chemical engineering, Optics, Gallium nitride, Metallurgy, Mathematics"
Devavrat Shah,N/A,I63966007,"Computer science, Mathematics, Statistics, Engineering, Algorithm, Artificial intelligence, Economics, Programming language, Machine learning, Combinatorics, Mathematical optimization, Computer network, Operating system, Physics, Telecommunications, Biology, Philosophy, Mathematical analysis, Quantum mechanics, Discrete mathematics, Theoretical computer science, Epistemology, Geometry"
Catherine L. Drennan,N/A,I63966007,"Chemistry, Biology, Biochemistry, Organic chemistry, Physics, Genetics, Nuclear magnetic resonance, Enzyme, Gene, Stereochemistry, Medicine, Computer science, Internal medicine, Crystallography, Geology, Materials science, Catalysis"
Martin Rinard,N/A,I63966007,"Computer science, Programming language, Mathematics, Operating system, Engineering, Algorithm, Artificial intelligence, Theoretical computer science, Philosophy, Biology, Physics, Parallel computing, Set (abstract data type), Geography, Statistics, Linguistics, Discrete mathematics"
Robert M. Solow,N/A,I63966007,"Economics, Political science, Computer science, Mathematics, Philosophy, Law, Macroeconomics, History, Keynesian economics, Neoclassical economics, Sociology"
Bhaskar D. Rao,N/A,I63966007,"Computer science, Mathematics, Algorithm, Statistics, Engineering, Artificial intelligence, Telecommunications, Electrical engineering, Computer network, Physics, Electronic engineering, Channel (broadcasting), Quantum mechanics, Computer vision, Mathematical optimization, Operating system, Machine learning, Economics, Programming language, Beamforming, Decoding methods, Philosophy, Geometry, Mathematical analysis, Psychology"
Tommi Jaakkola,N/A,I63966007,"Computer science, Mathematics, Artificial intelligence, Philosophy, Machine learning, Statistics, Biology, Physics, Algorithm, Epistemology, Engineering, Chemistry, Programming language, Economics, Quantum mechanics, Linguistics, Combinatorics, Theoretical computer science, Mathematical analysis, Psychology, Genetics, Discrete mathematics, Biochemistry, Geometry, Mathematical optimization"
Peter A. Gloor,N/A,I63966007,"Computer science, Psychology, Political science, Law, Biology, World Wide Web, Sociology, Philosophy, Operating system, Engineering, Medicine, Mathematics, Physics, Artificial intelligence, Economics, Social psychology, Business"
Edward S. Boyden,N/A,I63966007,"Biology, Medicine, Psychology, Computer science, Neuroscience, Chemistry, Genetics, Physics, Biochemistry, Internal medicine, Engineering, Materials science, Quantum mechanics, Optics, Artificial intelligence, Pathology, Gene, Optogenetics, Endocrinology"
G. Grosso,N/A,I63966007,"Physics, Quantum mechanics, Nuclear physics, Particle physics, Large Hadron Collider, Mathematics, Proton, Astronomy, Quark, Astrophysics, Electron, Computer science, Materials science, Higgs boson, Lepton, Boson, Geography, Engineering, Metallurgy, History, Archaeology, Luminosity, Gauge (firearms), Galaxy, Standard Model (mathematical formulation)"
S. Rappaport,N/A,I63966007,"Physics, Astronomy, Astrophysics, Computer science, Computer vision, Stars, Quantum mechanics, Mathematics, Arithmetic, Binary number, Engineering, Optics, Galaxy, Planet"
William Detmold,N/A,I63966007,"Physics, Quantum mechanics, Particle physics, Nuclear physics, Quantum chromodynamics, Quark, Mathematics, Lattice QCD, Acoustics, Lattice (music), Atomic physics, Mathematical physics, Hadron, Computer science, Optics, Pion, Nucleon, Gauge theory, Meson"
Ernst R. Berndt,N/A,I63966007,"Economics, Business, Medicine, Biology, Mathematics, Computer science, Political science, Law, Macroeconomics, Economic growth, Psychology, Microeconomics, Physics, Econometrics, Pharmacology, Psychiatry, Nursing, Philosophy, Geography, Engineering, Quantum mechanics, Statistics"
Munther A. Dahleh,N/A,I63966007,"Computer science, Mathematics, Physics, Economics, Engineering, Artificial intelligence, Quantum mechanics, Biology, Management, Mathematical optimization, Mathematical analysis, Control (management), Statistics, Electrical engineering, Control theory (sociology), Algorithm, Philosophy, Combinatorics, Programming language, Machine learning, Epistemology, Chemistry, Computer network, Thermodynamics, Geometry"
Alan M. Levine,N/A,I63966007,"Physics, Astronomy, Astrophysics, Computer science, Quantum mechanics, Biology, Medicine, Mathematics, Psychology, Engineering, Computer vision, Optics"
Laura L. Kiessling,N/A,I63966007,"Chemistry, Biology, Biochemistry, Genetics, Medicine, Organic chemistry, Physics, Computer science, Nuclear magnetic resonance, Internal medicine, Gene, Materials science, Cell biology"
Daniel G. Anderson,N/A,I63966007,"Biology, Chemistry, Genetics, Biochemistry, Medicine, Gene, Materials science, Internal medicine, Physics, Organic chemistry, Cell biology, Engineering, Nanotechnology, Cell culture, Transfection, Biotechnology, Nuclear magnetic resonance, Chemical engineering, Immunology, Composite material, In vivo, Computer science, Quantum mechanics, RNA"
David Simchi‐Levi,N/A,I63966007,"Computer science, Mathematics, Economics, Engineering, Business, Mathematical optimization, Marketing, Statistics, Operations research, Artificial intelligence, Political science, Law, Microeconomics, Finance, Philosophy, Physics, Mathematical analysis, Operations management, Algorithm, Machine learning, Epistemology, Programming language, Geometry, Supply chain, Biology"
Alex K. Shalek,N/A,I63966007,"Biology, Genetics, Medicine, Chemistry, Biochemistry, Internal medicine, Immunology, Gene, Immune system, Pathology, Computational biology, Cell biology, Cancer research, Cell, Computer science, Gene expression"
Nancy Kanwisher,N/A,I63966007,"Psychology, Biology, Neuroscience, Computer science, Philosophy, Cognitive psychology, Medicine, Artificial intelligence, Epistemology, Perception, Psychiatry, Linguistics, Sociology, Computer vision, Physics, Cognition, Mathematics, Radiology, Communication, Social science, Cognitive science, Visual cortex"
S. Brandt,N/A,I63966007,"Physics, Nuclear physics, Particle physics, Quantum mechanics, Hadron, Mathematics, Quark, Engineering, Materials science, Large Hadron Collider, Astronomy, Electron–positron annihilation, Optics, Economics, Computer science, Atomic physics, Philosophy, Electron, Astrophysics, Linguistics, Geography, Macroeconomics, Microeconomics, Production (economics), Lepton"
Timothy F. Jamison,N/A,I63966007,"Chemistry, Organic chemistry, Biology, Biochemistry, Catalysis, Materials science, Combinatorial chemistry, Physics, Engineering, Metallurgy, Composite material, Stereochemistry, Computer science, Quantum mechanics, Biochemical engineering"
Qing Hu,N/A,I63966007,"Physics, Engineering, Quantum mechanics, Computer science, Materials science, Optics, Optoelectronics, Chemistry, Laser, Terahertz radiation, Electrical engineering, Chemical engineering, Chromatography, Mathematics, Cascade, Economics, Quantum, Political science, Law, Telecommunications, Biology, Business, Quantum cascade laser"
John R. Hauser,N/A,I63966007,"Engineering, Physics, Computer science, Quantum mechanics, Materials science, Mathematics, Electrical engineering, Optoelectronics, Chemistry, Economics, Business, Organic chemistry, Biology, Thermodynamics, Marketing, Composite material, Condensed matter physics, Statistics, Metallurgy, Operating system, Programming language"
G. Lusztig,N/A,I63966007,"Mathematics, Pure mathematics, Algebra over a field, Geometry, Combinatorics, Physics, Quantum mechanics, Discrete mathematics, Computer science, Chemistry, Organic chemistry, Philosophy, Group (periodic table), Mathematical analysis"
Ann M. Graybiel,N/A,I63966007,"Biology, Psychology, Medicine, Neuroscience, Internal medicine, Endocrinology, Dopamine, Striatum, Chemistry, Central nervous system, Biochemistry, Genetics, Psychiatry, Basal ganglia, Physics, Computer science, Pathology, Receptor, Anatomy"
Patrick S. Doyle,N/A,I63966007,"Physics, Chemistry, Materials science, Biology, Engineering, Organic chemistry, Nanotechnology, Quantum mechanics, Thermodynamics, Composite material, Computer science, Biochemistry, Mathematics, Chemical engineering, Genetics, Medicine, Geology, Optics, Nuclear magnetic resonance, Polymer, Mechanics, Physical chemistry, Psychology"
Gregory W. Wornell,N/A,I63966007,"Computer science, Mathematics, Engineering, Statistics, Telecommunications, Algorithm, Physics, Electrical engineering, Computer network, Artificial intelligence, Operating system, Quantum mechanics, Programming language, Electronic engineering, Channel (broadcasting), Decoding methods, Mathematical analysis, Computer vision, Sociology, Philosophy, Biology, Combinatorics, Optics, Social science, Theoretical computer science"
Asuman Ozdaglar,N/A,I63966007,"Computer science, Mathematics, Economics, Mathematical optimization, Engineering, Physics, Biology, Computer network, Artificial intelligence, Statistics, Microeconomics, Machine learning, Algorithm, Macroeconomics, Operating system, Computer security, Mathematical economics, Programming language, Quantum mechanics, Telecommunications, Combinatorics, Mathematical analysis, Geometry, Philosophy, Economic growth"
Isaac L. Chuang,N/A,I63966007,"Physics, Quantum mechanics, Computer science, Quantum, Mathematics, Engineering, Quantum computer, Qubit, Chemistry, Quantum information, Algorithm, Quantum entanglement, Organic chemistry, Quantum algorithm, Materials science, Open quantum system, Programming language, Electrical engineering, Optics"
Leslie Pack Kaelbling,N/A,I63966007,"Computer science, Artificial intelligence, Mathematics, Philosophy, Programming language, Machine learning, Engineering, Physics, Statistics, Economics, Epistemology, Biology, Robot, Operating system, Quantum mechanics, Algorithm, Linguistics, Management, Mathematical optimization, Mathematical analysis, Computer vision, Systems engineering, Task (project management), Theoretical computer science, Set (abstract data type)"
Miki Wadati,N/A,I63966007,"Physics, Quantum mechanics, Mathematics, Mathematical analysis, Mathematical physics, Pure mathematics, Computer science, Nonlinear system, Chemistry, Geometry, Engineering, Biology, Condensed matter physics, Thermodynamics, Quantum, Optics, Philosophy, Integrable system, Materials science, Genetics, Combinatorics"
Stephanie Dutkiewicz,N/A,I63966007,"Geology, Biology, Ecology, Environmental science, Oceanography, Chemistry, Organic chemistry, Computer science, Nutrient, Physics, Phytoplankton, Geography, Environmental chemistry, Ecosystem"
William T. Freeman,N/A,I63966007,"Computer science, Artificial intelligence, Computer vision, Physics, Mathematics, Philosophy, Image (mathematics), Optics, Psychology, Engineering, Statistics, Linguistics, Quantum mechanics, Machine learning, Cognitive psychology, Programming language, Pattern recognition (psychology), Computer graphics (images), Algorithm, Biology, Geometry, Telecommunications, Epistemology, Operating system"
Jürgen Michel,N/A,I63966007,"Physics, Materials science, Optoelectronics, Quantum mechanics, Optics, Chemistry, Engineering, Organic chemistry, Metallurgy, Electrical engineering, Silicon, Composite material, Computer science, Nanotechnology, Laser, Telecommunications, Condensed matter physics, Layer (electronics), Photonics, Thermodynamics, Biology"
Michael A. Funk,N/A,I63966007,"Biology, Computer science, Chemistry, Biochemistry, Physics"
Leonid Levitov,N/A,I63966007,"Physics, Quantum mechanics, Condensed matter physics, Materials science, Engineering, Nuclear physics, Nanotechnology, Electron, Chemical engineering, Mathematics, Graphene, Chemistry, Optics, Thermodynamics, Optoelectronics, Computer science, Electrical engineering, Superconductivity, Quantum, Particle physics, Organic chemistry"
Judah Cohen,N/A,I63966007,"Environmental science, Geography, Geology, Physics, Climatology, Meteorology, Computer science, Biology, Atmospheric sciences, Oceanography, Precipitation, Ecology, Astronomy"
Michael J. Follows,N/A,I63966007,"Geology, Biology, Ecology, Oceanography, Chemistry, Environmental science, Organic chemistry, Physics, Computer science, Nutrient, Geography, Phytoplankton, Paleontology, Environmental chemistry, Climatology, Ecosystem, Genetics, Fishery"
Forest M. White,N/A,I63966007,"Biology, Genetics, Chemistry, Medicine, Biochemistry, Internal medicine, Cell biology, Cancer research, Gene, Physics, Computational biology, Phosphorylation, Kinase, Nuclear magnetic resonance, Signal transduction, Cancer, Organic chemistry, Computer science, Receptor, Immunology, Enzyme"
Norbert S. Schulz,N/A,I63966007,"Physics, Astronomy, Astrophysics, Quantum mechanics, Computer science, Optics, Mathematics, Computer vision, Stars, Spectral line, Galaxy, Chemistry, Materials science, Engineering, Organic chemistry, Nuclear physics, Geometry"
D.G. Whyte,N/A,I63966007,"Physics, Quantum mechanics, Nuclear physics, Plasma, Tokamak, Engineering, Materials science, Chemistry, Atomic physics, Organic chemistry, Computer science, Nuclear engineering, Divertor, Thermodynamics, Composite material, DIII-D, Ion, Mathematics, Alcator C-Mod, Mechanics, Biology, Metallurgy, Optics, Geology"
A. Beck,N/A,I63966007,"Physics, Particle physics, Nuclear physics, Quantum mechanics, Mathematics, Hadron, Chemistry, Astrophysics, Atomic physics, Computer science, Optics, Astronomy, Meson, Quark, Galaxy, Luminosity, Geometry"
Thomas A. Kochan,N/A,I63966007,"Political science, Economics, Law, Business, Computer science, Management, Sociology, Engineering, Labour economics, Physics, Philosophy, Quantum mechanics, Market economy"
Sidney Yip,N/A,I63966007,"Physics, Quantum mechanics, Materials science, Chemistry, Thermodynamics, Composite material, Organic chemistry, Engineering, Computer science, Mathematics, Condensed matter physics, Computational chemistry, Metallurgy, Crystallography, Statistical physics, Biology, Molecular dynamics, Geography, Optics, Geology, Classical mechanics, Nuclear physics"
Samuel A. Bowring,N/A,I63966007,"Geology, Biology, Paleontology, Geochemistry, Physics, Seismology, Tectonics, Nuclear physics, Zircon, Geomorphology, Geography, Geochronology, Structural basin, Geophysics, Petrology, Chemistry, History, Archaeology, Computer science"
Earle Williams,N/A,I63966007,"Physics, Geology, Geography, Meteorology, Quantum mechanics, Environmental science, Thermodynamics, Engineering, Computer science, Oceanography, Atmospheric sciences, Power (physics), Lightning (connector), Chemistry, Astronomy, Biology, Climatology, Optics, Mathematics, Thunderstorm, Electrical engineering, Aerospace engineering, Organic chemistry"
Ronald L. Rivest,N/A,I63966007,"Computer science, Mathematics, Algorithm, Computer security, Operating system, Programming language, Computer network, Political science, Law, Theoretical computer science, Philosophy, Physics, Engineering, Artificial intelligence, Statistics, Economics, Biology, Combinatorics"
G. W. Turner,N/A,I63966007,"Physics, Quantum mechanics, Materials science, Engineering, Optoelectronics, Optics, Electrical engineering, Chemistry, Organic chemistry, Computer science, Laser, Biology, Geology, Composite material, Astronomy, Nanotechnology, Condensed matter physics, Diode, Thermodynamics, Semiconductor"
Wojciech Matusik,N/A,I63966007,"Computer science, Artificial intelligence, Mathematics, Physics, Engineering, Computer vision, Computer graphics (images), Operating system, Programming language, Optics, Quantum mechanics, Philosophy, Biology, Mechanical engineering, Materials science, Linguistics, Economics, Composite material, Algorithm, Statistics, Geography, Geometry, Image (mathematics)"
Samuel J. Gershman,N/A,I63966007,"Computer science, Psychology, Artificial intelligence, Mathematics, Biology, Philosophy, Epistemology, Neuroscience, Statistics, Medicine, Cognitive psychology, Machine learning, Economics, Physics, Engineering, Psychiatry, Quantum mechanics, Social psychology, Programming language, Linguistics, Cognition, Cognitive science"
Vladimir Bulović,N/A,I63966007,"Materials science, Physics, Quantum mechanics, Optoelectronics, Engineering, Chemistry, Nanotechnology, Organic chemistry, Electrical engineering, Optics, Composite material, Biology, Condensed matter physics, Chemical engineering, Layer (electronics), Computer science, Thermodynamics, Ecology, Thin film, Physical chemistry, Metallurgy, Quantum dot, Crystallography"
Polina Golland,N/A,I63966007,"Computer science, Artificial intelligence, Psychology, Computer vision, Mathematics, Medicine, Cognitive psychology, Biology, Pattern recognition (psychology), Physics, Machine learning, Engineering, Statistics, Image (mathematics), Radiology, Philosophy, Segmentation, Programming language, Linguistics"
Gary Stix,N/A,I63966007,"Computer science, Biology"
Dimitri P. Bertsekas,N/A,I63966007,"Computer science, Mathematics, Mathematical optimization, Algorithm, Economics, Engineering, Physics, Programming language, Biology, Artificial intelligence, Mathematical analysis, Geometry, Statistics, Combinatorics, Quantum mechanics, Computer network, Philosophy, Machine learning, Operating system, Macroeconomics, Applied mathematics, Economic growth, Convergence (economics), Dynamic programming, Discrete mathematics"
Regina Barzilay,N/A,I63966007,"Computer science, Artificial intelligence, Mathematics, Philosophy, Biology, Machine learning, Natural language processing, Programming language, Engineering, Linguistics, Statistics, Physics, Chemistry, Economics, Genetics, Psychology, Epistemology, Operating system, Biochemistry, Political science, Law, Geology, Geography, Medicine, Management"
Jean-Jacques Slotine,N/A,I63966007,"Computer science, Artificial intelligence, Mathematics, Physics, Quantum mechanics, Economics, Biology, Management, Control (management), Nonlinear system, Engineering, Control theory (sociology), Philosophy, Mathematical analysis, Linguistics, Medicine, Machine learning, Internal medicine, Geometry, Electrical engineering, Endocrinology, Statistics, Contraction (grammar), Algorithm, Combinatorics"
M. A. Kastner,N/A,I63966007,"Physics, Quantum mechanics, Materials science, Condensed matter physics, Engineering, Chemistry, Optoelectronics, Nuclear physics, Organic chemistry, Optics, Mathematics, Electrical engineering, Electron, Thermodynamics, Nanotechnology, Computer science, Composite material, Crystallography, Biology, Metallurgy"
Peter J. Catto,N/A,I63966007,"Physics, Quantum mechanics, Nuclear physics, Plasma, Mechanics, Mathematics, Tokamak, Chemistry, Organic chemistry, Thermodynamics, Computer science, Magnetic field, Engineering, Atomic physics, Classical mechanics, Ion, Electron, Geometry, Computational physics, Materials science, Geography, Quantum electrodynamics, Optics, Geology"
C. Baldenegro Barrera,N/A,I63966007,"Physics, Quantum mechanics, Nuclear physics, Particle physics, Proton, Large Hadron Collider, Mathematics, Quark, Astronomy, Astrophysics, Computer science, Electron, Engineering, Lepton, Economics, Materials science, Hadron, Boson, Geography, Higgs boson, Macroeconomics, Microeconomics, Metallurgy, Production (economics), Luminosity"
S.J. Lippard,N/A,I63966007,"Chemistry, Crystallography, Materials science, Organic chemistry, Crystal structure, Physics, Computer science, Optics, Quantum mechanics, Molecule, Programming language, Diffraction, Crystal (programming language), Group (periodic table), Linguistics, Operating system, Philosophy, Space (punctuation)"
Barbara Imperiali,N/A,I63966007,"Chemistry, Biology, Biochemistry, Genetics, Physics, Organic chemistry, Nuclear magnetic resonance, Enzyme, Gene, Quantum mechanics, Medicine, Cell biology, Computational biology, Stereochemistry, Materials science, Computer science, Geology"
Iain W. Stewart,N/A,I63966007,"Physics, Quantum mechanics, Mathematics, Particle physics, Nuclear physics, Computer science, Quantum chromodynamics, Mathematical analysis, Optics, Quark, Engineering, Hadron, Thermodynamics, Materials science, Algorithm, Economics, Geometry, Biology, Mathematical physics"
P. J. Erickson,N/A,I63966007,"Physics, Geology, Astronomy, Geography, Quantum mechanics, Geophysics, Computer science, Ionosphere, Engineering, Meteorology, Nuclear physics, Plasma, Telecommunications, Aerospace engineering, Atmospheric sciences, Magnetic field, Optics, Radar, Environmental science, Geodesy, Remote sensing, Electron, Scattering, Mathematics, Climatology"
John Marshall,N/A,I63966007,"Physics, Geology, Geography, Meteorology, Oceanography, Climatology, Biology, Thermodynamics, Environmental science, Ecology, Quantum mechanics, Atmospheric sciences, Mechanics, Engineering, Mathematics, Computer science, Ocean current, Mathematical analysis"
Roger Lévy,N/A,I63966007,"Computer science, Philosophy, Linguistics, Artificial intelligence, Natural language processing, Psychology, Mathematics, Biology, Programming language, Epistemology, Political science, Medicine, Law, Neuroscience, Cognitive psychology, Statistics, Physics, Engineering"
Edward F. Crawley,N/A,I63966007,"Computer science, Engineering, Physics, Economics, Mathematics, Aerospace engineering, Artificial intelligence, Management, Biology, Operating system, Political science, Quantum mechanics, Geography, Law, Astronomy, Thermodynamics, Philosophy, History, Archaeology, Programming language"
G. Crew,N/A,I63966007,"Physics, Astrophysics, Quantum mechanics, Astronomy, Computer science, Mathematics, Geography, Optics, Geometry, Geology, Engineering, Chemistry, Nuclear physics, Gamma-ray burst, Galaxy"
Peter Scott,N/A,I63966007,"Political science, Law, Computer science, Economics, Sociology, Geography, History, Physics, Psychology, Mathematics, Philosophy, Engineering, Quantum mechanics, Biology, Geology"
M. Atzeni,N/A,I63966007,"Physics, Particle physics, Nuclear physics, Quantum mechanics, Mathematics, Chemistry, Astrophysics, Atomic physics, Astronomy, Luminosity, Galaxy, Computer science, Meson, Hadron, Optics, Biology, Organic chemistry, Branching fraction"
Frédo Durand,N/A,I63966007,"Computer science, Artificial intelligence, Computer vision, Physics, Mathematics, Optics, Computer graphics (images), Engineering, Image (mathematics), Programming language, Operating system, Algorithm, Quantum mechanics, Philosophy, Art, Statistics, Geography, Biology, Visual arts, Rendering (computer graphics), Psychology, Geometry, Linguistics, Machine learning"
Victor Guillemin,N/A,I63966007,"Mathematics, Pure mathematics, Physics, Mathematical analysis, Quantum mechanics, Geometry, Computer science, Combinatorics, Philosophy"
M. E. Zucker,N/A,I63966007,"Physics, Quantum mechanics, Astronomy, Astrophysics, Gravitational wave, Computer science, Engineering, Mathematics, Optics, Telecommunications, Electrical engineering, Detector, Binary number, Arithmetic, LIGO, Classical mechanics, Interferometry, Theoretical physics, Mathematical physics, General relativity, Gravitational-wave observatory, Neutron star, Electronic engineering"
R. Silbey,N/A,I63966007,"Physics, Quantum mechanics, Chemistry, Materials science, Organic chemistry, Mathematics, Engineering, Condensed matter physics, Composite material, Computer science, Atomic physics, Statistical physics, Biology, Thermodynamics, Optics, Molecular physics, Optoelectronics, Nuclear physics, Chemical physics, Molecule, Astronomy"
Jens Kauffmann,N/A,I63966007,"Physics, Quantum mechanics, Computer science, Engineering, Astronomy, Chemistry, Astrophysics, Mathematics, Computer vision, Stars, Galaxy, Biology, Materials science, Organic chemistry, Thermodynamics, Star formation, Optics, Geography, Molecular cloud, Geology, Physical chemistry, Electrical engineering"
Juan Eugenio Iglesias,N/A,I63966007,"Computer science, Biology, Psychology, Medicine, Artificial intelligence, Computer vision, Physics, Radiology, Neuroscience, Chemistry, Mathematics, Psychiatry, Internal medicine, Cognitive psychology, Engineering, Pattern recognition (psychology), Segmentation, Quantum mechanics, Genetics, Magnetic resonance imaging, Pathology, Programming language, Geology, Materials science, Optics"
Kamal Youcef‐Toumi,N/A,I63966007,"Computer science, Engineering, Physics, Artificial intelligence, Quantum mechanics, Mathematics, Economics, Electrical engineering, Biology, Materials science, Management, Thermodynamics, Control (management), Mechanical engineering, Control theory (sociology), Operating system, Chemistry, Optics, Composite material, Programming language, Control engineering, Psychology"
Anu Agarwal,N/A,I63966007,"Physics, Materials science, Optoelectronics, Quantum mechanics, Optics, Chemistry, Engineering, Organic chemistry, Computer science, Metallurgy, Electrical engineering, Telecommunications, Composite material, Nanotechnology, Silicon, Astronomy, Photonics, Biology, Medicine, Laser, Electronic engineering, Infrared"
Robert E. Cohen,N/A,I63966007,"Materials science, Chemistry, Physics, Composite material, Organic chemistry, Engineering, Nuclear magnetic resonance, Polymer, Quantum mechanics, Chemical engineering, Nanotechnology, Copolymer, Thermodynamics, Biology, Polymer chemistry, Metallurgy, Geology, Computer science, Physical chemistry, Mathematics, Optics, Biochemistry"
Mriganka Sur,N/A,I63966007,"Biology, Psychology, Neuroscience, Medicine, Chemistry, Internal medicine, Psychiatry, Biochemistry, Genetics, Physics, Visual cortex, Computer science, Endocrinology, Cognitive psychology, Cell biology, Receptor, Optics, Artificial intelligence, Anatomy, Cortex (anatomy), Mathematics"
William D. Oliver,N/A,I63966007,"Physics, Quantum mechanics, Quantum, Qubit, Computer science, Condensed matter physics, Engineering, Quantum computer, Materials science, Superconductivity, Mathematics, Electrical engineering, Optics, Optoelectronics, Telecommunications, Josephson effect, Flux qubit, Chemistry"
Gilbert Strang,N/A,I63966007,"Mathematics, Computer science, Physics, Quantum mechanics, Mathematical analysis, Geometry, Pure mathematics, Engineering, Applied mathematics, Combinatorics"
Jason Soohoo,N/A,I63966007,"Computer science, World Wide Web, Library science, Subject (documents), Psychology, Mathematics, Political science, Law, Mathematics education, Sociology, Economics, Physics, Philosophy, Pedagogy, Medicine, Quantum mechanics, Economic growth, Linguistics, Astronomy, Business, Astrophysics"
Fikile R. Brushett,N/A,I63966007,"Chemistry, Physics, Materials science, Quantum mechanics, Physical chemistry, Engineering, Electrode, Organic chemistry, Electrolyte, Thermodynamics, Electrochemistry, Inorganic chemistry, Metallurgy, Chemical engineering, Biology, Computer science, Nanotechnology, Redox, Power (physics), Composite material, Mathematics, Biochemistry, Battery (electricity), Process engineering, Flow battery"
L. Barsotti,N/A,I63966007,"Physics, Astronomy, Quantum mechanics, Computer science, Astrophysics, Gravitational wave, Engineering, Optics, Telecommunications, Electrical engineering, Mathematics, Detector, Binary number, Arithmetic, LIGO, Interferometry, Classical mechanics, Theoretical physics, Mathematical physics, General relativity, Gravitational-wave observatory, Electronic engineering, Neutron star, Computer vision"
David Alan Grier,N/A,I63966007,"Computer science, Mathematics, Engineering, World Wide Web, Political science, Law, Algorithm, History of computing, Operating system, Mechanical engineering, Economics, Physics, Telecommunications, Geometry"
Charles E. Leiserson,N/A,I63966007,"Computer science, Mathematics, Programming language, Parallel computing, Engineering, Operating system, Algorithm, Computer network, Physics"
Samuel C.C. Ting,N/A,I63966007,"Physics, Nuclear physics, Quantum mechanics, Particle physics, Hadron, Optics, Engineering, Materials science, Mathematics, Electron, Atomic physics, Astronomy, Computer science, Astrophysics, Electron–positron annihilation, Metallurgy, Economics, Composite material, Lepton, Chemistry"
Roberta O. Day,N/A,I63966007,"Chemistry, Organic chemistry, Physics, Materials science, Quantum mechanics, Stereochemistry, Crystallography, Molecule, Metallurgy, Computer science, Biology, Biochemistry, Crystal structure, Medicinal chemistry, Programming language, World Wide Web, Political science, Library science, Law, Citation"
John H. Lienhard,N/A,I63966007,"Engineering, Physics, Chemistry, Biology, Thermodynamics, Quantum mechanics, Biochemistry, Genetics, Membrane, Environmental science, Materials science, Desalination, Organic chemistry, Mechanics, Geology, Computer science, Ecology, Mechanical engineering, Mathematics, Geography, Process engineering, Oceanography, Environmental engineering, Meteorology, Reverse osmosis"
J. G. Checkelsky,N/A,I63966007,"Physics, Quantum mechanics, Condensed matter physics, Materials science, Chemistry, Optoelectronics, Organic chemistry, Computer science, Engineering, Magnetic field, Mathematics, Metallurgy, Electrical engineering"
Julie Shen,N/A,I63966007,"Business, Computer science, Political science, Economics, Law"
K. Biemann,N/A,I63966007,"Chemistry, Physics, Biology, Organic chemistry, Quantum mechanics, Chromatography, Mass spectrometry, Biochemistry, Computer science, Genetics, Ion, Environmental chemistry, Programming language, Nuclear magnetic resonance, Gene"
John N. Tsitsiklis,N/A,I63966007,"Computer science, Mathematics, Economics, Mathematical optimization, Programming language, Statistics, Algorithm, Artificial intelligence, Engineering, Mathematical analysis, Physics, Computer network, Biology, Machine learning, Combinatorics, Quantum mechanics, Philosophy, Operating system, Discrete mathematics, Geometry, Genetics, Epistemology, Applied mathematics, Macroeconomics"
Arlene M. Fiore,N/A,I63966007,"Physics, Environmental science, Geography, Meteorology, Geology, Chemistry, Organic chemistry, Biology, Climatology, Atmospheric sciences, Ecology, Ozone, Oceanography, Troposphere, Climate change, Air quality index, Engineering, Aerosol, Astronomy, Mathematics"
T. Senthil,N/A,I63966007,"Physics, Quantum mechanics, Condensed matter physics, Mathematics, Engineering, Nuclear physics, Quantum, Thermodynamics, Superconductivity, Electron, Materials science, Electrical engineering, Computer science, Particle physics, Chemistry, Optoelectronics, Mechanical engineering, Aerospace engineering, Geometry"
Thomas H. Maugh,N/A,I63966007,"Biology, Chemistry, Medicine, Physics, Organic chemistry, Computer science, Genetics"
Jongyoon Han,N/A,I63966007,"Biology, Chemistry, Physics, Materials science, Genetics, Biochemistry, Nanotechnology, Engineering, Thermodynamics, Medicine, Quantum mechanics, Organic chemistry, Computer science, Microfluidics, Mathematics, Internal medicine, Immunology, Physical chemistry, Chromatography, Geology, Mechanics, Pathology"
Mark F. Bear,N/A,I63966007,"Psychology, Biology, Medicine, Neuroscience, Chemistry, Biochemistry, Internal medicine, Genetics, Receptor, Psychiatry, Endocrinology, NMDA receptor, Visual cortex, Physics, Computer science, Glutamate receptor, Synaptic plasticity, Gene, Long-term potentiation"
Bilge Yildiz,N/A,I63966007,"Physics, Materials science, Chemistry, Quantum mechanics, Organic chemistry, Engineering, Metallurgy, Physical chemistry, Chemical engineering, Composite material, Crystallography, Condensed matter physics, Nanotechnology, Oxide, Thermodynamics, Electrode, Biology, Computer science, Chemical physics, Electrical engineering, Oxygen, Optoelectronics, Electrolyte, Biochemistry"
David R. Karger,N/A,I63966007,"Computer science, Mathematics, Operating system, World Wide Web, Engineering, Programming language, Artificial intelligence, Philosophy, Algorithm, Political science, Law, Combinatorics, Biology, Physics, Information retrieval, Theoretical computer science, Computer network, Discrete mathematics, Economics, Statistics, Mathematical optimization, Geography"
Chen,N/A,I63966007,"Computer science, Engineering, Physics, Quantum mechanics, Mathematics, Materials science, Electrical engineering, Telecommunications, Computer network, Operating system, Computer security, Chemistry, Optoelectronics"
J.D. Burger,N/A,I63966007,"Physics, Nuclear physics, Quantum mechanics, Particle physics, Hadron, Engineering, Optics, Materials science, Computer science, Astronomy, Electron–positron annihilation, Mathematics, Electron, Atomic physics, Economics, Astrophysics, Composite material, Electrical engineering, Metallurgy, Aerospace engineering, Telecommunications"
T. Medvedeva,N/A,I63966007,"Physics, Nuclear physics, Quantum mechanics, Particle physics, Mathematics, Large Hadron Collider, Astronomy, Astrophysics, Materials science, Hadron, Geography, Quark, Atomic physics, Galaxy, Luminosity, Metallurgy, Chemistry, Engineering, History, Archaeology, Electron, Gauge (firearms), Standard Model (mathematical formulation), Computer science, Geometry"
A. S. Argon,N/A,I63966007,"Materials science, Composite material, Physics, Chemistry, Organic chemistry, Metallurgy, Thermodynamics, Engineering, Crystallography, Quantum mechanics, Geology, Biology, Mathematics, Paleontology, Computer science, Nuclear magnetic resonance, Condensed matter physics, Geography, Microstructure, Oceanography, Polymer, Meteorology, Mechanics, Nanotechnology"
Richard A. Nielsen,N/A,I63966007,"Computer science, Mathematics, Medicine, Biology, Statistics, Political science, Sociology, Law, Virology, Replication (statistics), Economics"
Sendhil Mullainathan,N/A,I63966007,"Economics, Computer science, Mathematics, Political science, Business, Psychology, Law, Philosophy, Biology, Microeconomics, Artificial intelligence, Statistics, Medicine, Finance, Machine learning, Sociology, Market economy"
L. A. Winslow,N/A,I63966007,"Physics, Quantum mechanics, Computer science, Nuclear physics, Particle physics, Neutrino, Engineering, Optics, Telecommunications, Electrical engineering, Detector, Astrophysics, Astronomy, Mathematics, Double beta decay, Chemistry"
J. Friedman,N/A,I63966007,"Physics, Quantum mechanics, Nuclear physics, Particle physics, Large Hadron Collider, Mathematics, Computer science, Tevatron, Collider Detector at Fermilab, Fermilab, Optics, Quark, Hadron, Atomic physics"
Klaus‐Jürgen Bathe,N/A,I63966007,"Physics, Engineering, Structural engineering, Thermodynamics, Mathematics, Computer science, Finite element method, Quantum mechanics, Mathematical analysis, Materials science, Applied mathematics, Composite material, Geometry, Mechanical engineering, Mechanics, Nonlinear system, Political science, Law, Algorithm, Economics"
Mercedes González,N/A,I63966007,"Biology, Chemistry, Biochemistry, Organic chemistry, Medicine, Genetics, Stereochemistry, Physics, Computer science, In vitro, Internal medicine, Pathology, World Wide Web, Combinatorial chemistry, Parasite hosting, Trypanosoma cruzi, Immunology, Materials science, Pharmacology, Virology"
J. Fricke,N/A,I63966007,"Physics, Materials science, Quantum mechanics, Composite material, Engineering, Chemistry, Organic chemistry, Thermodynamics, Nanotechnology, Chemical engineering, Optics, Computer science, Aerogel, Geography, Biology, Geology, Meteorology, Thermal"
Alexander H. Slocum,N/A,I63966007,"Engineering, Physics, Computer science, Materials science, Quantum mechanics, Mechanical engineering, Thermodynamics, Biology, Composite material, Electrical engineering, Chemistry, Mathematics, Medicine, Structural engineering, Artificial intelligence, Geography, Metallurgy, Geology, Organic chemistry, Optics"
Rajeev J. Ram,N/A,I63966007,"Physics, Materials science, Quantum mechanics, Engineering, Optics, Optoelectronics, Electrical engineering, Computer science, Chemistry, Organic chemistry, Telecommunications, Electronic engineering, Laser, Nanotechnology, Composite material, Metallurgy, CMOS, Thermodynamics, Photonics, Mathematics, Silicon, Biology, Semiconductor, Diode"
M. H. Hecht,N/A,I63966007,"Physics, Astronomy, Quantum mechanics, Biology, Geology, Engineering, Astrobiology, Chemistry, Materials science, Mars Exploration Program, Geography, Optics, Computer science, Organic chemistry, Environmental science, Composite material, Martian, Astrophysics, Optoelectronics"
Caroline A. Ross,N/A,I63966007,"Physics, Materials science, Quantum mechanics, Chemistry, Organic chemistry, Engineering, Composite material, Nanotechnology, Condensed matter physics, Optics, Optoelectronics, Metallurgy, Magnetic field, Nuclear magnetic resonance, Chemical engineering, Biology, Mathematics, Magnetization, Electrical engineering, Thermodynamics, Polymer, Copolymer, Computer science, Thin film, Geometry"
James M. LeBeau,N/A,I63966007,"Physics, Materials science, Quantum mechanics, Engineering, Chemistry, Organic chemistry, Nanotechnology, Composite material, Optics, Optoelectronics, Chemical engineering, Computer science, Metallurgy, Condensed matter physics, Electrical engineering, Crystallography, Transmission electron microscopy"
Satoru Masamune,N/A,I63966007,"Chemistry, Organic chemistry, Biology, Biochemistry, Stereochemistry, Computer science, Physics, Catalysis, Medicinal chemistry, Political science, Law, Library science, World Wide Web, Citation, Programming language"
Anthony J. Sinskey,N/A,I63966007,"Biology, Chemistry, Biochemistry, Genetics, Organic chemistry, Physics, Geology, Nuclear magnetic resonance, Gene, Paleontology, Enzyme, Bacteria, Medicine, Engineering, Internal medicine, Food science, Materials science, Computer science"
Eric J. Alm,N/A,I63966007,"Biology, Genetics, Chemistry, Biochemistry, Medicine, Gene, Geology, Paleontology, Internal medicine, Ecology, Pathology, Bioinformatics, Bacteria, Computational biology, Microbiome, Immunology, Disease, Computer science, Microbiology, Sociology"
John J. Leonard,N/A,I63966007,"Computer science, Artificial intelligence, Mathematics, Computer vision, Physics, Engineering, Robot, Statistics, Mobile robot, Philosophy, Quantum mechanics, Geology, Geography, Programming language, Operating system, Biology, Simultaneous localization and mapping, Oceanography, Algorithm, Psychology, Epistemology, Machine learning"
J. Christopher Love,N/A,I63966007,"Biology, Medicine, Chemistry, Genetics, Biochemistry, Internal medicine, Immunology, Gene, Physics, Computer science, Pathology, Immune system, Engineering, Computational biology, Antigen"
A. Schneider,N/A,I63966007,"Physics, Quantum mechanics, Nuclear physics, Particle physics, Astrophysics, Neutrino, Astronomy, Computer science, Neutrino oscillation, Engineering, Optics, Neutrino detector, Electrical engineering, Telecommunications, Detector, Chemistry, Mathematics, Materials science, Solar neutrino, Muon, Geography, Organic chemistry, Statistics, Neutrino astronomy, Metallurgy"
Adel F. Sarofim,N/A,I63966007,"Chemistry, Organic chemistry, Engineering, Physics, Physical chemistry, Combustion, Materials science, Waste management, Biology, Quantum mechanics, Thermodynamics, Geography, Chemical engineering, Geology, History, Archaeology, Ecology, Coal, Environmental science, Composite material, Computer science, Environmental chemistry, Metallurgy, Pyrolysis, Biochemistry"
R. John Hansman,N/A,I63966007,"Engineering, Computer science, Aerospace engineering, Geography, Physics, Mathematics, Aeronautics, Economics, Artificial intelligence, Cartography, Materials science, Thermodynamics, Air traffic control, Biology, Composite material, Quantum mechanics, Operating system, Environmental science, Management, Geology"
Paul I. Barton,N/A,I63966007,"Computer science, Mathematics, Physics, Quantum mechanics, Programming language, Engineering, Mathematical optimization, Biology, Chemistry, Algorithm, Economics, Mathematical analysis, Organic chemistry, Applied mathematics, Operating system, Thermodynamics, Statistics, Artificial intelligence, Geometry, Process engineering, Biochemistry, Nonlinear system, Ecology"
R. Milner,N/A,I63966007,"Physics, Quantum mechanics, Nuclear physics, Optics, Engineering, Particle physics, Atomic physics, Computer science, Electron, Chemistry, Mathematics, Scattering, Organic chemistry, Aerospace engineering, Biology"
Z. Wang,N/A,I63966007,"Physics, Particle physics, Nuclear physics, Quantum mechanics, Large Hadron Collider, Proton, Mathematics, Quark, Astronomy, Economics, Geography, Computer science, Boson, Astrophysics, Electron, Higgs boson, Lepton, Materials science, Engineering, Macroeconomics, Microeconomics, Metallurgy, Production (economics), Hadron, History"
Lawrence Susskind,N/A,I63966007,"Political science, Law, Computer science, Sociology, Economics, Social science, Business, Mathematics, Physics, Philosophy, Biology, Engineering, Negotiation, Geography, Quantum mechanics, Public relations, Psychology"
Michael A. Shapiro,N/A,I63966007,"Physics, Quantum mechanics, Engineering, Optics, Materials science, Computer science, Electrical engineering, Optoelectronics, Nuclear physics, Thermodynamics, Electron, Telecommunications, Power (physics), Chemistry, Gyrotron, Structural engineering, Civil engineering, Beam (structure), Organic chemistry, Electronic engineering, Computer network, Bandwidth (computing), CMOS"
Leonid A. Mirny,N/A,I63966007,"Biology, Chemistry, Genetics, Biochemistry, Gene, DNA, Computational biology, Cell biology, Chromatin, Computer science, Physics, Chromosome, Transcription factor, Gene expression, Medicine, Genome, Mathematics, Engineering, Enhancer, Nuclear magnetic resonance"
Aude Oliva,N/A,I63966007,"Computer science, Artificial intelligence, Psychology, Philosophy, Biology, Cognitive psychology, Neuroscience, Computer vision, Linguistics, Epistemology, Physics, Mathematics, Perception, Pattern recognition (psychology), Engineering, Medicine, Programming language, Object (grammar), Sociology, Geography, Machine learning, Quantum mechanics, Political science, Psychiatry, Law"
S. Bright-Thonney,N/A,I63966007,"Physics, Particle physics, Quantum mechanics, Nuclear physics, Large Hadron Collider, Proton, Mathematics, Quark, Electron, Astronomy, Lepton, Astrophysics, Boson, Higgs boson, Geography, Materials science, Computer science, Metallurgy, Engineering, History, Economics, Archaeology, Luminosity, Galaxy, Gauge (firearms)"
H. C. Gatos,N/A,I63966007,"Physics, Materials science, Chemistry, Quantum mechanics, Organic chemistry, Optoelectronics, Engineering, Condensed matter physics, Metallurgy, Thermodynamics, Composite material, Computer science, Optics, Electrical engineering, Crystallography, Mathematics, Physical chemistry, Biology, Chromatography, Environmental chemistry, Silicon, Nanotechnology, Analytical Chemistry (journal), Nuclear physics, Geography"
Jerry A. Hausman,N/A,I63966007,"Economics, Mathematics, Computer science, Econometrics, Statistics, Business, Machine learning, Political science, Engineering, Law, Biology, Microeconomics, Market economy, Physics"
Anil Ananthaswamy,N/A,I63966007,"Physics, Biology, Computer science, Quantum mechanics, Astronomy, Astrobiology, Philosophy, Astrophysics, Engineering"
Franz‐Josef Ulm,N/A,I63966007,"Materials science, Physics, Engineering, Composite material, Thermodynamics, Geology, Chemistry, Quantum mechanics, Metallurgy, Computer science, Mathematics, Organic chemistry, Biology, Geography, Geotechnical engineering, History, Archaeology, Structural engineering, Cement, Chemical engineering, Paleontology, Programming language"
Daniel Kleppner,N/A,I63966007,"Physics, Quantum mechanics, Computer science, Chemistry, Engineering, Organic chemistry, Atomic physics, Mathematics, Astronomy, Optics, Materials science, Nuclear physics, Hydrogen"
Lee Gehrke,N/A,I63966007,"Chemistry, Biology, Genetics, Biochemistry, Medicine, Gene, Computer science, Computational biology, Immunology"
Youssef Marzouk,N/A,I63966007,"Computer science, Mathematics, Statistics, Artificial intelligence, Physics, Algorithm, Quantum mechanics, Mathematical optimization, Philosophy, Machine learning, Engineering, Mathematical analysis, Bayesian probability, Applied mathematics, Epistemology, Chemistry, Economics, Biology, Geometry, Combinatorics, Inference, Pure mathematics, Geography, Bayesian inference"
J. Krupa,N/A,I63966007,"Physics, Particle physics, Quantum mechanics, Nuclear physics, Large Hadron Collider, Proton, Mathematics, Quark, Astrophysics, Astronomy, Boson, Electron, Higgs boson, Lepton, Geography, Computer science, Economics, Materials science, Engineering, History, Archaeology, Metallurgy, Galaxy, Luminosity, Gauge (firearms)"
Robert Ridgway,N/A,I63966007,"Geography, Biology, Zoology, Ecology, History, Geology"
Gregory C. Rutledge,N/A,I63966007,"Physics, Chemistry, Materials science, Organic chemistry, Composite material, Engineering, Quantum mechanics, Chemical engineering, Nuclear magnetic resonance, Polymer, Thermodynamics, Biology, Mathematics, Computer science, Nanotechnology, Crystallography, Biochemistry, Geology, Physical chemistry, Electrospinning"
S. Foner,N/A,I63966007,"Physics, Quantum mechanics, Materials science, Condensed matter physics, Chemistry, Magnetic field, Organic chemistry, Engineering, Mathematics, Metallurgy, Superconductivity, Crystallography, Composite material, Thermodynamics, Computer science, Magnetization, Optics, Electrical engineering, Field (mathematics), Pure mathematics, Nuclear magnetic resonance, Mechanical engineering"
K. Lübelsmeyer,N/A,I63966007,"Physics, Quantum mechanics, Nuclear physics, Particle physics, Hadron, Optics, Engineering, Materials science, Electron–positron annihilation, Computer science, Astronomy, Electron, Atomic physics, Mathematics, Electrical engineering, Telecommunications, Astrophysics, Detector, Metallurgy, Chemistry, Lepton, Economics, Composite material"
Vladan Vuletić,N/A,I63966007,"Physics, Quantum mechanics, Optics, Engineering, Computer science, Quantum, Atomic physics, Chemistry, Materials science, Organic chemistry, Mathematics, Optoelectronics, Photon, Operating system, Electrical engineering, Thermodynamics, Quantum computer, Parallel computing, Quantum entanglement, Laser, Mechanical engineering, Atom (system on chip), Embedded system"
David Autor,N/A,I63966007,"Economics, Political science, Business, Labour economics, Law, Market economy, Computer science, Mathematics, Demographic economics, Economic growth, Medicine, Macroeconomics, Biology, Sociology, Finance, Psychology, Geography"
N.E. Todreas,N/A,I63966007,"Physics, Engineering, Thermodynamics, Materials science, Quantum mechanics, Mechanics, Nuclear engineering, Computer science, Nuclear physics, Mechanical engineering, Chemistry, Composite material, Geography, Mathematics, Environmental science, Geometry, Meteorology, Coolant, Heat transfer, Organic chemistry, Flow (mathematics)"
N. Cappelluti,N/A,I63966007,"Physics, Astronomy, Astrophysics, Quantum mechanics, Galaxy, Computer science, Redshift, Active galactic nucleus, Computer vision, Optics, Stars, Biology, Mathematics, Luminosity, Geography, Engineering"
Jesse H. Kroll,N/A,I63966007,"Chemistry, Physics, Organic chemistry, Geography, Meteorology, Biology, Aerosol, Environmental chemistry, Ecology, Quantum mechanics, Environmental science, Geology, Materials science, Biochemistry, Thermodynamics, Physical chemistry, Mathematics, Chromatography, Composite material, Engineering, Photochemistry, Oceanography, Computer science, Ozone"
Daniel E. Hastings,N/A,I63966007,"Engineering, Physics, Computer science, Aerospace engineering, Quantum mechanics, Astronomy, Mathematics, Operating system, Geography, Nuclear physics, Philosophy, Chemistry, Geology, Plasma, Linguistics, Biology, Systems engineering, Thermodynamics, Space (punctuation), Spacecraft, Organic chemistry, Economics, Business, History, Ion"
Robert S. Pindyck,N/A,I63966007,"Economics, Mathematics, Computer science, Business, Political science, Microeconomics, Biology, Law, Philosophy, Macroeconomics, Ecology, Econometrics, Engineering, Statistics, Geology, Geography, Finance"
John W. M. Bush,N/A,I63966007,"Physics, Mechanics, Computer science, Engineering, Quantum mechanics, Thermodynamics, Mathematics, Materials science, Classical mechanics, Mechanical engineering, Biology, Geography, Geometry, Geology, Composite material, Meteorology"
N. Mavalvala,N/A,I63966007,"Physics, Quantum mechanics, Astronomy, Computer science, Astrophysics, Optics, Engineering, Gravitational wave, Mathematics, Electrical engineering, Telecommunications, Detector, Arithmetic, Binary number, LIGO, Interferometry, Classical mechanics, Theoretical physics, Mathematical physics, General relativity, Gravitational-wave observatory, Electronic engineering, Computer vision, Neutron star"
Walter Rudin,N/A,I63966007,"Mathematics, Pure mathematics, Mathematical analysis, Physics, Computer science, Quantum mechanics, Combinatorics, Discrete mathematics"
Michael S. Triantafyllou,N/A,I63966007,"Physics, Engineering, Thermodynamics, Computer science, Quantum mechanics, Geography, Mechanics, Mathematics, Aerospace engineering, Meteorology, Materials science, Acoustics, Artificial intelligence, Geology, Geometry, Structural engineering, Mechanical engineering, Composite material, Marine engineering, Oceanography, Classical mechanics, Turbulence, Vortex, Biology, Vibration"
Y. Iwasa,N/A,I63966007,"Physics, Quantum mechanics, Materials science, Engineering, Electrical engineering, Condensed matter physics, Mechanical engineering, Superconductivity, Magnetic field, Magnet, Electromagnetic coil, Superconducting magnet, Composite material, Chemistry, Thermodynamics, Nuclear magnetic resonance, Organic chemistry, Mathematics, Computer science, Nuclear engineering, Geometry, Geology"
Jeffrey M. Karp,N/A,I63966007,"Medicine, Biology, Chemistry, Genetics, Biochemistry, Internal medicine, Materials science, Pathology, Engineering, Physics, Cell biology, Nanotechnology, Organic chemistry, Psychology, Immunology, Computer science"
Jon̈athan R. Polimeni,N/A,I63966007,"Computer science, Medicine, Psychology, Biology, Physics, Neuroscience, Radiology, Artificial intelligence, Computer vision, Engineering, Mathematics, Optics, Magnetic resonance imaging, Psychiatry, Quantum mechanics, Internal medicine, Cognitive psychology, Electrical engineering, Nuclear magnetic resonance"
Anna Frebel,N/A,I63966007,"Physics, Astronomy, Astrophysics, Computer science, Computer vision, Stars, Quantum mechanics, Galaxy, Supernova, Biology, Nuclear physics, Nucleosynthesis, Atomic physics, Nuclear reaction, Halo, Milky Way, Dwarf galaxy, Metallicity"
M. Capell,N/A,I63966007,"Physics, Quantum mechanics, Nuclear physics, Particle physics, Hadron, Optics, Engineering, Materials science, Astronomy, Mathematics, Electron, Astrophysics, Atomic physics, Electron–positron annihilation, Computer science, Metallurgy, Lepton, Chemistry, Electrical engineering, Composite material, Economics"
Ehsan Masood,N/A,I63966007,"Political science, Biology, Philosophy, Law, Business, Geography, Economics, Computer science, Physics, History, Ecology, Geology"
F. Matichard,N/A,I63966007,"Physics, Quantum mechanics, Computer science, Astronomy, Astrophysics, Engineering, Gravitational wave, Mathematics, Telecommunications, Electrical engineering, Optics, Detector, Binary number, Arithmetic, LIGO, Classical mechanics, Theoretical physics, Interferometry, Mathematical physics, General relativity, Electronic engineering, Neutron star, Gravitational-wave observatory, Computer vision"
Richard Schmalensee,N/A,I63966007,"Economics, Business, Political science, Computer science, Law, Mathematics, Biology, Microeconomics, Ecology, Physics, Engineering, Market economy, Philosophy, Industrial organization, Sociology, Quantum mechanics"
N. S. Nolte,N/A,I63966007,"Physics, Particle physics, Quantum mechanics, Nuclear physics, Mathematics, Astrophysics, Computer science, Atomic physics, Chemistry, Astronomy, Luminosity, Galaxy, Optics, Hadron, Biology"
J. Szekely,N/A,I63966007,"Physics, Materials science, Engineering, Thermodynamics, Quantum mechanics, Mechanics, Chemistry, Mathematics, Composite material, Metallurgy, Organic chemistry, Mechanical engineering, Geography, Geometry, Computer science, Meteorology, Flow (mathematics), Geology, Biology, Physical chemistry"
Shun‐Rong Zhang,N/A,I63966007,"Physics, Geology, Astronomy, Geophysics, Ionosphere, Quantum mechanics, Geography, Atmospheric sciences, Meteorology, Nuclear physics, Plasma, Computer science, Environmental science, Engineering, Magnetic field, Optics, Geodesy, Thermosphere, Climatology, Telecommunications, Aerospace engineering, Electron, Electron density, Solar wind, Earth's magnetic field"
Allan S. Myerson,N/A,I63966007,"Chemistry, Physics, Organic chemistry, Engineering, Thermodynamics, Materials science, Biology, Chemical engineering, Quantum mechanics, Computer science, Biochemistry, Crystallization, Composite material, Physical chemistry, Crystallography, Nucleation, Programming language, Mathematics, Chromatography, Medicine, Nanotechnology, Genetics, Supersaturation"
Stephen Y. Chou,N/A,I63966007,"Physics, Materials science, Quantum mechanics, Optoelectronics, Optics, Engineering, Chemistry, Nanotechnology, Organic chemistry, Electrical engineering, Composite material, Medicine, Pathology, Alternative medicine, Computer science, Fabrication, Layer (electronics), Metallurgy, Art, Visual arts, Lithography, Mathematics, Biology, Condensed matter physics, Nanoimprint lithography"
David J. Perreault,N/A,I63966007,"Engineering, Physics, Quantum mechanics, Computer science, Electrical engineering, Thermodynamics, Power (physics), Electronic engineering, Voltage, Materials science, Telecommunications, Converters, Mathematics, Artificial intelligence, Chemistry, Optoelectronics, Operating system, Capacitor, Physical chemistry, Computer network"
J. C. Foster,N/A,I63966007,"Physics, Geology, Quantum mechanics, Geophysics, Nuclear physics, Astronomy, Plasma, Ionosphere, Magnetic field, Geography, Meteorology, Atmospheric sciences, Magnetosphere, Engineering, Computer science, Aerospace engineering, Electron, Telecommunications, Solar wind, Optics, Geodesy, Radar, F region, Earth's magnetic field, Scattering"
Joseph A. Paradiso,N/A,I63966007,"Computer science, Engineering, Operating system, Physics, Artificial intelligence, Human–computer interaction, Quantum mechanics, Biology, Electrical engineering, Telecommunications, Geography, Mathematics, Philosophy, Programming language, Embedded system, Computer vision, Thermodynamics, Art, Materials science"
Paolo Santi,N/A,I63966007,"Computer science, Engineering, Operating system, Mathematics, Computer network, Telecommunications, Physics, Quantum mechanics, Biology, Wireless, Electrical engineering, Computer security, Economics, Distributed computing, Geography, Business, Combinatorics, Statistics, Artificial intelligence, Political science"
A. E. White,N/A,I63966007,"Physics, Quantum mechanics, Nuclear physics, Plasma, Tokamak, Computer science, Engineering, Chemistry, Geography, Thermodynamics, Organic chemistry, Atomic physics, Mechanics, Meteorology, Computational physics, Turbulence, Ion, Electron, Materials science, Optics, Alcator C-Mod, Electron temperature, Operating system, Mathematics, Telecommunications"
David Kaiser,N/A,I63966007,"Physics, Quantum mechanics, Computer science, Mathematics, Theoretical physics, Philosophy, Astronomy, History, Engineering, Political science, Mathematical physics"
Douglass C. North,N/A,I63966007,"Economics, Political science, Computer science, Law, Sociology, Philosophy, Business, History, Biology, Microeconomics, Politics, Mathematics, Neoclassical economics"
Sertaç Karaman,N/A,I63966007,"Computer science, Artificial intelligence, Mathematics, Engineering, Physics, Programming language, Economics, Quantum mechanics, Operating system, Statistics, Computer vision, Biology, Machine learning, Mathematical optimization, Algorithm, Robot, Geography, Management, Computer network, Telecommunications, Philosophy, Optics, Electrical engineering, Aerospace engineering"
J. Eysermans,N/A,I63966007,"Physics, Nuclear physics, Quantum mechanics, Particle physics, Large Hadron Collider, Proton, Mathematics, Computer science, Quark, Economics, Astronomy, Engineering, Astrophysics, Electron, Geography, Lepton, Materials science, Higgs boson, Macroeconomics, Microeconomics, Production (economics), Boson, Metallurgy, Hadron, History"
Nicholas Hutchins,N/A,I63966007,"Physics, Mechanics, Thermodynamics, Geography, Meteorology, Turbulence, Mathematics, Engineering, Aerospace engineering, Quantum mechanics, Boundary layer, Geometry, Mathematical analysis, Reynolds number, Materials science, Boundary (topology), Composite material, Geology, Optics, Computer science, Flow (mathematics), Classical mechanics, Mechanical engineering"
Piet Hut,N/A,I63966007,"Physics, Computer science, Astronomy, Quantum mechanics, Astrophysics, Mathematics, Computer vision, Stars, Galaxy, Operating system, Programming language, Globular cluster, Engineering, Computer network, Star cluster, Mathematical analysis, Biology"
Martin W. Zwierlein,N/A,I63966007,"Physics, Quantum mechanics, Condensed matter physics, Nuclear physics, Electron, Thermodynamics, Astrophysics, Fermi Gamma-ray Space Telescope, Engineering, Chemistry, Computer science, Quantum, Atomic physics, Organic chemistry, Mathematics, Particle physics, Fermi gas"
David McGee,N/A,I63966007,"Geology, Biology, Geography, Paleontology, Physics, Oceanography, Geomorphology, History, Archaeology, Ecology, Climatology, Environmental science, Meteorology, Materials science, Chemistry, Physical geography, Sediment, Holocene, Metallurgy, Engineering, Geochemistry, Computer science, Glacial period, Organic chemistry"
Suvrit Sra,N/A,I63966007,"Mathematics, Computer science, Artificial intelligence, Physics, Geometry, Mathematical optimization, Algorithm, Statistics, Engineering, Mathematical analysis, Economics, Machine learning, Quantum mechanics, Philosophy, Applied mathematics, Combinatorics, Biology, Programming language, Pure mathematics, Chemistry, Operating system, Business, Epistemology, Linguistics, Psychology"
Carol A. Barnes,N/A,I63966007,"Psychology, Biology, Medicine, Neuroscience, Internal medicine, Endocrinology, Psychiatry, Hippocampus, Chemistry, Hippocampal formation, Genetics, Biochemistry, Computer science, Cognition, Mathematics, Cognitive psychology, Sociology, Physics, Receptor"
Shu-yi Zhang,N/A,I63966007,"Physics, Quantum mechanics, Materials science, Optics, Engineering, Chemistry, Composite material, Computer science, Acoustics, Electrical engineering, Organic chemistry, Optoelectronics, Biology, Thermodynamics, Nanotechnology, Medicine, Geology, Mathematics, Astronomy, Metallurgy, Laser, Telecommunications, Radiology, Geography"
Satrajit Ghosh,N/A,I63966007,"Computer science, Psychology, Medicine, Biology, Neuroscience, Psychiatry, Artificial intelligence, Mathematics, Programming language, Operating system, Physics, Engineering, Philosophy, Data science, Statistics"
Troy Van Voorhis,N/A,I63966007,"Physics, Quantum mechanics, Chemistry, Organic chemistry, Materials science, Engineering, Molecule, Mathematics, Computer science, Computational chemistry, Nuclear physics, Composite material, Atomic physics, Condensed matter physics, Biology, Statistical physics, Nanotechnology, Density functional theory, Optics, Chemical physics, Optoelectronics, Thermodynamics, Physical chemistry, Excited state"
Whitney K. Newey,N/A,I63966007,"Mathematics, Economics, Statistics, Econometrics, Computer science, Machine learning, Estimator, Artificial intelligence, Applied mathematics, Physics, Biology, Nonparametric statistics, Philosophy, Engineering, Quantum mechanics, Psychology, Mathematical analysis, Epistemology"
Jeremy Kepner,N/A,I63966007,"Computer science, Operating system, Mathematics, Engineering, Programming language, Physics, Artificial intelligence, Parallel computing, Quantum mechanics, Geography, Database, Computer network, Statistics, Data mining, Algorithm, Biology, Distributed computing"
Christopher A. Voigt,N/A,I63966007,"Chemistry, Biology, Genetics, Computer science, Biochemistry, Computational biology, Gene, Physics, Engineering, Philosophy, Bioinformatics, Geology, Organic chemistry, Paleontology, Theology, Synthetic biology"
Tianyu Yang,N/A,I63966007,"Physics, Quantum mechanics, Particle physics, Nuclear physics, Large Hadron Collider, Proton, Mathematics, Astronomy, Quark, Electron, Astrophysics, Computer science, Lepton, Materials science, Higgs boson, Geography, Engineering, Metallurgy, History, Archaeology, Boson, Economics, Gauge (firearms), Standard Model (mathematical formulation), Luminosity"
Patrick Jaillet,N/A,I63966007,"Computer science, Mathematics, Statistics, Economics, Mathematical optimization, Engineering, Artificial intelligence, Algorithm, Programming language, Machine learning, Physics, Business, Operating system, Philosophy, Quantum mechanics, Mathematical analysis, Computer network, Combinatorics, Biology, Epistemology, Discrete mathematics"
Stephanie Seneff,N/A,I63966007,"Computer science, Artificial intelligence, Biology, Philosophy, Natural language processing, Linguistics, Speech recognition, Mathematics, Programming language, Chemistry, Physics, Geography, Medicine, Engineering, Biochemistry, Psychology, History, Operating system, Genetics, Archaeology, Geology"
Richard J. Cohen,N/A,I63966007,"Medicine, Internal medicine, Biology, Physics, Cardiology, Computer science, Quantum mechanics, Mathematics, Engineering, Radiology, Endocrinology, Chemistry, Psychology, Anesthesia, Blood pressure, Heart rate, Surgery"
Rebecca Saxe,N/A,I63966007,"Psychology, Biology, Neuroscience, Cognitive psychology, Medicine, Philosophy, Computer science, Psychiatry, Cognition, Epistemology, Artificial intelligence, Social psychology, Sociology, Linguistics, Physics, Developmental psychology, Cognitive science, Mathematics, Perception, Political science"
Amar Gupta,N/A,I63966007,"Computer science, Business, Economics, Engineering, Political science, Law, Operating system, Programming language, Mathematics, Marketing, Knowledge management, Artificial intelligence, Biology, Physics, Philosophy, Psychology"
Peter Szolovits,N/A,I63966007,"Computer science, Artificial intelligence, Medicine, Mathematics, Biology, Philosophy, Economics, Machine learning, Political science, Law, Psychology, Engineering, Internal medicine, Linguistics, Statistics, Natural language processing, Pathology, Programming language, Operating system"
Brett A. McGuire,N/A,I63966007,"Physics, Astronomy, Quantum mechanics, Astrophysics, Computer science, Chemistry, Biology, Organic chemistry, Galaxy, Astrobiology, Optics, Computer vision, Interstellar medium, Stars, Materials science, Molecule, Spectral line, Mathematics, Astrochemistry, Engineering"
Duane S. Boning,N/A,I63966007,"Computer science, Engineering, Physics, Materials science, Electrical engineering, Quantum mechanics, Chemistry, Optoelectronics, Mathematics, Nanotechnology, Operating system, Organic chemistry, Composite material, Mechanical engineering, Metallurgy, Programming language, Biology, Electronic engineering, Statistics, Optics, Layer (electronics), Artificial intelligence, Wafer, Process (computing), Telecommunications"
Earl K. Miller,N/A,I63966007,"Psychology, Biology, Neuroscience, Medicine, Computer science, Psychiatry, Cognitive psychology, Cognition, Artificial intelligence, Prefrontal cortex, Internal medicine, Philosophy, Mathematics, Engineering, Physics, Endocrinology, Working memory, Economics, Geology, Paleontology"
Robert A. Alberty,N/A,I63966007,"Chemistry, Physics, Organic chemistry, Quantum mechanics, Biology, Thermodynamics, Physical chemistry, Computer science, Biochemistry, Mathematics, Inorganic chemistry, World Wide Web, Library science, Gibbs free energy, Political science, Law"
Hermano Igo Krebs,N/A,I63966007,"Medicine, Biology, Physical medicine and rehabilitation, Psychology, Engineering, Physics, Physical therapy, Computer science, Neuroscience, Artificial intelligence, Thermodynamics, Rehabilitation, Mechanical engineering, Surgery, Anatomy, Aerospace engineering, Pathology, Psychiatry, Stroke (engine), Internal medicine, Robot, Quantum mechanics, Economics, Physiology, Ankle"
Constantinos Daskalakis,N/A,I63966007,"Mathematics, Computer science, Statistics, Economics, Combinatorics, Mathematical analysis, Mathematical optimization, Algorithm, Discrete mathematics, Artificial intelligence, Philosophy, Physics, Machine learning, Mathematical economics, Microeconomics, Programming language, Epistemology, Geometry, Biology, Chemistry, Quantum mechanics, Engineering"
Bradley D. Olsen,N/A,I63966007,"Chemistry, Materials science, Physics, Organic chemistry, Composite material, Engineering, Nuclear magnetic resonance, Polymer, Biology, Quantum mechanics, Chemical engineering, Polymer chemistry, Mathematics, Biochemistry, Nanotechnology, Copolymer, Computer science, Thermodynamics, Genetics, Medicine"
Jianshu Cao,N/A,I63966007,"Physics, Quantum mechanics, Mathematics, Chemistry, Statistical physics, Computer science, Engineering, Materials science, Quantum, Organic chemistry, Thermodynamics, Biology, Optics, Condensed matter physics, Statistics, Classical mechanics, Geometry, Composite material, Electrical engineering, Biochemistry"
Jessie Micallef,N/A,I63966007,"Physics, Quantum mechanics, Nuclear physics, Particle physics, Neutrino, Astrophysics, Astronomy, Computer science, Engineering, Neutrino oscillation, Optics, Neutrino detector, Telecommunications, Electrical engineering, Detector, Solar neutrino, Geography, Observatory, Mathematics, Chemistry, Neutrino astronomy, Materials science, Cosmic ray, Muon, Statistics"
Sergey Paltsev,N/A,I63966007,"Biology, Economics, Ecology, Geology, Oceanography, Environmental science, Engineering, Natural resource economics, Climate change, Geography, Greenhouse gas, Physics, Business, Computer science, Political science, Chemistry, Organic chemistry, Law, Mathematics, Microeconomics, Macroeconomics, Quantum mechanics, History, Archaeology, Waste management"
R. Weiss,N/A,I63966007,"Physics, Quantum mechanics, Astronomy, Astrophysics, Computer science, Gravitational wave, Optics, Engineering, Mathematics, Telecommunications, Electrical engineering, Binary number, Arithmetic, Detector, LIGO, Classical mechanics, Interferometry, Theoretical physics, Mathematical physics, General relativity, Electronic engineering, Gravitational-wave observatory, Neutron star, Geography"
J. Peraire,N/A,I63966007,"Physics, Engineering, Mathematics, Thermodynamics, Computer science, Quantum mechanics, Structural engineering, Finite element method, Mathematical analysis, Applied mathematics, Mechanics, Geometry, Aerospace engineering, Mathematical optimization, Algorithm, Geography, Discontinuous Galerkin method, Programming language, Nonlinear system, Compressibility"
Frances M. Ross,N/A,I63966007,"Physics, Materials science, Quantum mechanics, Engineering, Nanotechnology, Chemistry, Organic chemistry, Chemical engineering, Optics, Optoelectronics, Composite material, Metallurgy, Biology, Thermodynamics, Computer science, Condensed matter physics, Transmission electron microscopy, Geography, Biochemistry, Geology, Medicine, Electrical engineering, Physical chemistry, Silicon, Crystallography"
H. Bradt,N/A,I63966007,"Physics, Astrophysics, Astronomy, Quantum mechanics, Optics, Computer science, Nuclear physics, X-ray, Computer vision, Stars, Galaxy, Mathematics, Engineering"
Frederick A. Frey,N/A,I63966007,"Geology, Biology, Geochemistry, Paleontology, Seismology, Physics, Basalt, Geophysics, Mantle (geology), Chemistry, Materials science, Metallurgy, Tectonics, Volcano, Geography, Mineralogy, Crust, Earth science, Organic chemistry, Volcanic rock, Partial melting"
Robert Desimone,N/A,I63966007,"Biology, Psychology, Neuroscience, Medicine, Computer science, Cognitive psychology, Philosophy, Psychiatry, Physics, Artificial intelligence, Geology, Paleontology, Visual cortex, Epistemology, Ecology, Perception, Internal medicine, Psychotherapist, Stimulus (psychology)"
Jesse S. Boehm,N/A,I63966007,"Biology, Genetics, Medicine, Biochemistry, Chemistry, Internal medicine, Gene, Cancer, Computational biology, Cancer research, Computer science, Political science, Law"
Noelle E. Selin,N/A,I63966007,"Environmental science, Geography, Biology, Ecology, Physics, Computer science, Geology, Chemistry, Meteorology, Organic chemistry, Programming language, Mercury (programming language), Economics, Engineering, Atmospheric sciences, Oceanography, Political science, Law, Air quality index, Environmental chemistry, Climatology, Business, History, Quantum mechanics, Climate change"
Arup K. Chakraborty,N/A,I63966007,"Biology, Genetics, Chemistry, Biochemistry, Medicine, Immunology, Physics, Gene, Internal medicine, Immune system, Cell biology, Antigen, Organic chemistry, Computer science, Quantum mechanics, Virology, Computational biology, Antibody, T cell, Mathematics"
Tomás Lozano‐Pérez,N/A,I63966007,"Computer science, Artificial intelligence, Mathematics, Philosophy, Programming language, Engineering, Physics, Robot, Operating system, Economics, Linguistics, Computer vision, Machine learning, Biology, Management, Quantum mechanics, Epistemology, Algorithm, Statistics, Systems engineering, Task (project management), Geography, Mathematical analysis, Object (grammar), Motion planning"
Herbert H. Einstein,N/A,I63966007,"Engineering, Geology, Physics, Geotechnical engineering, Computer science, Materials science, Biology, Mathematics, Paleontology, Composite material, Quantum mechanics, Thermodynamics, Structural engineering, Geography"
A. K. Ram,N/A,I63966007,"Physics, Quantum mechanics, Nuclear physics, Plasma, Chemistry, Engineering, Computer science, Organic chemistry, Ion, Computational physics, Electron, Magnetic field, Atomic physics, Optics, Mathematics, Electrical engineering, Thermodynamics, Geology, Tokamak, Materials science, Classical mechanics"
George Stephanopoulos,N/A,I63966007,"Computer science, Engineering, Mathematics, Artificial intelligence, Programming language, Biology, Operating system, Physics, Economics, Chemistry, Process (computing), Quantum mechanics, Political science, Law, Management"
M. A. Ivanov,N/A,I63966007,"Physics, Quantum mechanics, Particle physics, Nuclear physics, Quark, Mathematics, Hadron, Meson, Quantum chromodynamics, Elementary particle, Quarkonium, Quark model, Geometry, Optics, Chemistry, Mathematical physics, Computer science, Astrophysics, Electron, Baryon, Atomic physics"
D. Riley,N/A,I63966007,"Physics, Quantum mechanics, Chemistry, Optics, Nuclear physics, Materials science, Laser, Organic chemistry, Medicine, Atomic physics, Biology, Plasma, Internal medicine, Engineering, Electron, Ion, Genetics, Computer science, Composite material, Biochemistry, Astronomy, Thermodynamics"
J. M. Soderblom,N/A,I63966007,"Physics, Biology, Astrobiology, Geology, Astronomy, Engineering, Aerospace engineering, Titan (rocket family), Geography, Quantum mechanics, Remote sensing, Chemistry, Computer science, Environmental science, Paleontology, Astrophysics, Organic chemistry, Impact crater, Optics"
Mujid S. Kazimi,N/A,I63966007,"Engineering, Physics, Nuclear engineering, Quantum mechanics, Chemistry, Materials science, Nuclear physics, Thermodynamics, Environmental science, Organic chemistry, Mechanics, Computer science, Composite material, Mechanical engineering, Waste management, Nuclear chemistry, Metallurgy, Geography, Biology, Heat transfer"
M. Fyffe,N/A,I63966007,"Physics, Quantum mechanics, Astronomy, Astrophysics, Gravitational wave, Computer science, Mathematics, Engineering, Telecommunications, Optics, Electrical engineering, Binary number, Arithmetic, Detector, LIGO, Classical mechanics, Theoretical physics, Mathematical physics, Interferometry, General relativity, Neutron star, Gravitational-wave observatory, Electronic engineering, Amplitude"
G. Prigozhin,N/A,I63966007,"Physics, Quantum mechanics, Astrophysics, Computer science, Astronomy, Optics, Mathematics, Engineering, Artificial intelligence, Materials science, Computer vision, Geography, Electrical engineering, Gamma-ray burst, Telecommunications, Nuclear physics, Optoelectronics, Detector"
Jeremiah A. Johnson,N/A,I63966007,"Chemistry, Organic chemistry, Materials science, Physics, Composite material, Nuclear magnetic resonance, Polymer, Biology, Engineering, Biochemistry, Quantum mechanics, Polymer chemistry, Nanotechnology, Chemical engineering, Medicine, Computer science, Copolymer, Polymerization, Genetics, Internal medicine"
Edward H. Adelson,N/A,I63966007,"Computer science, Artificial intelligence, Computer vision, Physics, Mathematics, Optics, Psychology, Engineering, Biology, Philosophy, Image (mathematics), Programming language, Geometry, Quantum mechanics, Statistics, Neuroscience, Cognitive psychology, Epistemology, Linguistics, Robot"
J. Alonso,N/A,I63966007,"Physics, Quantum mechanics, Nuclear physics, Engineering, Chemistry, Organic chemistry, Computer science, Optics, Ion, Structural engineering, Civil engineering, Particle physics, Beam (structure), Atomic physics, Medicine, Electron, Materials science, Mathematics, Magnetic field, Nuclear engineering, Biology, Thermodynamics"
L. Rosenson,N/A,I63966007,"Physics, Quantum mechanics, Nuclear physics, Particle physics, Large Hadron Collider, Tevatron, Mathematics, Computer science, Collider Detector at Fermilab, Fermilab, Optics, Engineering, Hadron, Quark, Geography, Collider, Economics, Materials science, Chemistry"
Arthur E. Bergles,N/A,I63966007,"Physics, Thermodynamics, Mechanics, Quantum mechanics, Heat transfer, Materials science, Engineering, Mechanical engineering, Geography, Meteorology, Chemistry, Heat transfer coefficient, Organic chemistry, Mathematics, Heat flux, Boiling, Geometry, Composite material, Computer science, Turbulence, Aerospace engineering, Flow (mathematics), Reynolds number, Critical heat flux, Nucleate boiling"
C. Freer,N/A,I63966007,"Physics, Particle physics, Nuclear physics, Quantum mechanics, Large Hadron Collider, Proton, Mathematics, Quark, Astronomy, Economics, Computer science, Astrophysics, Electron, Lepton, Higgs boson, Macroeconomics, Microeconomics, Geography, Production (economics), Materials science, Hadron, Boson, Engineering, Metallurgy, Luminosity"
Mark L. Schattenburg,N/A,I63966007,"Physics, Quantum mechanics, Optics, Materials science, Optoelectronics, Mathematics, Engineering, Computer science, Astronomy, Geometry, Chemistry, Composite material, Organic chemistry, Nanotechnology, Nuclear physics, Astrophysics, Medicine, Electrical engineering, Grating, Fabrication, Pathology, Alternative medicine, Diffraction, X-ray, Wavelength"
Daniel Blankschtein,N/A,I63966007,"Physics, Chemistry, Organic chemistry, Quantum mechanics, Thermodynamics, Biology, Engineering, Materials science, Biochemistry, Chemical engineering, Physical chemistry, Mathematics, Aqueous solution, Composite material, Nanotechnology, Chromatography, Medicine, Genetics, Pulmonary surfactant, Computer science, Phase (matter)"
Ramachandra R. Dasari,N/A,I63966007,"Physics, Quantum mechanics, Optics, Materials science, Chemistry, Medicine, Biology, Computer science, Organic chemistry, Engineering, Astronomy, Pathology, Mathematics, Genetics, Raman spectroscopy, Biochemistry, Internal medicine, Optoelectronics, Microscopy, Artificial intelligence, Fluorescence"
B. Knuteson,N/A,I63966007,"Physics, Particle physics, Quantum mechanics, Nuclear physics, Large Hadron Collider, Tevatron, Mathematics, Astronomy, Fermilab, Astrophysics, Computer science, Electron, Quark, Luminosity, Galaxy, Geography, Economics, Lepton, Collider Detector at Fermilab, Macroeconomics, Microeconomics, Production (economics), Materials science, Engineering, History"
Brian L. Wardle,N/A,I63966007,"Materials science, Composite material, Engineering, Physics, Nanotechnology, Chemical engineering, Chemistry, Carbon nanotube, Quantum mechanics, Computer science, Organic chemistry, Thermodynamics, Mathematics, Algorithm, Composite number, Biology, Metallurgy, Geology, Structural engineering, Nuclear magnetic resonance, Nanocomposite, Polymer, Physical chemistry"
Domitilla Del Vecchio,N/A,I63966007,"Computer science, Biology, Physics, Mathematics, Engineering, Economics, Artificial intelligence, Genetics, Quantum mechanics, Chemistry, Programming language, Management, Biochemistry, Control (management), Gene, Control theory (sociology), Operating system, Computational biology, Statistics, Philosophy, Geography, Electrical engineering, Computer network, Mathematical analysis"
O. Kitouni,N/A,I63966007,"Physics, Particle physics, Nuclear physics, Quantum mechanics, Mathematics, Chemistry, Astrophysics, Computer science, Atomic physics, Astronomy, Luminosity, Galaxy, Meson, Biology, Hadron, Proton, Optics"
Irwin Oppenheim,N/A,I63966007,"Physics, Quantum mechanics, Thermodynamics, Mathematics, Materials science, Chemistry, Engineering, Statistical physics, Biology, Organic chemistry, Computer science, Composite material, Classical mechanics, Statistics, Psychology, Mathematical analysis, Medicine, Condensed matter physics, Optics, Geometry, Nuclear magnetic resonance"
Wilson C. Chin,N/A,I63966007,"Computer science, Engineering, Physics, Geology, Mathematics, Mechanics, Quantum mechanics, Thermodynamics, Geometry, Materials science, Biology, Flow (mathematics), Programming language, Mechanical engineering, Operating system, Geography, Petroleum engineering, Aerospace engineering, Composite material, Chemistry, Geotechnical engineering"
Giovanni Traverso,N/A,I63966007,"Medicine, Biology, Chemistry, Internal medicine, Genetics, Biochemistry, Organic chemistry, Materials science, Computer science, Engineering, Psychology, Physics, Nanotechnology, Pharmacology, Pathology, Psychiatry, Surgery"
Charles Forsberg,N/A,I63966007,"Engineering, Physics, Chemistry, Environmental science, Nuclear physics, Nuclear engineering, Quantum mechanics, Waste management, Thermodynamics, Materials science, Biology, Organic chemistry, Ecology, Metallurgy, Nuclear chemistry, Mechanical engineering, Computer science, Electrical engineering, Power (physics), Composite material"
Markus Zahn,N/A,I63966007,"Physics, Quantum mechanics, Engineering, Materials science, Electrical engineering, Chemistry, Mathematics, Thermodynamics, Voltage, Physical chemistry, Mechanics, Electric field, Optoelectronics, Organic chemistry, Computer science, Composite material, Electrode, Optics, Dielectric, Nuclear physics, Geometry, Electron, Condensed matter physics, Magnetic field, Mechanical engineering"
Dina Katabi,N/A,I63966007,"Computer science, Engineering, Operating system, Mathematics, Telecommunications, Computer network, Physics, Artificial intelligence, Programming language, Statistics, Wireless, Electrical engineering, Computer security, Biology, Electronic engineering, Quantum mechanics, Philosophy, Psychology, Machine learning, World Wide Web, Channel (broadcasting)"
P. Harris,N/A,I63966007,"Physics, Quantum mechanics, Nuclear physics, Particle physics, Large Hadron Collider, Astronomy, Astrophysics, Mathematics, Geography, Galaxy, Materials science, History, Archaeology, Luminosity, Metallurgy, Gauge (firearms), Quark, Standard Model (mathematical formulation), Engineering, Electron, Lepton, Hadron, Boson, Higgs boson, Computer science"
Sallie W. Chisholm,N/A,I63966007,"Biology, Geology, Genetics, Chemistry, Paleontology, Bacteria, Ecology, Biochemistry, Cyanobacteria, Synechococcus, Prochlorococcus, Gene, Organic chemistry, Botany, Oceanography, Physics, Medicine, Nutrient, Phytoplankton, Evolutionary biology"
Hassan Haes Alhelou,N/A,I63966007,"Computer science, Engineering, Physics, Quantum mechanics, Electrical engineering, Thermodynamics, Power (physics), Mathematics, Biology, Economics, Artificial intelligence, Ecology, Management, Electric power system, Control (management), Geology, Voltage, Control theory (sociology), Geometry, Geography, Renewable energy, Operating system, Programming language, Geodesy, Mathematical optimization"
A. Bers,N/A,I63966007,"Physics, Quantum mechanics, Nuclear physics, Plasma, Engineering, Computer science, Chemistry, Optics, Electron, Organic chemistry, Atomic physics, Mathematics, Ion, Materials science, Thermodynamics, Electrical engineering, Magnetic field, Computational physics, Classical mechanics, Tokamak, Mechanics"
Saman Amarasinghe,N/A,I63966007,"Computer science, Operating system, Programming language, Parallel computing, Engineering, Mathematics, Compiler, Embedded system, Economics, Philosophy, Artificial intelligence, Computer network, Management, Biology, Physics, Computer architecture, Algorithm, Computer hardware, Geometry, Linguistics, Electrical engineering"
Michael T. Hemann,N/A,I63966007,"Biology, Genetics, Medicine, Chemistry, Internal medicine, Biochemistry, Cancer research, Gene, Cancer, Cell biology, Immunology, Apoptosis, Computational biology, Pathology, Computer science, Surgery, DNA"
Graham Jones,N/A,I63966007,"Computer science, Physics, Quantum mechanics, Nuclear physics, Particle physics, Engineering, Chemistry, Optics, Hadron, Business, Atomic physics, Economics"
T. Etzel,N/A,I63966007,"Physics, Quantum mechanics, Astronomy, Astrophysics, Gravitational wave, Computer science, Engineering, Mathematics, Optics, Telecommunications, Electrical engineering, Binary number, Arithmetic, Detector, LIGO, Classical mechanics, Interferometry, Theoretical physics, Mathematical physics, General relativity, Neutron star, Electronic engineering, Gravitational-wave observatory, Amplitude"
Paola Cappellaro,N/A,I63966007,"Physics, Quantum mechanics, Quantum, Engineering, Mathematics, Computer science, Condensed matter physics, Chemistry, Mechanical engineering, Thermodynamics, Quantum computer, Materials science, Biology, Aerospace engineering, Quantum entanglement, Organic chemistry, Spin (aerodynamics), Quantum information, Open quantum system, Psychology, Medicine, Composite material, Radiology, Metallurgy, Quantum network"
F. J. Rich,N/A,I63966007,"Geology, Physics, Geography, Astronomy, Geophysics, Quantum mechanics, Plasma, Nuclear physics, Ionosphere, Magnetic field, Engineering, Meteorology, Atmospheric sciences, Geodesy, Magnetosphere, Aerospace engineering, Solar wind, Computer science, Mathematics, Environmental science, Latitude, Earth's magnetic field, Satellite, Biology, Oceanography"
Oliver Jahn,N/A,I63966007,"Physics, Computer science, Chemistry, Quantum mechanics, Biology, Geology, Ecology, Organic chemistry, Oceanography, Environmental science, Nuclear physics, Particle physics, Nutrient, Phytoplankton, Mathematics"
Daniel J. Kleitman,N/A,I63966007,"Mathematics, Computer science, Combinatorics, Discrete mathematics, Political science, Law, World Wide Web, Library science, Programming language, Mathematical analysis, Citation, Physics"
Colette L. Heald,N/A,I63966007,"Physics, Geography, Environmental science, Meteorology, Geology, Chemistry, Organic chemistry, Biology, Atmospheric sciences, Ecology, Aerosol, Climatology, Air quality index, Engineering, Materials science, Ozone, Oceanography, Thermodynamics, Quantum mechanics, Environmental chemistry, Mathematics, Composite material, Troposphere, Astronomy, Computer science"
M. Landry,N/A,I63966007,"Physics, Quantum mechanics, Astrophysics, Astronomy, Gravitational wave, Computer science, Engineering, Mathematics, Optics, Telecommunications, Electrical engineering, Detector, Binary number, Arithmetic, LIGO, Interferometry, Classical mechanics, Theoretical physics, Mathematical physics, General relativity, Electronic engineering, Gravitational-wave observatory, Neutron star"
Haruko Wainwright,N/A,I63966007,"Environmental science, Geology, Biology, Geography, Ecology, Physics, Engineering, Computer science, Chemistry, Geotechnical engineering, Mathematics, Hydrology (agriculture), Machine learning, Quantum mechanics, Computer vision, Organic chemistry, Cartography, Watershed, Oceanography, Meteorology, Remote sensing"
L. Bromberg,N/A,I63966007,"Physics, Engineering, Quantum mechanics, Materials science, Nuclear physics, Plasma, Chemistry, Thermodynamics, Electrical engineering, Organic chemistry, Mechanical engineering, Computer science, Nuclear engineering, Biology, Composite material, Tokamak, Magnetic field, Environmental science, Mathematics, Condensed matter physics, Superconductivity, Magnet, Ecology, Electromagnetic coil, Aerospace engineering"
Y. Corrales Morales,N/A,I63966007,"Physics, Nuclear physics, Particle physics, Quantum mechanics, Hadron, Large Hadron Collider, Mathematics, Chemistry, Economics, Organic chemistry, Computer science, Rapidity, Engineering, Ion, Optics, Macroeconomics, Microeconomics, Production (economics), Geometry, Atomic physics"
Sanjoy K. Mitter,N/A,I63966007,"Computer science, Mathematics, Physics, Artificial intelligence, Engineering, Quantum mechanics, Economics, Statistics, Algorithm, Mathematical analysis, Management, Electrical engineering, Mathematical optimization, Control (management), Programming language, Biology, Applied mathematics, Telecommunications, Machine learning, Philosophy, Geometry, Computer vision"
Kerri Cahoy,N/A,I63966007,"Computer science, Physics, Astronomy, Engineering, Optics, Quantum mechanics, Geology, Aerospace engineering, Geography, Remote sensing, Satellite, Astrophysics, Computer vision, Telecommunications, Biology, Electrical engineering, Operating system, Stars, CubeSat, Artificial intelligence, Materials science, Planet, Exoplanet, Computer network, Environmental science"
Thomas Koch,N/A,I63966007,"Engineering, Computer science, Physics, Materials science, Quantum mechanics, Optics, Optoelectronics, Electrical engineering, Laser, Telecommunications, Wavelength, Mathematics, Chemistry, Electronic engineering, Operating system, Computer network, Organic chemistry, Philosophy, Composite material, Diode, Semiconductor, Semiconductor laser theory"
Dick K. P. Yue,N/A,I63966007,"Physics, Quantum mechanics, Thermodynamics, Mathematics, Mechanics, Geography, Engineering, Computer science, Geology, Optics, Meteorology, Geometry, Classical mechanics, Nonlinear system, Materials science, Oceanography, Aerospace engineering, Mathematical analysis, Chemistry, Turbulence, Biology, Acoustics"
Marzyeh Ghassemi,N/A,I63966007,"Computer science, Artificial intelligence, Medicine, Mathematics, Psychology, Economics, Philosophy, Machine learning, Biology, Political science, Law, Engineering, Statistics, Internal medicine, Physics, Epistemology, Economic growth, Health care, Pathology, Programming language, Data science, Linguistics"
R. Mittleman,N/A,I63966007,"Physics, Quantum mechanics, Astronomy, Astrophysics, Gravitational wave, Computer science, Engineering, Mathematics, Optics, Telecommunications, Electrical engineering, Binary number, Arithmetic, Detector, LIGO, Interferometry, Classical mechanics, Theoretical physics, Mathematical physics, Electronic engineering, General relativity, Gravitational-wave observatory, Neutron star"
Franco Modigliani,N/A,I63966007,"Economics, Business, Political science, Macroeconomics, Finance, Law, Monetary economics, Keynesian economics, Mathematics, Computer science, Physics, Philosophy, History"
M. Evans,N/A,I63966007,"Physics, Quantum mechanics, Computer science, Engineering, Astronomy, Astrophysics, Optics, Electrical engineering, Gravitational wave, Mathematics, Telecommunications, Detector, Arithmetic, Binary number, LIGO, Interferometry, Classical mechanics, Mathematical physics, Theoretical physics, General relativity, Gravitational-wave observatory, Computer vision, Electronic engineering, Artificial intelligence, Materials science"
Michael F. Rubner,N/A,I63966007,"Materials science, Chemistry, Physics, Organic chemistry, Composite material, Engineering, Quantum mechanics, Nanotechnology, Nuclear magnetic resonance, Polymer, Chemical engineering, Biology, Physical chemistry, Biochemistry, Polymer chemistry, Optoelectronics, Optics, Thin film, Layer (electronics), Polymerization, Polyelectrolyte, Condensed matter physics, Monomer, Copolymer, Geology"
Hans Moritz Günther,N/A,I63966007,"Computer science, Physics, Astronomy, Astrophysics, Computer vision, Stars, Quantum mechanics, Mathematics, Biology, Optics, Business, Economics, Finance, Engineering, Accretion (finance), Medicine, Galaxy"
Alessandro Acquisti,N/A,I63966007,"Computer science, Political science, Law, Internet privacy, Business, Computer security, Economics, Psychology, Mathematics, World Wide Web, Philosophy, Information privacy, Operating system, Personally identifiable information, Geography, Sociology, Social psychology, Biology, Physics, Statistics"
C. A. Ross,N/A,I63966007,"Physics, Materials science, Quantum mechanics, Chemistry, Condensed matter physics, Magnetic field, Organic chemistry, Nanotechnology, Composite material, Magnetization, Engineering, Optics, Metallurgy, Thermodynamics, Mathematics, Optoelectronics, Biology, Computer science, Thin film, Nuclear magnetic resonance, Magnetic anisotropy, Chemical engineering, Geology, Crystallography, Layer (electronics)"
Joseph F. Coughlin,N/A,I63966007,"Computer science, Psychology, Medicine, Economics, Engineering, Biology, Business, Political science, Sociology, Law, Operating system, Philosophy, Physics, Environmental health, Neuroscience, Gerontology, Artificial intelligence, Mathematics, Management, Demography"
Jinhua Zhao,N/A,I63966007,"Computer science, Engineering, Economics, Mathematics, Transport engineering, Political science, Law, Business, Geography, Artificial intelligence, Statistics, Operating system, Biology, Machine learning, Physics, Public transport, Waste management, Philosophy, Civil engineering, Medicine, Quantum mechanics, History, Archaeology, Microeconomics, Geology"
Martin Campbell‐Kelly,N/A,I63966007,"Computer science, History, Engineering, Economics, Mathematics, Operating system, Programming language, Political science"
C. Gray,N/A,I63966007,"Physics, Quantum mechanics, Astronomy, Astrophysics, Gravitational wave, Computer science, Engineering, Mathematics, Telecommunications, Electrical engineering, Optics, Binary number, Arithmetic, Detector, LIGO, Classical mechanics, Theoretical physics, Interferometry, Mathematical physics, General relativity, Electronic engineering, Gravitational-wave observatory, Neutron star"
Quinton R. Rogers,N/A,I63966007,"Biology, Medicine, Chemistry, Internal medicine, Biochemistry, Endocrinology, Genetics, Amino acid, Organic chemistry, Engineering, Food science, Computer science, Physics, Electronic engineering, Embedded system, CATS, Animal science, Nuclear magnetic resonance, Enzyme, Pathology"
Shafi Goldwasser,N/A,I63966007,"Computer science, Mathematics, Algorithm, Computer security, Theoretical computer science, Cryptography, Operating system, Computer network, Programming language, Philosophy, Statistics, Geometry, Discrete mathematics, Encryption, Biology, Combinatorics, Mathematical analysis, Artificial intelligence, Engineering"
Gregory B. Olson,N/A,I63966007,"Materials science, Chemistry, Physics, Composite material, Metallurgy, Organic chemistry, Crystallography, Microstructure, Quantum mechanics, Thermodynamics, Engineering, Computer science, Alloy, Biology, Martensite, Austenite, Mathematics, Condensed matter physics, Geography"
Luca Carlone,N/A,I63966007,"Computer science, Artificial intelligence, Mathematics, Computer vision, Engineering, Algorithm, Biology, Robot, Statistics, Physics, Programming language, Operating system, Philosophy, Quantum mechanics, Economics, Mathematical optimization, Psychology, Machine learning, Mobile robot, Combinatorics, Geometry, Discrete mathematics, Epistemology"
Jeremy Bernstein,N/A,I63966007,"Physics, Quantum mechanics, Computer science, Mathematics, Nuclear physics, Philosophy, Theoretical physics, History, Particle physics, Engineering, Art"
M. Williams,N/A,I63966007,"Physics, Particle physics, Quantum mechanics, Nuclear physics, Mathematics, Computer science, Astrophysics, Astronomy, Chemistry, Galaxy, Luminosity, Optics, Atomic physics"
Russ Tedrake,N/A,I63966007,"Computer science, Artificial intelligence, Mathematics, Physics, Quantum mechanics, Engineering, Economics, Robot, Biology, Mathematical optimization, Management, Programming language, Geometry, Control (management), Algorithm, Statistics, Control theory (sociology), Machine learning, Computer vision, Mathematical analysis, Operating system, Philosophy, Nonlinear system, Chemistry, Combinatorics"
Yao Li,N/A,I63966007,"Materials science, Physics, Chemistry, Quantum mechanics, Organic chemistry, Engineering, Composite material, Nanotechnology, Physical chemistry, Chemical engineering, Biology, Electrode, Computer science, Optoelectronics, Metallurgy, Thermodynamics, Optics, Electrochemistry, Mathematics, Biochemistry, Geology, Electrochromism, Geography"
Paul L. Schechter,N/A,I63966007,"Physics, Astronomy, Astrophysics, Quantum mechanics, Galaxy, Computer science, Redshift, Computer vision, Stars, Quasar, Optics, Geology, Gravitational lens, Mathematics, Engineering, Biology, Geography"
Steven Dubowsky,N/A,I63966007,"Computer science, Engineering, Artificial intelligence, Physics, Quantum mechanics, Robot, Economics, Mathematics, Management, Biology, Control (management), Control engineering, Control theory (sociology), Operating system, Electrical engineering, Mechanical engineering, Ecology, Geography, Thermodynamics, Aerospace engineering, Astronomy, Classical mechanics, Simulation, Materials science, Programming language"
Philip Harris,N/A,I63966007,"Physics, Nuclear physics, Particle physics, Quantum mechanics, Computer science, Proton, Large Hadron Collider, Quark, Economics, Data mining, Table (database), Database, Macroeconomics, Microeconomics, Production (economics), Electron, Lepton, Engineering, Mathematics, Top quark, Astronomy, Thermodynamics, Aerospace engineering"
Michael A. Cusumano,N/A,I63966007,"Computer science, Business, Engineering, Economics, Programming language, Operating system, Political science, Marketing, Management, Law, Mathematics, Software, Physics"
Evelina Fedorenko,N/A,I63966007,"Computer science, Philosophy, Psychology, Linguistics, Biology, Artificial intelligence, Neuroscience, Medicine, Cognitive psychology, Natural language processing, Psychiatry, Programming language, Cognition, Mathematics, Comprehension, Epistemology, Cognitive science, Sentence"
Alfredo Alexander‐Katz,N/A,I63966007,"Physics, Chemistry, Materials science, Organic chemistry, Composite material, Quantum mechanics, Biology, Nuclear magnetic resonance, Polymer, Engineering, Nanotechnology, Mathematics, Chemical engineering, Biochemistry, Genetics, Thermodynamics, Chemical physics, Copolymer, Computer science, Medicine, Geometry, Biophysics, Geology"
Chien‐Wen Chen,N/A,I63966007,"Biology, Medicine, Chemistry, Genetics, Internal medicine, Biochemistry, Computer science, Physics, Engineering, Pathology, Mathematics, Gene, Psychology, Cell biology, Immunology"
Bradford H. Hager,N/A,I63966007,"Geology, Physics, Biology, Paleontology, Geography, Seismology, Engineering, Geophysics, Materials science, Quantum mechanics, Thermodynamics, Geochemistry, Tectonics, Geodesy, Meteorology, Composite material, Mantle (geology), Mathematics, Mechanics, Oceanography, Optics, Computer science, Lithosphere, Subduction, Astronomy"
Ernest Fraenkel,N/A,I63966007,"Biology, Genetics, Chemistry, Biochemistry, Gene, Medicine, Internal medicine, Cell biology, Computational biology, Pathology, Computer science, Disease, Gene expression, Physics, Psychology, Cancer research"
John R. Freeman,N/A,I63966007,"Engineering, Physics, Computer science, Geology, Mathematics, Quantum mechanics, Political science, Economics, Law, Biology, Philosophy"
Herman Feshbach,N/A,I63966007,"Physics, Quantum mechanics, Nuclear physics, Mathematics, Atomic physics, Particle physics, Computer science, Engineering, Optics"
Kenneth Strzepek,N/A,I63966007,"Biology, Ecology, Environmental science, Geography, Geology, Economics, Oceanography, Climate change, Engineering, Computer science, Natural resource economics, Physics, Environmental resource management, Business, History, Archaeology, Political science, Law, Agriculture, Environmental planning, Water resources, Water resource management, Climatology"
James B. Orlin,N/A,I63966007,"Computer science, Mathematics, Mathematical optimization, Algorithm, Combinatorics, Discrete mathematics, Engineering, Geometry, Programming language, Physics, Mathematical analysis, Theoretical computer science, Operating system, Statistics, Graph, Philosophy, Artificial intelligence, Economics"
David Kim,N/A,I63966007,"Physics, Quantum mechanics, Computer science, Engineering, Quantum, Materials science, Condensed matter physics, Qubit, Mathematics, Superconductivity, Optics, Electrical engineering, Quantum computer, Chemistry, Biology, Optoelectronics, Medicine, Operating system"
K. Mason,N/A,I63966007,"Physics, Quantum mechanics, Astrophysics, Astronomy, Computer science, Gravitational wave, Engineering, Mathematics, Optics, Electrical engineering, Telecommunications, Detector, Binary number, Arithmetic, LIGO, Classical mechanics, Interferometry, Theoretical physics, Mathematical physics, General relativity, Electronic engineering, Neutron star, Gravitational-wave observatory, Amplitude"
Deb Roy,N/A,I63966007,"Computer science, Philosophy, Artificial intelligence, Linguistics, Psychology, Biology, Natural language processing, Mathematics, Political science, Engineering, Programming language, Law, Physics, Operating system, Geography, Epistemology, Human–computer interaction, Sociology, Economics, History, World Wide Web, Archaeology, Geology, Medicine, Paleontology"
C. Reissel,N/A,I63966007,"Physics, Particle physics, Nuclear physics, Quantum mechanics, Proton, Large Hadron Collider, Mathematics, Quark, Astronomy, Astrophysics, Electron, Boson, Higgs boson, Lepton, Economics, Computer science, Geography, Macroeconomics, Microeconomics, Materials science, Production (economics), Hadron, Metallurgy, Engineering, Luminosity"
Scott R. Manalis,N/A,I63966007,"Biology, Genetics, Physics, Chemistry, Medicine, Engineering, Biochemistry, Materials science, Cell biology, Thermodynamics, Internal medicine, Nanotechnology, Computer science, Aerospace engineering, Quantum mechanics, Gene, Optics, Optoelectronics, Mechanics, Geology, Electrical engineering, Composite material, Cell, Paleontology, Pathology"
Peter W. Shor,N/A,I63966007,"Mathematics, Computer science, Physics, Quantum mechanics, Quantum, Algorithm, Combinatorics, Discrete mathematics, Engineering, Programming language, Mathematical analysis, Quantum computer, Statistics, Quantum entanglement, Quantum information, Geometry, Philosophy, Theoretical computer science, Qubit, Quantum algorithm, Computer network, Telecommunications, Open quantum system, Quantum dynamics"
Elfatih A. B. Eltahir,N/A,I63966007,"Geography, Geology, Environmental science, Biology, Ecology, Physics, Climatology, Meteorology, Oceanography, Engineering, Climate change, Medicine, Atmospheric sciences, Computer science, Thermodynamics, Geotechnical engineering, Pathology, Climate model, Precipitation, Hydrology (agriculture), Quantum mechanics, Mathematics, History"
R.C. Jaeger,N/A,I63966007,"Physics, Engineering, Materials science, Electrical engineering, Optoelectronics, Computer science, Quantum mechanics, Chemistry, Electronic engineering, Organic chemistry, Composite material, Telecommunications, Thermodynamics, Operating system, Voltage, Nanotechnology, Metallurgy, Mechanical engineering, Philosophy, Linguistics, Stress (linguistics), Mathematics, CMOS, Transistor, Piezoresistive effect"
Ray Jackendoff,N/A,I63966007,"Computer science, Philosophy, Linguistics, Psychology, Artificial intelligence, Biology, Natural language processing, Cognitive science, Programming language, Mathematics, Medicine, Epistemology, Neuroscience, Art, Grammar, Generative grammar"
Pablo A. Parrilo,N/A,I63966007,"Mathematics, Computer science, Mathematical optimization, Physics, Mathematical analysis, Geometry, Combinatorics, Quantum mechanics, Algorithm, Economics, Pure mathematics, Discrete mathematics, Artificial intelligence, Programming language, Statistics, Biology, Semidefinite programming, Regular polygon, Machine learning, Applied mathematics, Philosophy, Engineering, Chemistry, Convex optimization, Polynomial"
David E. Pritchard,N/A,I63966007,"Physics, Quantum mechanics, Atomic physics, Engineering, Computer science, Optics, Mathematics, Chemistry, Astronomy, Organic chemistry, Materials science, Operating system, Nuclear physics, Parallel computing, Embedded system, Atom (system on chip), Condensed matter physics, Biology, Statistics, Laser"
P. Berges,N/A,I63966007,"Physics, Quantum mechanics, Nuclear physics, Particle physics, Hadron, Optics, Materials science, Electron–positron annihilation, Engineering, Mathematics, Astronomy, Electron, Astrophysics, Atomic physics, Metallurgy, Lepton, Geography, Computer science, History, Archaeology, Gauge (firearms), Boson, Standard Model (mathematical formulation), Electrical engineering, Economics"
Barry R. Masters,N/A,I63966007,"Physics, Optics, Medicine, Biology, Quantum mechanics, Materials science, Computer science, Mathematics, Pathology, Engineering, Microscopy, Geometry, Psychology, Ophthalmology, Cell biology, Microscope, Fluorescence, Confocal, Neuroscience, Confocal microscopy, Artificial intelligence, Chemistry, Cornea"
R. L. Jaffe,N/A,I63966007,"Physics, Quantum mechanics, Nuclear physics, Particle physics, Mathematics, Engineering, Quark, Quantum chromodynamics, Hadron, Computer science, Optics, Geometry, Biology, Classical mechanics, Atomic physics, Mathematical physics, Thermodynamics"
S.J. Wukitch,N/A,I63966007,"Physics, Quantum mechanics, Nuclear physics, Plasma, Tokamak, Engineering, Computer science, Materials science, Alcator C-Mod, Chemistry, Organic chemistry, Atomic physics, Electrical engineering, Thermodynamics, Telecommunications, Optics, Ion, Mathematics, Composite material, Magnetic field, Electron"
Pierre F. J. Lermusiaux,N/A,I63966007,"Physics, Computer science, Mathematics, Geology, Geography, Engineering, Oceanography, Quantum mechanics, Meteorology, Artificial intelligence, Statistics, Climatology, Biology, Mathematical analysis, Environmental science, Thermodynamics, Mechanics, Algorithm, History, Programming language, Archaeology"
A. R. Whitney,N/A,I63966007,"Physics, Astronomy, Computer science, Astrophysics, Geography, Geology, Quantum mechanics, Engineering, Geodesy, Very-long-baseline interferometry, Optics, Remote sensing, Telecommunications, Political science, Mathematics, Law, Galaxy, Interferometry, World Wide Web"
JoAnne Stubbe,N/A,I63966007,"Chemistry, Biology, Biochemistry, Genetics, Organic chemistry, Physics, Gene, Nuclear magnetic resonance, Enzyme, Protein subunit, Stereochemistry, Ribonucleotide reductase, Nucleotide, Ribonucleotide, Medicine, Quantum mechanics, Internal medicine, Geology, Cofactor, Materials science, Paleontology, Catalysis"
H. G. Khorana,N/A,I63966007,"Chemistry, Biology, Biochemistry, Genetics, Gene, Organic chemistry, Physics, Computer science, Nuclear magnetic resonance, Stereochemistry, Molecular biology, Political science, Law, Library science, Medicine, World Wide Web, Citation, Polynucleotide, Enzyme, Information retrieval, Membrane"
Bradley L. Pentelute,N/A,I63966007,"Biology, Chemistry, Biochemistry, Genetics, Physics, Nuclear magnetic resonance, Organic chemistry, Peptide, Medicine, Gene, Combinatorial chemistry, Internal medicine, Enzyme, Computational biology, Materials science, Computer science, Cell biology, Amino acid, Immunology, Stereochemistry"
Christopher Bennett,N/A,I97018004,"Mathematics, Statistics, Geography, Plot (graphics), Computer science, Biology, Genetics, Ecology, Reproduction, Medicine, Virology"
M Snyder,N/A,I97018004,"Computer science, Biology, Genetics, Chemistry, Biochemistry, Medicine, Gene, Internal medicine, Computational biology"
John P. A. Ioannidis,N/A,I97018004,"Medicine, Biology, Pathology, Internal medicine, Mathematics, Computer science, Chemistry, Statistics, Political science, Law, Biochemistry, Psychology, Genetics, Surgery, Economics, Meta-analysis, MEDLINE, Psychiatry"
Barry M. Trost,N/A,I97018004,"Chemistry, Organic chemistry, Biology, Biochemistry, Catalysis, Combinatorial chemistry, Stereochemistry, Materials science, Medicinal chemistry, Computer science, Physics, Palladium, Enantioselective synthesis"
M. Vidal Marono,N/A,I97018004,"Physics, Particle physics, Nuclear physics, Quantum mechanics, Large Hadron Collider, Astronomy, Astrophysics, Quark, Mathematics, Geography, Materials science, History, Archaeology, Galaxy, Metallurgy, Luminosity, Gauge (firearms), Standard Model (mathematical formulation), Electron, Lepton, Engineering, Computer science, Economics, Higgs boson, Boson"
Lei Xing,N/A,I97018004,"Medicine, Computer science, Physics, Radiology, Artificial intelligence, Internal medicine, Mathematics, Engineering, Optics, Biology, Surgery, Nuclear medicine, Computer vision, Quantum mechanics, Radiation therapy, Chemistry, Psychology, Genetics, Algorithm"
Yi Liu,N/A,I97018004,"Chemistry, Physics, Materials science, Organic chemistry, Quantum mechanics, Engineering, Biology, Biochemistry, Composite material, Computer science, Nanotechnology, Chemical engineering, Crystallography, Optoelectronics, Optics, Metallurgy, Medicine, Thermodynamics, Physical chemistry, Electrical engineering, Genetics, Nuclear magnetic resonance"
Scott Fendorf,N/A,I97018004,"Computer science, Geography, Environmental science, Biology, Chemistry, Organic chemistry, Geology, Materials science, Metallurgy"
Y. Yamamoto,N/A,I97018004,"Physics, Quantum mechanics, Materials science, Engineering, Optics, Computer science, Optoelectronics, Chemistry, Electrical engineering, Biology, Mathematics, Condensed matter physics, Laser, Quantum, Organic chemistry"
Richard N. Zare,N/A,I97018004,"Chemistry, Physics, Quantum mechanics, Organic chemistry, Biology, Materials science, Engineering, Optics, Chromatography, Atomic physics, Computer science, Environmental chemistry, Biochemistry, Physical chemistry, Mathematics, Astronomy, Nuclear physics, Analytical Chemistry (journal), Ion, Thermodynamics, Composite material"
Esther M. John,N/A,I97018004,"Medicine, Biology, Genetics, Internal medicine, Cancer, Oncology, Breast cancer, Chemistry, Biochemistry, Pathology, Gene, Sociology, Demography, Mathematics, Statistics, Environmental health, Population, Computer science, Genotype, Surgery, Single-nucleotide polymorphism, Gynecology"
Sanjiv S. Gambhir,N/A,I97018004,"Biology, Medicine, Genetics, Chemistry, Internal medicine, Biochemistry, Physics, Radiology, Cancer research, Nuclear medicine, Psychology, Pathology, Biotechnology, Gene, Cancer, In vivo, Immunology, Neuroscience, Positron emission tomography, Computer science"
Ming Chen,N/A,I97018004,Computer science
Scott Rozelle,N/A,I97018004,"Political science, Law, Geography, History, Archaeology, China, Economics, Biology, Business, Medicine, Ecology, Economic growth, Sociology, Psychology, Mathematics, Computer science, Agriculture, Philosophy, Pathology, Macroeconomics, Agricultural economics, Microeconomics, Market economy"
Kabir Peay,N/A,I97018004,"Computer science, Database, Environmental science"
Benjamín Britten,N/A,I97018004,"Art, History, Physics, Art history, Computer science, Philosophy, Acoustics, Literature"
Luı́s de Lecea,N/A,I97018004,"Psychology, Medicine, Biology, Neuroscience, Internal medicine, Chemistry, Computer science, Biochemistry, Genetics, Psychiatry, Endocrinology, Receptor"
Glade Dlott,N/A,I97018004,"Computer science, Database"
Zhenan Bao,N/A,I97018004,"Materials science, Physics, Chemistry, Engineering, Quantum mechanics, Organic chemistry, Nanotechnology, Composite material, Electrical engineering, Optoelectronics, Physical chemistry, Biology, Computer science, Electrode, Chemical engineering, Nuclear magnetic resonance, Voltage, Polymer, Transistor, Thermodynamics, Layer (electronics), Medicine, Optics, Mathematics, Biochemistry"
Rodney C. Ewing,N/A,I97018004,"Chemistry, Physics, Materials science, Organic chemistry, Quantum mechanics, Engineering, Nuclear physics, Metallurgy, Geology, Biology, Crystallography, Optics, Composite material, Chemical engineering, Paleontology, Ion, Nuclear chemistry, Mineralogy, Geochemistry, Irradiation, Nanotechnology, Phase (matter), Thermodynamics, Environmental chemistry, Chromatography"
Stanley J. Brodsky,N/A,I97018004,"Physics, Quantum mechanics, Particle physics, Nuclear physics, Quantum chromodynamics, Mathematics, Hadron, Quark, Mathematical physics, Optics, Atomic physics, Computer science, Engineering, Quantum electrodynamics, Scattering"
Brandon De La Cuesta,N/A,I97018004,"Computer science, Mathematics, Biology, Statistics, Medicine, Replication (statistics), Virology, Economics, Microeconomics, Conjoint analysis, Preference, Mathematical analysis, Distribution (mathematics), Psychology"
M. M. Fejer,N/A,I97018004,"Physics, Quantum mechanics, Optics, Materials science, Optoelectronics, Engineering, Computer science, Laser, Electrical engineering, Chemistry, Telecommunications, Organic chemistry, Mathematics, Wavelength, Nonlinear system, Lithium niobate, Nonlinear optics, Electronic engineering, Composite material, Thermodynamics, Computer network, Statistics"
Paul A. Heidenreich,N/A,I97018004,"Medicine, Internal medicine, Cardiology, Biology, Heart failure, Pathology, Psychology, Mathematics, Surgery, Political science, Statistics, Law, Psychiatry, Emergency medicine, Economics, Intensive care medicine, Endocrinology, Computer science, Physics, Radiology"
Gregory W. Albers,N/A,I97018004,"Medicine, Internal medicine, Physics, Engineering, Cardiology, Thermodynamics, Mechanical engineering, Aerospace engineering, Stroke (engine), Psychology, Psychiatry, Surgery, Radiology, Pathology, Biology, Ischemia, Mathematics, Statistics, Perfusion, Chemistry, Ischemic stroke, Biochemistry, Myocardial infarction, Computer science, Perfusion scanning"
Robert Tibshirani,N/A,I97018004,"Computer science, Mathematics, Statistics, Biology, Medicine, Internal medicine, Genetics, Chemistry, Artificial intelligence, Machine learning, Pathology, Physics, Biochemistry, Psychology, Programming language, Economics"
Edward I. Solomon,N/A,I97018004,"Chemistry, Organic chemistry, Physics, Materials science, Biology, Quantum mechanics, Biochemistry, Crystallography, Metallurgy, Nuclear magnetic resonance, Stereochemistry, Medicine, Genetics, Catalysis, Enzyme, Photochemistry, Inorganic chemistry, Optics, Internal medicine, Copper, Computational chemistry, Computer science, Astronomy"
Arthur Grossman,N/A,I97018004,"Computer science, Biology, Chemistry, Biochemistry, Genetics, Gene, Botany"
Jonathan Myers,N/A,I97018004,"Medicine, Internal medicine, Biology, Cardiology, Physical therapy, Endocrinology, Pathology, Psychology, Mathematics, Radiology, Statistics, Blood pressure, Psychiatry, Physiology, Heart failure, Surgery, Heart rate, Physical medicine and rehabilitation, Physics, Sociology, Computer science"
Lü Tian,N/A,I97018004,"Medicine, Biology, Internal medicine, Computer science, Pathology, Mathematics, Statistics, Psychology, Genetics, Surgery, Chemistry, Physics, Biochemistry, Artificial intelligence, Psychiatry, Economics, Machine learning"
Gary M. Shaw,N/A,I97018004,"Medicine, Biology, Genetics, Internal medicine, Pregnancy, Pathology, Mathematics, Chemistry, Environmental health, Statistics, Sociology, Demography, Obstetrics, Biochemistry, Population, Pediatrics, Computer science, Surgery, Endocrinology, Odds ratio, Gene, Fetus"
David A. Stevens,N/A,I97018004,"Biology, Medicine, Genetics, Microbiology, Chemistry, Immunology, Internal medicine, Biochemistry, Dermatology, Pathology, Botany, Antifungal, Organic chemistry, Geology, Paleontology"
Robert L. Byer,N/A,I97018004,"Physics, Quantum mechanics, Optics, Materials science, Engineering, Laser, Optoelectronics, Computer science, Electrical engineering, Chemistry, Mathematics, Astronomy, Telecommunications, Wavelength, Organic chemistry, Thermodynamics"
R. D. Blandford,N/A,I97018004,"Physics, Astrophysics, Quantum mechanics, Astronomy, Galaxy, Computer science, Optics, Nuclear physics, Engineering, Computer vision, Stars, Mathematics, Redshift, Condensed matter physics, Classical mechanics"
David A. B. Miller,N/A,I97018004,"Physics, Quantum mechanics, Optics, Materials science, Optoelectronics, Engineering, Computer science, Electrical engineering, Chemistry, Electronic engineering, Laser, Telecommunications, Mathematics, Organic chemistry, Condensed matter physics, Composite material, Quantum well"
Mark M. Davis,N/A,I97018004,"Biology, Medicine, Genetics, Chemistry, Immunology, Biochemistry, Internal medicine, Immune system, Gene, Antigen, T cell, Pathology, Cell biology, Physics, Antibody, Computer science, T-cell receptor"
James J. Gross,N/A,I97018004,"Psychology, Medicine, Psychiatry, Biology, Social psychology, Computer science, Neuroscience, Clinical psychology, Developmental psychology, Philosophy, Cognitive psychology, Cognition, Psychotherapist, Sociology, Mathematics, Political science, Internal medicine, Law, Epistemology, Economics, Physics"
Gary W. Cox,N/A,I97018004,"Computer science, Political science, Law, Politics, Geography, Mathematics, Biology, History, Statistics, Economics, Medicine, Archaeology, Philosophy, Replication (statistics), Virology"
Richard Bellman,N/A,I97018004,"Mathematics, Computer science, Physics, Mathematical analysis, Quantum mechanics, Applied mathematics, Economics, Engineering, Biology, Medicine, Mathematical optimization"
Russ B. Altman,N/A,I97018004,"Biology, Computer science, Genetics, Chemistry, Biochemistry, Medicine, Gene, Computational biology, Physics, Artificial intelligence, Bioinformatics, Internal medicine, Mathematics, Psychology, Engineering"
Carolyn R. Bertozzi,N/A,I97018004,"Chemistry, Biology, Biochemistry, Genetics, Medicine, Organic chemistry, Physics, Internal medicine, Gene, Materials science, Cell biology, Molecular biology, Nuclear magnetic resonance, Computer science, Immunology, Glycoprotein, Enzyme, Pathology, Computational biology"
Leonidas Guibas,N/A,I97018004,"Computer science, Mathematics, Artificial intelligence, Engineering, Computer vision, Physics, Geometry, Programming language, Philosophy, Algorithm, Operating system, Linguistics, Psychology, Combinatorics, Biology, Quantum mechanics, Machine learning, Statistics, Mechanical engineering, Geography, Mathematical analysis, Economics, Discrete mathematics"
K. D. Irwin,N/A,I97018004,"Physics, Optics, Quantum mechanics, Computer science, Engineering, Telecommunications, Electrical engineering, Astronomy, Detector, Astrophysics, Materials science, Chemistry, Bolometer, Optoelectronics, Anisotropy, Cosmic microwave background, Geography, Biology, Artificial intelligence, Electronic engineering, Computer vision, Physical chemistry, Transition edge sensor, Mathematics, Geology"
Ronald W. Davis,N/A,I97018004,"Biology, Chemistry, Genetics, Biochemistry, Gene, Computer science, Physics, Medicine, Computational biology, DNA, Engineering, Materials science, Geography, Quantum mechanics"
Stuart B. Goodman,N/A,I97018004,"Medicine, Biology, Surgery, Internal medicine, Chemistry, Genetics, Pathology, Radiology, Biochemistry, Immunology, Anatomy, Physics, Materials science, Cell biology, Psychology, Arthroplasty, Engineering, Endocrinology, Dentistry, Geology"
Douglas K Owens,N/A,I97018004,"Medicine, Biology, Internal medicine, Computer science, Pathology, Psychology, Economics, Mathematics, Data mining, Genetics, Engineering, Political science, Database, Law, Table (database), Statistics, Surgery, Psychiatry"
David Spiegel,N/A,I97018004,"Medicine, Psychology, Biology, Psychiatry, Internal medicine, Clinical psychology, Pathology, Psychotherapist, Genetics, Neuroscience, Cancer, Social psychology, Computer science, Pharmacology"
Mark Z. Jacobson,N/A,I97018004,"Biology, Physics, Chemistry, Medicine, Geography, Environmental science, Geology, Engineering, Ecology, Meteorology, Organic chemistry, Internal medicine, Quantum mechanics, Thermodynamics, Genetics, Computer science, Biochemistry, Pathology, Immunology, Mathematics, Electrical engineering"
Leif Pierson,N/A,I97018004,"Computer science, World Wide Web, Business, Political science, Internet privacy, Law"
Christopher T. Walsh,N/A,I97018004,"Biology, Chemistry, Biochemistry, Organic chemistry, Genetics, Physics, Nuclear magnetic resonance, Enzyme, Gene, Stereochemistry, Geology, Biosynthesis, Paleontology, Bacteria, Medicine"
Stephen Boyd,N/A,I97018004,"Computer science, Mathematics, Mathematical optimization, Physics, Algorithm, Geometry, Artificial intelligence, Engineering, Quantum mechanics, Economics, Programming language, Regular polygon, Statistics, Mathematical analysis, Philosophy, Convex optimization, Biology, Operating system, Machine learning, Chemistry, Electrical engineering, Management"
O. Yushchenko,N/A,I97018004,"Physics, Particle physics, Nuclear physics, Quantum mechanics, Chemistry, Astrophysics, Mathematics, Atomic physics, Astronomy, Hadron, Galaxy, Luminosity, Organic chemistry, Branching fraction, Computer science, Meson, Materials science"
John Day,N/A,I97018004,"Medicine, Internal medicine, Biology, Pathology, Genetics, Chemistry, Computer science, Biochemistry, Mathematics, Psychology, Gene, Surgery, Disease, Cardiology, Psychiatry"
Christopher D. Manning,N/A,I97018004,"Computer science, Artificial intelligence, Philosophy, Natural language processing, Linguistics, Mathematics, Economics, Programming language, Engineering, Biology, Machine learning, Political science, Geography, Law, Systems engineering, Epistemology, Psychology, Physics, History, Management, Statistics"
Michael Sivak,N/A,I97018004,"Medicine, Physics, Engineering, Computer science, Biology, Internal medicine, Optics, Surgery, Radiology, Chemistry, Pathology"
Jelena Vučković,N/A,I97018004,"Physics, Quantum mechanics, Materials science, Optics, Optoelectronics, Engineering, Photonics, Computer science, Nanotechnology, Electrical engineering, Chemistry, Laser, Photonic crystal, Organic chemistry, Metallurgy, Composite material, Quantum, Quantum dot, Mathematics, Telecommunications, Photon, Condensed matter physics"
Wah Chiu,N/A,I97018004,"Biology, Chemistry, Physics, Biochemistry, Genetics, Medicine, Computer science, Biophysics, Gene, Materials science, Quantum mechanics, Nuclear magnetic resonance, Engineering, Optics, Artificial intelligence, Cell biology, Crystallography, Programming language, Mathematics, Organic chemistry, Geology, Pathology, Nanotechnology, Cryo-electron microscopy"
Melissa L. Bondy,N/A,I97018004,"Medicine, Biology, Genetics, Internal medicine, Pathology, Chemistry, Cancer, Biochemistry, Oncology, Mathematics, Gene, Statistics, Sociology, Demography, Cancer research, Environmental health, Population, Glioma, Genotype, Surgery, Breast cancer, Psychology, Computer science, Physics"
Stephen P. Luby,N/A,I97018004,"Medicine, Biology, Pathology, Environmental health, Internal medicine, Genetics, Engineering, Virology, Sociology, Psychology, Chemistry, Immunology, Environmental science, Ecology, Nursing, Geology, Mathematics, Demography, Psychiatry, Computer science, Geography, Economics, Surgery, Microbiology, Biochemistry"
George A. Poultsides,N/A,I97018004,"Medicine, Internal medicine, Biology, Surgery, Genetics, Pathology, Cancer, Gastroenterology, Oncology, Mathematics, Resection, Statistics, Radiology, Chemistry, Immunology, Endocrinology, Biochemistry, Computer science"
Marcus W. Feldman,N/A,I97018004,"Biology, Sociology, Genetics, Medicine, Computer science, Evolutionary biology, Demography, Environmental health, Population, Chemistry, Biochemistry, Gene, Mathematics, Political science, Ecology, Law, Geography, Psychology, Physics, Artificial intelligence, Economics, Machine learning, History, Archaeology, Philosophy"
Steven M. Asch,N/A,I97018004,"Medicine, Political science, Law, Biology, Internal medicine, Economics, Psychology, Nursing, Pathology, Family medicine, Economic growth, Health care, Computer science, Psychiatry, Mathematics, Statistics, Sociology, Surgery, Business, Physics, Philosophy"
Paul R. Ehrlich,N/A,I97018004,"Biology, Ecology, Geography, Medicine, Sociology, Economics, Geology, Political science, Philosophy, Demography, Environmental health, Population, Computer science, Paleontology, Law, Business, History, Physics"
David Swinbanks,N/A,I97018004,"Biology, Political science, Physics, Business, Computer science, Engineering"
Kenneth J. Arrow,N/A,I97018004,"Economics, Computer science, Mathematics, Political science, Law, Biology, Philosophy, Business, Mathematical economics, Microeconomics, Sociology, Programming language"
David Starr Jordan,N/A,I97018004,"Biology, Geography, Fishery, History, Zoology, Geology, Ecology"
N. Omodei,N/A,I97018004,"Physics, Quantum mechanics, Astrophysics, Astronomy, Optics, Nuclear physics, Condensed matter physics, Fermi Gamma-ray Space Telescope, Computer science, Engineering, Gamma ray, Galaxy, Chemistry, Telescope, Computer vision, Mathematics, Stars, Electrical engineering, Telecommunications"
H.‐S. Philip Wong,N/A,I97018004,"Physics, Engineering, Materials science, Quantum mechanics, Electrical engineering, Optoelectronics, Computer science, Chemistry, Nanotechnology, Voltage, Composite material, Organic chemistry, Mathematics, Electronic engineering, Physical chemistry, Transistor, Electrode, Chemical engineering, Operating system, Thermodynamics, Metallurgy, Layer (electronics), Biology, Optics, Telecommunications"
Thomas Jefferson,N/A,I97018004,"History, Political science, Computer science, Physics, Geography, Philosophy, Quantum mechanics, Thermodynamics, Art, Law"
Holden D. Brown,N/A,I97018004,"Psychology, Medicine, Biology, Computer science, Chemistry"
Li Fei-Fei,N/A,I97018004,"Computer science, Artificial intelligence, Mathematics, Machine learning, Philosophy, Psychology, Engineering, Physics, Biology, Computer vision, Programming language, Operating system, Linguistics, Statistics, Epistemology, Quantum mechanics, Economics, Cognitive psychology, Geography, Political science, Law, Pattern recognition (psychology), Management, Data mining"
T. Kailath,N/A,I97018004,"Computer science, Mathematics, Algorithm, Engineering, Physics, Statistics, Artificial intelligence, Electrical engineering, Quantum mechanics, Mathematical analysis, Programming language, Telecommunications, Computer vision, Economics, Electronic engineering, Applied mathematics, Philosophy, Chemistry, Geometry, Pure mathematics, Management, Biology"
Emmanuel Mignot,N/A,I97018004,"Biology, Medicine, Psychology, Physics, Internal medicine, Neuroscience, Psychiatry, Geology, Pharmacology, Climatology, Chemistry, Oceanography, Environmental science, Ecology, Neurology, Geography, Genetics, Narcolepsy, Modafinil, Computer science, Biochemistry, Meteorology, Mathematics, Insomnia"
Garry P. Nolan,N/A,I97018004,"Biology, Genetics, Medicine, Chemistry, Biochemistry, Immunology, Internal medicine, Gene, Cell biology, Computational biology, Computer science, Pathology, Molecular biology, Cancer research, Cell, Immune system"
Marco Pavone,N/A,I97018004,"Computer science, Mathematics, Artificial intelligence, Engineering, Economics, Physics, Mathematical optimization, Machine learning, Statistics, Biology, Quantum mechanics, Programming language, Philosophy, Management, Algorithm, Robot, Operating system, Astronomy, Geometry, Mathematical analysis, Epistemology, Combinatorics"
S. M. Kahn,N/A,I97018004,"Physics, Quantum mechanics, Astronomy, Optics, Astrophysics, Computer science, Nuclear physics, Mathematics, Engineering, Chemistry, Organic chemistry, Materials science, Spectral line, Geometry, Atomic physics, Galaxy, Electrical engineering, Ion"
Yan Xu,N/A,I97018004,"Biology, Chemistry, Biochemistry, Organic chemistry, Physics, Genetics, Food science, Medicine, Nuclear magnetic resonance, Enzyme, Gene, Fermentation, Geology, Chromatography, Paleontology, Quantum mechanics, Engineering, Ecology, Bacteria, Internal medicine"
Euan A. Ashley,N/A,I97018004,"Medicine, Biology, Internal medicine, Chemistry, Biochemistry, Cardiology, Genetics, Gene, Pathology, Heart failure, Endocrinology, Computer science, Psychology, Mathematics, Radiology"
Roger W. Romani,N/A,I97018004,"Physics, Astrophysics, Quantum mechanics, Astronomy, Optics, Computer science, Nuclear physics, Pulsar, Computer vision, Gamma ray, Mathematics, Chemistry, Galaxy, Stars, Neutron star, Engineering, Condensed matter physics, Physical chemistry, Fermi Gamma-ray Space Telescope, Polarization (electrochemistry)"
Tony F. Heinz,N/A,I97018004,"Physics, Materials science, Quantum mechanics, Chemistry, Engineering, Optics, Nanotechnology, Optoelectronics, Condensed matter physics, Organic chemistry, Chemical engineering, Composite material, Biology, Laser, Electrical engineering, Astronomy, Computer science, Biochemistry, Mathematics, Nuclear physics, Atomic physics, Physical chemistry, Graphene"
Mark A. Hlatky,N/A,I97018004,"Medicine, Internal medicine, Cardiology, Psychology, Psychiatry, Biology, Pathology, Surgery, Myocardial infarction, Mathematics, Statistics, Radiology, Coronary artery disease, Computer science"
Ian H. Gotlib,N/A,I97018004,"Psychology, Medicine, Biology, Psychiatry, Clinical psychology, Neuroscience, Cognition, Internal medicine, Economics, Developmental psychology, Social psychology, Endocrinology, Macroeconomics, Keynesian economics, Depression (economics), Psychotherapist, Computer science, Philosophy, Mood, Anxiety, Amygdala, Cognitive psychology, Sociology, Pathology, Radiology"
Parviz Moin,N/A,I97018004,"Physics, Mechanics, Thermodynamics, Geography, Meteorology, Engineering, Turbulence, Mathematics, Aerospace engineering, Computer science, Geometry, Quantum mechanics, Geology, Large eddy simulation, Reynolds number, Flow (mathematics), Materials science, Mathematical analysis, Classical mechanics, Statistical physics, Boundary layer"
E. Ernst,N/A,I97018004,"Biology, Medicine, Geology, Paleontology, Physics, Geochemistry, Chemistry, Seismology, Internal medicine, Tectonics, Pathology, Petrology, Materials science"
Russell A. Poldrack,N/A,I97018004,"Psychology, Computer science, Biology, Medicine, Neuroscience, Psychiatry, Cognitive psychology, Artificial intelligence, Cognition, Mathematics, Philosophy, Economics, Engineering, Statistics, Programming language, Radiology, Physics, Neuroimaging"
Maximilian Diehn,N/A,I97018004,"Medicine, Internal medicine, Biology, Genetics, Pathology, Oncology, Chemistry, Cancer, Biochemistry, Surgery, Cancer research, Radiology, Gene, Lung cancer, Immunology, Radiation therapy, Computer science, Mathematics"
S. Luitz,N/A,I97018004,"Physics, Particle physics, Nuclear physics, Quantum mechanics, Chemistry, Mathematics, Atomic physics, Hadron, Branching fraction, Meson, Electron–positron annihilation, Organic chemistry, Computer science, Biology, Geometry, Biochemistry"
Victor F. Froelicher,N/A,I97018004,"Medicine, Internal medicine, Cardiology, Biology, Psychology, Physical therapy, Psychiatry, Pathology, Radiology, Surgery, Endocrinology, Mathematics, Computer science, Statistics, Myocardial infarction"
U. S. Inan,N/A,I97018004,"Physics, Quantum mechanics, Geology, Astronomy, Geophysics, Nuclear physics, Geography, Computer science, Engineering, Plasma, Magnetic field, Meteorology, Optics, Electron, Ionosphere, Magnetosphere, Thermodynamics, Telecommunications, Electrical engineering, Computational physics, Atmospheric sciences, Power (physics), Environmental science, Lightning (connector), Whistler"
Garry E. Gold,N/A,I97018004,"Medicine, Biology, Pathology, Radiology, Psychology, Internal medicine, Computer science, Physics, Magnetic resonance imaging, Mathematics, Surgery, Anatomy, Engineering, Neuroscience, Psychiatry, Alternative medicine, Artificial intelligence, Osteoarthritis, Disease"
T. Glanzman,N/A,I97018004,"Physics, Quantum mechanics, Nuclear physics, Particle physics, Chemistry, Mathematics, Computer science, Optics, Atomic physics, Hadron, Astrophysics, Astronomy, Organic chemistry, Branching fraction, Condensed matter physics, Fermi Gamma-ray Space Telescope, Electron–positron annihilation, Materials science, Meson"
George Eliot,N/A,I97018004,"History, Art, Computer science, Philosophy, Art history, Artificial intelligence, Psychology, Political science, Geography, George (robot)"
Eric Sibley,N/A,I97018004,"Medicine, Biology, Internal medicine, Genetics, Chemistry, Computer science"
H. Marsiske,N/A,I97018004,"Physics, Particle physics, Nuclear physics, Quantum mechanics, Chemistry, Atomic physics, Mathematics, Hadron, Branching fraction, Meson, Electron–positron annihilation, Organic chemistry, Computer science, Materials science"
Rudolf H. Moos,N/A,I97018004,"Psychology, Medicine, Psychiatry, Clinical psychology, Biology, Psychotherapist, Political science, Law, Economics, Social psychology, Sociology, Computer science, Neuroscience, Internal medicine, Mathematics, Developmental psychology, Pathology, Philosophy"
Joseph M. DeSimone,N/A,I97018004,"Materials science, Chemistry, Physics, Engineering, Organic chemistry, Biology, Chemical engineering, Composite material, Quantum mechanics, Nanotechnology, Nuclear magnetic resonance, Polymer, Thermodynamics, Biochemistry, Medicine, Polymer chemistry, Computer science, Ecology, Genetics, Physical chemistry, Copolymer"
B.T. Khuri-Yakub,N/A,I97018004,"Physics, Materials science, Engineering, Quantum mechanics, Acoustics, Computer science, Electrical engineering, Medicine, Composite material, Radiology, Transducer, Optics, Ultrasonic sensor, Operating system, Chemistry, Piezoelectricity, Optoelectronics, Telecommunications, Capacitive sensing, Capacitive micromachined ultrasonic transducers, Organic chemistry, Nanotechnology, Metallurgy, Pathology, Thermodynamics"
Patrick Suppes,N/A,I97018004,"Computer science, Mathematics, Philosophy, Psychology, Epistemology, Physics, Artificial intelligence, Economics, Statistics, Quantum mechanics"
Od,N/A,I97018004,"Medicine, Optometry, Biology, Computer science, Psychology, Ophthalmology, Physics, Optics, Business, Engineering, Political science"
Sanjiv M. Narayan,N/A,I97018004,"Medicine, Internal medicine, Cardiology, Atrial fibrillation, Engineering, Aerospace engineering, Biology, Ablation, Computer science, Psychology, Physics, Catheter ablation, Mathematics"
Mykel J. Kochenderfer,N/A,I97018004,"Computer science, Mathematics, Artificial intelligence, Engineering, Machine learning, Statistics, Physics, Programming language, Biology, Operating system, Quantum mechanics, Economics, Philosophy, Mathematical optimization, Geography, Algorithm, Aerospace engineering, Political science, Law, Epistemology, Management, Markov process, Markov decision process"
Helena C. Kraemer,N/A,I97018004,"Medicine, Psychology, Psychiatry, Biology, Internal medicine, Mathematics, Pathology, Computer science, Statistics, Clinical psychology, Economics, Philosophy, Political science, Law"
David M. Maahs,N/A,I97018004,"Medicine, Biology, Endocrinology, Diabetes mellitus, Internal medicine, Type 2 diabetes, Type 1 diabetes, Pathology, Biotechnology, Insulin, Chemistry, Mathematics, Pediatrics, Psychology, Biochemistry, Sociology, Statistics, Computer science, Glycemic"
Jure Leskovec,N/A,I97018004,"Computer science, Mathematics, Artificial intelligence, Machine learning, Physics, Combinatorics, Theoretical computer science, Biology, Engineering, Statistics, Philosophy, Operating system, Political science, Programming language, Law, World Wide Web, Psychology, Quantum mechanics, Discrete mathematics, Graph, Economics, Data mining, Linguistics, Data science, Geography"
James D. Brooks,N/A,I97018004,"Medicine, Biology, Internal medicine, Genetics, Cancer, Prostate cancer, Pathology, Chemistry, Biochemistry, Prostate, Oncology, Computer science, Mathematics, Gene, Cancer research, Physics, Statistics, Surgery"
W. E. Moerner,N/A,I97018004,"Physics, Quantum mechanics, Chemistry, Optics, Materials science, Organic chemistry, Biology, Computer science, Engineering, Composite material, Optoelectronics, Mathematics, Nanotechnology, Medicine, Fluorescence, Biochemistry, Genetics, Molecule, Nuclear magnetic resonance, Biophysics, Laser, Astronomy, Artificial intelligence"
Keith O. Hodgson,N/A,I97018004,"Chemistry, Physics, Organic chemistry, Biology, Materials science, Quantum mechanics, Biochemistry, Crystallography, Optics, Metallurgy, Genetics, Nuclear magnetic resonance, Computer science, Enzyme, Inorganic chemistry, Absorption spectroscopy, Stereochemistry, Medicine, Composite material, Geology"
I. V. Moskalenko,N/A,I97018004,"Physics, Quantum mechanics, Astronomy, Astrophysics, Nuclear physics, Optics, Galaxy, Computer science, Cosmic ray, Gamma ray, Condensed matter physics, Fermi Gamma-ray Space Telescope, Computer vision, Stars, Engineering, Telescope, Materials science, Chemistry, Electron, Biology, Particle physics, Mathematics, Organic chemistry"
Trevor Hastie,N/A,I97018004,"Computer science, Mathematics, Statistics, Artificial intelligence, Machine learning, Biology, Medicine, Economics, Psychology, Philosophy, Programming language, Internal medicine, Physics, Econometrics, Chemistry, Algorithm, Genetics"
Steven A. Kivelson,N/A,I97018004,"Physics, Quantum mechanics, Condensed matter physics, Superconductivity, Materials science, Nuclear physics, Mathematics, Chemistry, Electron, Engineering, Organic chemistry, Optoelectronics, Thermodynamics, Doping, Particle physics, Quantum, Computer science, Optics, Composite material, Phase (matter)"
Stephen R. Quake,N/A,I97018004,"Biology, Chemistry, Genetics, Biochemistry, Medicine, Gene, Internal medicine, Physics, Computational biology, Cell biology, Gene expression, Computer science, Cell, Immunology, Materials science"
Allison W. Kurian,N/A,I97018004,"Medicine, Biology, Internal medicine, Genetics, Cancer, Breast cancer, Oncology, Pathology, Sociology, Demography, Chemistry, Mathematics, Biochemistry, Surgery, Statistics, Environmental health, Gene, Population, Computer science, Gynecology, Political science, Law"
Uri Elkayam,N/A,I97018004,"Medicine, Internal medicine, Cardiology, Biology, Computer science, Heart failure, Library science, Editorial board, Genetics, Endocrinology, Surgery, Pathology, Anesthesia, Radiology"
Mark A. Musen,N/A,I97018004,"Computer science, Artificial intelligence, Philosophy, Engineering, World Wide Web, Operating system, Programming language, Information retrieval, Epistemology, Software engineering, Knowledge management, Ontology, Biology, Mathematics, Semantic Web, Linguistics, Medicine, Political science, Economics, Law, Data science, Process (computing), Domain knowledge, Data mining, Web service"
Alice S. Whittemore,N/A,I97018004,"Medicine, Biology, Internal medicine, Genetics, Cancer, Chemistry, Biochemistry, Pathology, Oncology, Mathematics, Gene, Statistics, Ovarian cancer, Sociology, Demography, Breast cancer, Computer science, Genotype, Environmental health, Single-nucleotide polymorphism, Gynecology, Population"
Allan L. Reiss,N/A,I97018004,"Psychology, Medicine, Biology, Psychiatry, Neuroscience, Internal medicine, Cognition, Radiology, Genetics, Endocrinology, Developmental psychology, Computer science, Chemistry, Clinical psychology, Biochemistry, Magnetic resonance imaging, Fragile X syndrome, Pathology, Cognitive psychology, Gene, Audiology"
M. D. Fayer,N/A,I97018004,"Physics, Quantum mechanics, Chemistry, Organic chemistry, Optics, Materials science, Biology, Molecule, Engineering, Chemical physics, Astronomy, Atomic physics, Laser, Biochemistry, Psychology, Computer science, Nuclear physics, Thermodynamics, Medicine, Molecular physics, Condensed matter physics, Physical chemistry, Mathematics, Spectroscopy, Chromatography"
Eric A. Hanushek,N/A,I97018004,"Economics, Political science, Mathematics, Psychology, Law, Philosophy, Sociology, Computer science, Business, Physics, Mathematics education, Epistemology, Economic growth, Biology, Quantum mechanics, Quality (philosophy), Statistics, Pedagogy, Medicine, Market economy"
J.M. Cioffi,N/A,I97018004,"Computer science, Engineering, Telecommunications, Computer network, Mathematics, Electrical engineering, Statistics, Channel (broadcasting), Algorithm, Physics, Electronic engineering, Decoding methods, Operating system, Quantum mechanics, Artificial intelligence, Wireless, Economics, Programming language, Optics, Estimator, Beamforming, Combinatorics"
Héctor García-Molina,N/A,I97018004,"Computer science, World Wide Web, Operating system, Programming language, Mathematics, Database, Engineering, Information retrieval, Artificial intelligence, Data mining, Computer network, Distributed computing, Political science, Philosophy, Law, Economics, Physics, Computer security, Biology"
Marcel Fafchamps,N/A,I97018004,"Economics, Business, Computer science, Political science, Mathematics, Law, Biology, Statistics, Sociology, Ecology, Medicine, Philosophy, Geography, Microeconomics, Psychology, Economic growth"
Bernd Girod,N/A,I97018004,"Computer science, Mathematics, Artificial intelligence, Engineering, Computer vision, Telecommunications, Statistics, Algorithm, Operating system, Physics, Computer network, Sociology, Social science, Coding (social sciences), Electrical engineering, Image (mathematics), Programming language, Computer security, Real-time computing, Philosophy, Quantum mechanics, Decoding methods, Biology, Psychology, Data compression"
P. F. Michelson,N/A,I97018004,"Physics, Quantum mechanics, Astrophysics, Astronomy, Nuclear physics, Gamma ray, Optics, Computer science, Condensed matter physics, Fermi Gamma-ray Space Telescope, Telescope, Galaxy, Computer vision, Engineering, Stars, Egret, Mathematics, Geography, Materials science"
Alan F. Schatzberg,N/A,I97018004,"Psychology, Medicine, Biology, Psychiatry, Internal medicine, Neuroscience, Endocrinology, Chemistry, Biochemistry, Clinical psychology, Economics, Genetics, Macroeconomics, Keynesian economics, Depression (economics), Cognition, Anxiety, Pathology, Social psychology, Hippocampus, Mood, Computer science, Receptor, Antidepressant, Pharmacology"
Graciela Chichilnisky,N/A,I97018004,"Economics, Mathematics, Business, Political science, Computer science, Law, Microeconomics, Biology, Mathematical economics, Philosophy, Engineering, Physics, Ecology, Geography, Macroeconomics, Finance"
Francis Fukuyama,N/A,I97018004,"Political science, Law, Economics, Sociology, Politics, History, Political economy, Philosophy, Computer science, Development economics, Geography"
Mark D. Zoback,N/A,I97018004,"Geology, Engineering, Biology, Paleontology, Physics, Seismology, Geotechnical engineering, Materials science, Composite material, Thermodynamics, Quantum mechanics, Petroleum engineering, Philosophy, Chemistry, Geography, Linguistics, Stress (linguistics), Mathematics, Petrology, Fault (geology), Tectonics, Metallurgy, Civil engineering"
Krzysztof J. Gorgolewski,N/A,I97018004,"Computer science, Engineering, Psychology, Economics, Management, Systems engineering, Task (project management), Biology, Medicine, Neuroscience, Psychiatry, Cognition, Cognitive psychology, Functional connectivity, Connectome, Social psychology, Psychoanalysis, Personality, Programming language"
P. H. Bucksbaum,N/A,I97018004,"Physics, Quantum mechanics, Optics, Chemistry, Atomic physics, Laser, Organic chemistry, Engineering, Materials science, Nuclear physics, Computer science, Ion, Electrical engineering, Mathematics, Ionization, Electron, Ultrashort pulse, Optoelectronics, Astronomy"
Karl Deisseroth,N/A,I97018004,"Biology, Psychology, Neuroscience, Medicine, Internal medicine, Chemistry, Endocrinology, Biochemistry, Genetics, Optogenetics, Computer science, Psychiatry, Receptor, Physics, Central nervous system, Stimulation, Gene, Cell biology"
Laura Weiss Roberts,N/A,I97018004,"Medicine, Psychology, Political science, Law, Psychiatry, Biology, Medical education, Economics, Computer science, Sociology, Psychotherapist, Engineering, Economic growth, Philosophy, Pathology"
Robert L. Koegel,N/A,I97018004,"Psychology, Medicine, Psychiatry, Computer science, Developmental psychology, Autism, Biology, Philosophy"
Jason Lee,N/A,I97018004,"Biology, Medicine, Internal medicine, Physics, Chemistry, Computer science, Engineering, Mathematics, Pathology, Geology, Psychology, Biochemistry, Geography, Economics, Genetics, Quantum mechanics, Political science, Ecology, Surgery"
Mark A. Lemley,N/A,I97018004,"Political science, Law, Computer science, Business, Economics, Operating system, Sociology, Law and economics, Intellectual property, Philosophy, Biology, Epistemology"
Daniel S. Kapp,N/A,I97018004,"Medicine, Biology, Internal medicine, Genetics, Cancer, Surgery, Pathology, Oncology, Mathematics, Physics, Gynecology, Geology, Radiology, Paleontology, Radiation therapy, Sociology, Statistics, Demography, Ovarian cancer"
­Abby C. King,N/A,I97018004,"Medicine, Psychology, Pathology, Physical therapy, Biology, Gerontology, Nursing, Internal medicine, Psychiatry, Physical medicine and rehabilitation, Sociology, Political science, Physical activity, Law, Computer science, Mathematics, Environmental health, Economics, Demography, Psychological intervention, Physics, Statistics, Endocrinology, Surgery, Psychotherapist"
Peter W. Glynn,N/A,I97018004,"Computer science, Mathematics, Statistics, Physics, Economics, Applied mathematics, Mathematical optimization, Programming language, Mathematical analysis, Engineering, Quantum mechanics, Machine learning, Algorithm, Biology, Operating system, Artificial intelligence, Computer network, Business, Estimator, Markov chain, Statistical physics, Geometry, Chemistry"
Nicholas Bloom,N/A,I97018004,"Economics, Business, Political science, Computer science, Mathematics, Law, Macroeconomics, Engineering, Physics, Medicine, Biology, Economic growth, Geography, Quantum mechanics, Finance, Statistics"
Kenneth E. Goodson,N/A,I97018004,"Physics, Materials science, Quantum mechanics, Thermodynamics, Engineering, Composite material, Chemistry, Nanotechnology, Organic chemistry, Geography, Meteorology, Electrical engineering, Optoelectronics, Thermal, Mechanics, Metallurgy, Thermal conductivity, Optics, Computer science, Mechanical engineering, Mathematics, Heat transfer, Condensed matter physics, Biology, Physical chemistry"
Charbel Farhat,N/A,I97018004,"Computer science, Mathematics, Physics, Engineering, Thermodynamics, Quantum mechanics, Structural engineering, Algorithm, Finite element method, Mechanics, Applied mathematics, Mathematical analysis, Mathematical optimization, Aerospace engineering, Geometry, Programming language, Nonlinear system, Operating system, Geography, Artificial intelligence, Biology"
James Zou,N/A,I97018004,"Computer science, Artificial intelligence, Biology, Mathematics, Machine learning, Medicine, Philosophy, Chemistry, Psychology, Statistics, Genetics, Physics, Biochemistry, Economics, Engineering, Gene, Linguistics, Political science, Programming language, Law, Internal medicine, Epistemology"
G. S. Kino,N/A,I97018004,"Physics, Quantum mechanics, Optics, Materials science, Engineering, Computer science, Electrical engineering, Optoelectronics, Mathematics, Chemistry, Composite material, Acoustics, Telecommunications, Organic chemistry, Medicine, Geometry, Biology, Electronic engineering"
Steven G. Boxer,N/A,I97018004,"Chemistry, Biology, Physics, Biochemistry, Organic chemistry, Quantum mechanics, Genetics, Photochemistry, Optics, Materials science, Gene, Nuclear magnetic resonance, Physical chemistry, Biophysics, Membrane, Fluorescence, Medicine, Computer science, Atomic physics, Nuclear physics, Astronomy, Molecule"
Paul A. Wender,N/A,I97018004,"Chemistry, Biology, Organic chemistry, Biochemistry, Physics, Stereochemistry, Genetics, Materials science, Combinatorial chemistry, Catalysis, Medicine, Nuclear magnetic resonance, Quantum mechanics, Gene, Computer science, Cell biology"
Kevin A. Schulman,N/A,I97018004,"Medicine, Internal medicine, Biology, Economics, Political science, Law, Pathology, Psychology, Business, Mathematics, Computer science, Economic growth, Psychiatry, Surgery, Health care, Statistics, Nursing, Sociology, Family medicine"
Daniel L. Rubin,N/A,I97018004,"Computer science, Medicine, Artificial intelligence, Biology, Internal medicine, Mathematics, Radiology, Psychology, Genetics, Physics, Machine learning, Pathology, Philosophy, Statistics, Computer vision, Engineering, Chemistry, Cognitive psychology, Programming language, Linguistics, Cancer, Pattern recognition (psychology)"
Edith V. Sullivan,N/A,I97018004,"Medicine, Biology, Psychology, Neuroscience, Psychiatry, Internal medicine, Radiology, Pathology, Cognition, Magnetic resonance imaging, Chemistry, Computer science, Endocrinology, Biochemistry, Organic chemistry, Audiology, White matter, Cognitive psychology"
Alan G. MacDiarmid,N/A,I97018004,"Chemistry, Physics, Materials science, Organic chemistry, Quantum mechanics, Composite material, Nuclear magnetic resonance, Polymer, Engineering, Optoelectronics, Condensed matter physics, Physical chemistry, Doping, Polymerization, Polyaniline, Metallurgy, Electrode, Biology, Chemical engineering, Electrical engineering, Optics, Polymer chemistry, Nanotechnology, Computer science"
Herbert S. Klein,N/A,I97018004,"Political science, History, Geography, Economics, Law, Philosophy, Sociology, Art, Computer science, Archaeology"
Christopher B. Field,N/A,I97018004,"Biology, Ecology, Environmental science, Geology, Physics, Geography, Chemistry, Oceanography, Organic chemistry, Computer science, Agronomy, Botany, Climate change, Ecosystem, Economics, Quantum mechanics, Mathematics, History, Medicine, Engineering, Archaeology"
Samuel Karlin,N/A,I97018004,"Mathematics, Biology, Computer science, Chemistry, Genetics, Biochemistry, Gene, Statistics, Medicine, Physics, Evolutionary biology, Economics, Mathematical analysis, Machine learning, Artificial intelligence"
I. Ofte,N/A,I97018004,"Physics, Particle physics, Nuclear physics, Quantum mechanics, Chemistry, Mathematics, Atomic physics, Hadron, Branching fraction, Organic chemistry, Electron–positron annihilation, Meson, Chromatography, Geometry, Biology, Biochemistry, Environmental chemistry, Analytical Chemistry (journal), Computer science, Pi"
Anshul Kundaje,N/A,I97018004,"Biology, Genetics, Chemistry, Biochemistry, Gene, Computer science, Computational biology, Medicine, Gene expression, DNA, Transcription factor, Internal medicine, Genome"
Tapan Mukerji,N/A,I97018004,"Geology, Physics, Computer science, Engineering, Mathematics, Biology, Paleontology, Geotechnical engineering, Artificial intelligence, Quantum mechanics, Materials science, Geography, Statistics, Chemistry, Seismology, Optics, Composite material, Geomorphology, Geometry, Machine learning, Structural basin, Organic chemistry, Geophysics, Petroleum engineering"
Linda Darling‐Hammond,N/A,I97018004,"Psychology, Political science, Sociology, Mathematics, Pedagogy, Mathematics education, Law, Economics, Computer science, Medicine, Economic growth, Philosophy, Medical education, Business, Physics, Public relations, Engineering"
Sanjiva K. Lele,N/A,I97018004,"Physics, Mechanics, Thermodynamics, Engineering, Geography, Aerospace engineering, Meteorology, Turbulence, Quantum mechanics, Computer science, Mathematics, Acoustics, Geology, Materials science, Classical mechanics, Geometry, Mechanical engineering, Medicine, Artificial intelligence"
Eric Pop,N/A,I97018004,"Physics, Materials science, Quantum mechanics, Engineering, Chemistry, Nanotechnology, Optoelectronics, Electrical engineering, Composite material, Organic chemistry, Thermodynamics, Chemical engineering, Biology, Condensed matter physics, Computer science, Physical chemistry, Voltage, Mathematics, Optics, Metallurgy, Transistor, Geography, Engineering physics, Graphene, Layer (electronics)"
Mark Cappelli,N/A,I97018004,"Physics, Quantum mechanics, Engineering, Nuclear physics, Materials science, Chemistry, Plasma, Organic chemistry, Optics, Thermodynamics, Aerospace engineering, Atomic physics, Electrical engineering, Computer science, Mathematics, Mechanics, Optoelectronics, Ion, Electron, Physical chemistry, Biology, Composite material, Geography"
Andrea Montanari,N/A,I97018004,"Mathematics, Computer science, Statistics, Physics, Algorithm, Artificial intelligence, Combinatorics, Quantum mechanics, Engineering, Mathematical analysis, Philosophy, Discrete mathematics, Machine learning, Chemistry, Programming language, Theoretical computer science, Geometry, Epistemology, Telecommunications, Pure mathematics, Mathematical optimization, Economics, Applied mathematics, Biology"
Carl Wieman,N/A,I97018004,"Physics, Quantum mechanics, Computer science, Engineering, Mathematics, Atomic physics, Psychology, Optics, Chemistry, Mathematics education, Organic chemistry, Materials science, Sociology, Geography, Pedagogy, Laser, Nuclear physics"
Axel T. Brünger,N/A,I97018004,"Chemistry, Biology, Biochemistry, Genetics, Physics, Medicine, Computer science, Organic chemistry, Quantum mechanics, Internal medicine, Cell biology, Membrane, Crystallography, Nuclear magnetic resonance, Biophysics, Mathematics, Philosophy, Immunology, Gene, Materials science, Vesicle, Endocrinology, Linguistics, Virology, Engineering"
Ingram Olkin,N/A,I97018004,"Mathematics, Computer science, Statistics, Medicine, Economics, Physics, Machine learning, Econometrics, Internal medicine, Biology, Mathematical analysis, Quantum mechanics, Philosophy"
Henry Taube,N/A,I97018004,"Chemistry, Organic chemistry, Biology, Computer science, Biochemistry, Physics, Materials science, Quantum mechanics, Political science, Law, World Wide Web, Library science, Citation, Catalysis, Information retrieval, Programming language, Metallurgy, Medicinal chemistry, Inorganic chemistry, Ruthenium, Icon, Social media, Data science, Altmetrics"
H. A. Zebker,N/A,I97018004,"Geology, Physics, Geography, Computer science, Remote sensing, Engineering, Astronomy, Quantum mechanics, Aerospace engineering, Biology, Optics, Telecommunications, Artificial intelligence, Computer vision, Synthetic aperture radar, Radar, Interferometry, Interferometric synthetic aperture radar, Geodesy, Mathematics, Astrobiology, Paleontology, Meteorology, Oceanography, Radar imaging"
Leanne M. Williams,N/A,I97018004,"Psychology, Medicine, Biology, Psychiatry, Neuroscience, Clinical psychology, Cognition, Internal medicine, Computer science, Endocrinology, Social psychology, Cognitive psychology, Anxiety, Economics, Radiology, Developmental psychology, Pathology, Macroeconomics, Keynesian economics, Depression (economics), Psychotherapist, Audiology, Philosophy, Chemistry, Amygdala"
Todd J. Martı́nez,N/A,I97018004,"Physics, Quantum mechanics, Chemistry, Organic chemistry, Molecule, Atomic physics, Biology, Nuclear physics, Mathematics, Materials science, Computational chemistry, Computer science, Engineering, Excited state, Biochemistry, Optics, Ab initio, Geometry, Photochemistry, Composite material, Classical mechanics, Chemical physics, Catalysis"
James P. Collman,N/A,I97018004,"Chemistry, Organic chemistry, Biology, Biochemistry, Physics, Materials science, Quantum mechanics, Catalysis, Photochemistry, Metallurgy, Computer science, Stereochemistry, Library science, Political science, Law, Porphyrin, World Wide Web, Citation, Nuclear magnetic resonance, Inorganic chemistry, Information retrieval"
Maarten G. Lansberg,N/A,I97018004,"Medicine, Internal medicine, Physics, Engineering, Thermodynamics, Psychology, Mechanical engineering, Aerospace engineering, Stroke (engine), Cardiology, Psychiatry, Radiology, Surgery, Pathology, Biology, Ischemia, Mathematics, Statistics, Perfusion, Nuclear medicine, Ischemic stroke, Computer science, Perfusion scanning, Magnetic resonance imaging, Myocardial infarction"
Richard M. Martin,N/A,I97018004,"Physics, Quantum mechanics, Chemistry, Organic chemistry, Materials science, Mathematics, Condensed matter physics, Computer science, Engineering, Nuclear physics, Atomic physics, Electron, Optics, Optoelectronics"
Billy W. Loo,N/A,I97018004,"Medicine, Internal medicine, Radiology, Surgery, Biology, Radiation therapy, Pathology, Oncology, Nuclear medicine, Genetics, Lung cancer, Mathematics, Physics, Cancer, Chemistry, Computer science, Psychology, Geology, Statistics, Paleontology, Philosophy, Economics, Stage (stratigraphy), Linguistics"
V. Petrosian,N/A,I97018004,"Physics, Quantum mechanics, Astrophysics, Astronomy, Nuclear physics, Optics, Electron, Computer science, Engineering, Galaxy, Classical mechanics, Magnetic field, Plasma, Solar flare, Acceleration, Mathematics, Aerospace engineering"
John S. Witte,N/A,I97018004,"Biology, Genetics, Medicine, Chemistry, Internal medicine, Biochemistry, Gene, Cancer, Genotype, Single-nucleotide polymorphism, Mathematics, Pathology, Prostate cancer, Oncology, Sociology, Computer science, Statistics, Demography, Environmental health, Genome-wide association study, Population"
Thomas F. Jaramillo,N/A,I97018004,"Chemistry, Physics, Quantum mechanics, Organic chemistry, Materials science, Biology, Physical chemistry, Engineering, Biochemistry, Electrode, Catalysis, Electrochemistry, Chemical engineering, Metallurgy, Nanotechnology, Inorganic chemistry, Composite material, Electrolyte, Computer science, Mathematics"
R. Messner,N/A,I97018004,"Physics, Particle physics, Nuclear physics, Quantum mechanics, Mathematics, Chemistry, Hadron, Atomic physics, Branching fraction, Electron–positron annihilation, Meson, Organic chemistry, Computer science, Geometry, Biology"
Richard T. Hoppe,N/A,I97018004,"Medicine, Internal medicine, Biology, Pathology, Immunology, Surgery, Genetics, Lymphoma, Oncology, Radiology, Radiation therapy, Chemotherapy, Disease, Geology, Physics, Paleontology, Stage (stratigraphy), Chemistry"
Mark Horowitz,N/A,I97018004,"Computer science, Engineering, Physics, Electrical engineering, Operating system, Mathematics, Electronic engineering, Programming language, Telecommunications, Quantum mechanics, Materials science, Embedded system, Computer hardware, Optoelectronics, Computer network, Parallel computing, Biology, Artificial intelligence, CMOS, Algorithm, Statistics, Voltage, Chemistry, Mechanical engineering, Thermodynamics"
Adolf Pfefferbaum,N/A,I97018004,"Medicine, Biology, Psychology, Neuroscience, Psychiatry, Internal medicine, Radiology, Pathology, Cognition, Magnetic resonance imaging, Computer science, Chemistry, Endocrinology, Biochemistry, Audiology, Organic chemistry, Cognitive psychology"
J. Dorfan,N/A,I97018004,"Physics, Particle physics, Nuclear physics, Quantum mechanics, Atomic physics, Chemistry, Hadron, Mathematics, Branching fraction, Meson, Electron–positron annihilation, Organic chemistry, Computer science"
Joshua A. Salomon,N/A,I97018004,"Medicine, Pathology, Internal medicine, Biology, Environmental health, Sociology, Demography, Economics, Mathematics, Population, Political science, Law, Nursing, Computer science, Statistics, Virology, Disease, Psychology, Immunology, Public health, Engineering, Economic growth, Business, Physics, Genetics"
James Dunn,N/A,I97018004,"Chemistry, Physics, Medicine, Biology, Quantum mechanics, Internal medicine, Materials science, Optics, Biochemistry, Engineering, Genetics, Laser, Nuclear physics, Surgery, Organic chemistry, Computer science, Endocrinology, Plasma, Cell biology, Pathology, Atomic physics"
Dolores Gallagher‐Thompson,N/A,I97018004,"Psychology, Medicine, Psychiatry, Clinical psychology, Psychotherapist, Internal medicine, Economics, Pathology, Biology, Gerontology, Political science, Law, Nursing, Disease, Sociology, Neuroscience, Macroeconomics, Keynesian economics, Depression (economics), Dementia, Computer science, Cognition, Philosophy"
Harold Y. Hwang,N/A,I97018004,"Physics, Materials science, Quantum mechanics, Chemistry, Condensed matter physics, Engineering, Optoelectronics, Organic chemistry, Electrical engineering, Nanotechnology, Optics, Composite material, Biology, Metallurgy, Computer science, Chemical engineering, Superconductivity, Thermodynamics, Nuclear physics, Mathematics, Biochemistry"
Joshua A. Fishman,N/A,I97018004,"Philosophy, Sociology, Linguistics, Political science, Psychology, Computer science, Law, History, Mathematics, Geography"
Gary H. Glover,N/A,I97018004,"Medicine, Biology, Psychology, Computer science, Radiology, Physics, Neuroscience, Psychiatry, Engineering, Artificial intelligence, Optics, Mathematics, Internal medicine, Functional magnetic resonance imaging, Quantum mechanics, Magnetic resonance imaging, Cognitive psychology, Computer vision, Chemistry, Nuclear magnetic resonance, Cognition, Electrical engineering, Materials science"
David B. Lobell,N/A,I97018004,"Biology, Geography, Ecology, Environmental science, Geology, Physics, History, Oceanography, Archaeology, Engineering, Economics, Agronomy, Agriculture, Computer science, Climate change, Materials science, Composite material, Mathematics, Forestry, Thermodynamics, Remote sensing, Metallurgy, Yield (engineering), Crop, Meteorology"
Lubert Stryer,N/A,I97018004,"Chemistry, Biology, Biochemistry, Genetics, Physics, Organic chemistry, Medicine, Computer science, Nuclear magnetic resonance, Enzyme, Internal medicine, Quantum mechanics"
Thomas D. Rossing,N/A,I97018004,"Physics, Acoustics, Quantum mechanics, Engineering, Computer science, Mathematics, Materials science, Optics, Art, Geology, Electrical engineering, Vibration, Composite material, Chemistry, History, Philosophy, Literature, Thermodynamics, Visual arts, Mechanical engineering, Oceanography, Psychology, Biology"
Marc R. Safran,N/A,I97018004,"Medicine, Biology, Surgery, Radiology, Pathology, Anatomy, Physical therapy, Geology, Paleontology, Psychology, Internal medicine, Alternative medicine, Physics, Arthroscopy"
Kevin Lee,N/A,I97018004,"Computer science, Engineering, Physics, Biology, Quantum mechanics, Artificial intelligence, Operating system, Chemistry, Mathematics, Medicine, Economics, Programming language, Electrical engineering, Genetics, Management, Biochemistry, Geography"
Michael C. Frank,N/A,I97018004,"Psychology, Computer science, Philosophy, Mathematics, Artificial intelligence, Linguistics, Biology, Cognitive psychology, Medicine, Physics, Epistemology, Statistics, Political science, Neuroscience, Law, Sociology, Natural language processing, Programming language, Geography, Developmental psychology"
Anthony R. Kovscek,N/A,I97018004,"Engineering, Geology, Chemistry, Physics, Organic chemistry, Materials science, Biology, Composite material, Thermodynamics, Geotechnical engineering, Quantum mechanics, Chemical engineering, Petroleum engineering, Paleontology, Waste management, Porosity, Computer science, Mathematics, Geography, Mechanics, Biochemistry, Porous medium, Physical chemistry, Genetics, Membrane"
Craig S. Levin,N/A,I97018004,"Computer science, Physics, Optics, Engineering, Electrical engineering, Telecommunications, Detector, Quantum mechanics, Artificial intelligence, Materials science, Medicine, Computer vision, Programming language, Optoelectronics, Nuclear medicine, Scintillator, Radiology, Mathematics, Biology, Psychology, Neuroscience, Electronic engineering, Chemistry, Positron emission tomography, Image resolution"
Arun Majumdar,N/A,I97018004,"Physics, Materials science, Quantum mechanics, Engineering, Thermodynamics, Nanotechnology, Chemistry, Composite material, Organic chemistry, Optoelectronics, Electrical engineering, Optics, Thermal conductivity, Biology, Computer science, Geography, Mathematics, Condensed matter physics, Chemical engineering, Physical chemistry, Meteorology, Metallurgy, Thermal"
Chaitan Khosla,N/A,I97018004,"Chemistry, Biology, Biochemistry, Genetics, Organic chemistry, Physics, Nuclear magnetic resonance, Enzyme, Gene, Biosynthesis, Polyketide, Stereochemistry, Medicine, Polyketide synthase, Internal medicine, Geology, Computational biology, Computer science, Pathology"
Keith Humphreys,N/A,I97018004,"Medicine, Psychology, Psychiatry, Political science, Biology, Law, Internal medicine, Economics, Psychotherapist, Nursing, Pathology, Computer science, Chemistry, Sociology, Biochemistry, Mathematics, Clinical psychology, Neuroscience, Economic growth, Philosophy"
Matthew Bogyo,N/A,I97018004,"Biology, Chemistry, Genetics, Biochemistry, Physics, Organic chemistry, Medicine, Nuclear magnetic resonance, Enzyme, Cell biology, Internal medicine, Gene, Immunology, Proteases, Pathology, Protease, Computational biology, Cysteine, Computer science"
Guido W. Imbens,N/A,I97018004,"Mathematics, Computer science, Economics, Statistics, Econometrics, Medicine, Machine learning, Artificial intelligence, Philosophy, Pathology, Estimator, Epistemology, Physics, Internal medicine, Psychology, Biology, Engineering, Inference"
Gianluca Iaccarino,N/A,I97018004,"Physics, Mathematics, Thermodynamics, Engineering, Mechanics, Computer science, Geography, Aerospace engineering, Meteorology, Quantum mechanics, Turbulence, Geometry, Mathematical analysis, Statistics, Geology, Machine learning, Computational fluid dynamics, Mathematical optimization, Materials science, Flow (mathematics), Applied mathematics, Biology"
Stefano Ermon,N/A,I97018004,"Computer science, Artificial intelligence, Mathematics, Machine learning, Philosophy, Physics, Statistics, Engineering, Biology, Linguistics, Algorithm, Programming language, Psychology, Quantum mechanics, Economics, Epistemology, Operating system, Computer vision, Geography, Mathematical analysis, Political science, Law, Geology, Generative grammar"
Jeremy Dahl,N/A,I97018004,"Physics, Quantum mechanics, Engineering, Chemistry, Computer science, Materials science, Optics, Acoustics, Organic chemistry, Medicine, Biology, Mathematics, Radiology, Artificial intelligence, Computer vision, Telecommunications, Statistics, Molecule, Electrical engineering, Ultrasound, Geology"
A. M. Boyarski,N/A,I97018004,"Physics, Particle physics, Nuclear physics, Quantum mechanics, Atomic physics, Hadron, Mathematics, Chemistry, Branching fraction, Electron–positron annihilation, Meson, Organic chemistry, Computer science, Materials science"
Alexandria B. Boehm,N/A,I97018004,"Biology, Environmental science, Engineering, Medicine, Chemistry, Ecology, Genetics, Geology, Environmental engineering, Biochemistry, Waste management, Pathology, Virology, Physics, Internal medicine, Paleontology, Gene, Geography, Wastewater, Microbiology, Computer science, Immunology, Water quality"
Bayard Q. Morgan,N/A,I97018004,"Philosophy, Art, Computer science, History, Political science, Linguistics"
Dan Boneh,N/A,I97018004,"Computer science, Computer security, Mathematics, Operating system, Computer network, Programming language, Algorithm, Encryption, Theoretical computer science, Cryptography, Public-key cryptography, Biology, Engineering, Physics, Political science, Law, Mathematical analysis, Statistics, Philosophy, Ecology, World Wide Web, Geometry"
Philip G. Zimbardo,N/A,I97018004,"Psychology, Philosophy, Political science, Computer science, Social psychology, Sociology, Medicine, Art, Law, Biology"
W. Stewart Agras,N/A,I97018004,"Psychology, Medicine, Psychiatry, Clinical psychology, Internal medicine, Biology, Pathology, Eating disorders, Endocrinology, Psychotherapist, Obesity, Computer science, Bulimia nervosa, Social psychology, Neuroscience, Political science, Anxiety, Law, Surgery, Binge eating"
Dena M Bravata,N/A,I97018004,"Medicine, Computer science, Internal medicine, Data mining, Database, Biology, Table (database), Psychology, Pathology, Mathematics"
Peter M. Vitousek,N/A,I97018004,"Biology, Ecology, Environmental science, Geology, Chemistry, Organic chemistry, Geography, Ecosystem, Physics, Botany, History, Nutrient, Agronomy, Archaeology, Paleontology, Soil science, Soil water, Quantum mechanics, Engineering, Nitrogen, Oceanography, Materials science, Environmental chemistry, Medicine"
L.G. Kazovsky,N/A,I97018004,"Computer science, Engineering, Telecommunications, Physics, Optics, Quantum mechanics, Electrical engineering, Computer network, Materials science, Optoelectronics, Electronic engineering, Mathematics, Wavelength, Laser, Wavelength-division multiplexing, Statistics, Operating system, Optical fiber, Bandwidth (computing), Chemistry, Organic chemistry, Acoustics, Channel (broadcasting), CMOS, Optical amplifier"
Scott L. Delp,N/A,I97018004,"Medicine, Biology, Computer science, Physics, Physical medicine and rehabilitation, Anatomy, Surgery, Physical therapy, Engineering, Psychology, Pathology, Quantum mechanics, Physiology, Classical mechanics, Internal medicine, Artificial intelligence, Mathematics, Radiology, Psychiatry, Neuroscience, Kinematics, Gait, Thermodynamics, Orthodontics"
P. R. Burchat,N/A,I97018004,"Physics, Particle physics, Nuclear physics, Quantum mechanics, Chemistry, Mathematics, Atomic physics, Hadron, Branching fraction, Meson, Organic chemistry, Electron–positron annihilation, Geometry, Biology, Computer science, Materials science, Biochemistry"
L. Tompkins,N/A,I97018004,"Physics, Quantum mechanics, Particle physics, Nuclear physics, Large Hadron Collider, Biology, Geology, Computer science, Medicine, Paleontology, Anatomy, Atlas (anatomy), Engineering, Optics, Electrical engineering, Telecommunications, Detector, Mathematics, Atlas detector, Higgs boson, Boson, Quark, Electron, Lepton, Geography"
A. Kapitulnik,N/A,I97018004,"Physics, Quantum mechanics, Condensed matter physics, Materials science, Chemistry, Superconductivity, Engineering, Organic chemistry, Mathematics, Thermodynamics, Electrical engineering, Optics, Composite material, Magnetic field, Optoelectronics, Computer science, Metallurgy, Crystallography, Geometry"
Fátima Rodríguez,N/A,I97018004,"Medicine, Internal medicine, Pathology, Biology, Political science, Law, Disease, Sociology, Cardiology, Psychology, Endocrinology, Gerontology, Demography, Psychiatry, Mathematics, Chemistry, Environmental health, Surgery, Economics, Computer science, Biochemistry, Statistics, Economic growth"
Matthias Ihme,N/A,I97018004,"Physics, Thermodynamics, Engineering, Mechanics, Chemistry, Organic chemistry, Computer science, Geography, Quantum mechanics, Materials science, Mathematics, Meteorology, Physical chemistry, Aerospace engineering, Combustion, Turbulence, Biology, Geology, Environmental science, Mechanical engineering"
I Lehman,N/A,I97018004,"Chemistry, Biology, Biochemistry, Genetics, Gene, DNA, Physics, Organic chemistry, Nuclear magnetic resonance, Enzyme, Molecular biology, Computer science"
Teri E. Klein,N/A,I97018004,"Biology, Genetics, Medicine, Chemistry, Biochemistry, Gene, Internal medicine, Computer science, Genotype, Pharmacology, Physics, Bioinformatics, Pharmacogenetics, Computational biology, Pathology, Organic chemistry, Pharmacogenomics"
Stanley Falkow,N/A,I97018004,"Biology, Genetics, Chemistry, Biochemistry, Gene, Microbiology, Medicine, Geology, Paleontology, Bacteria, Escherichia coli, Internal medicine, DNA, Virulence, Immunology, Plasmid, Molecular biology, Virology, Mutant, Cell biology"
Mark L. Brongersma,N/A,I97018004,"Physics, Materials science, Quantum mechanics, Optoelectronics, Optics, Engineering, Nanotechnology, Chemistry, Electrical engineering, Organic chemistry, Computer science, Composite material, Plasmon, Metallurgy, Chemical engineering, Biology, Silicon, Condensed matter physics"
Olivier Gevaert,N/A,I97018004,"Biology, Medicine, Genetics, Internal medicine, Chemistry, Computer science, Biochemistry, Pathology, Gene, Cancer, Artificial intelligence, Cancer research, Oncology, Mathematics, Radiology, Machine learning, Gene expression, Physics, Surgery, Statistics, Computational biology"
Yinyu Ye,N/A,I97018004,"Computer science, Mathematics, Mathematical optimization, Algorithm, Geometry, Combinatorics, Economics, Physics, Mathematical analysis, Programming language, Biology, Engineering, Philosophy, Quantum mechanics, Discrete mathematics, Artificial intelligence, Statistics, Linear programming, Operating system, Machine learning, Applied mathematics"
Roland N. Horne,N/A,I97018004,"Engineering, Physics, Geology, Biology, Mathematics, Computer science, Quantum mechanics, Paleontology, Thermodynamics, Chemistry, Petroleum engineering, Geotechnical engineering, Materials science, Organic chemistry, Mechanics, Composite material, Geophysics, Geothermal gradient, Geography, Geometry, Genetics, Environmental science, Biochemistry, Porosity, Statistics"
Paul G. Yock,N/A,I97018004,"Medicine, Internal medicine, Cardiology, Radiology, Surgery, Biology, Intravascular ultrasound, Psychology, Psychiatry, Physics, Stent, Myocardial infarction, Computer science, Engineering, Restenosis"
Ellen Kuhl,N/A,I97018004,"Biology, Physics, Engineering, Medicine, Computer science, Mathematics, Thermodynamics, Internal medicine, Structural engineering, Materials science, Psychology, Quantum mechanics, Finite element method, Composite material, Genetics, Chemistry, Artificial intelligence, Neuroscience"
Robert B. Dunbar,N/A,I97018004,"Geology, Biology, Oceanography, Ecology, Geography, Physics, Paleontology, Climatology, Chemistry, Environmental science, History, Archaeology, Fishery, Organic chemistry, Geomorphology, Art, Meteorology, Engineering, Visual arts, Coral, Computer science"
Ann W. Hsing,N/A,I97018004,"Medicine, Biology, Internal medicine, Genetics, Cancer, Pathology, Chemistry, Biochemistry, Mathematics, Sociology, Prostate cancer, Demography, Statistics, Oncology, Endocrinology, Environmental health, Gene, Population, Surgery, Prostate, Genotype, Computer science"
Alvin E. Roth,N/A,I97018004,"Economics, Computer science, Mathematics, Medicine, Microeconomics, Political science, Business, Statistics, Law, Mathematical economics, Biology, Philosophy, Engineering, Physics"
Jonathan Rodden,N/A,I97018004,"Computer science, Programming language, Operating system, Database, Data file, Political science, Economics, Geography, Law"
Steven N. Goodman,N/A,I97018004,"Medicine, Biology, Internal medicine, Computer science, Pathology, Chemistry, Mathematics, Biochemistry, Genetics, Statistics, Psychology, Surgery, Political science, Law, Physics, Philosophy"
James L. Zehnder,N/A,I97018004,"Medicine, Biology, Internal medicine, Genetics, Immunology, Chemistry, Biochemistry, Pathology, Gene, Surgery, Computer science, Psychology"
Per Enge,N/A,I97018004,"Computer science, Engineering, Telecommunications, Operating system, Physics, Global Positioning System, Aerospace engineering, Astronomy, Geography, Geology, Satellite, Mathematics, GNSS applications, Remote sensing, Real-time computing, Electrical engineering, Computer network, Geodesy, Statistics, Satellite navigation, Assisted GPS, Algorithm, Quantum mechanics, Channel (broadcasting), Artificial intelligence"
Thomas W. Kenny,N/A,I97018004,"Physics, Materials science, Quantum mechanics, Engineering, Optoelectronics, Electrical engineering, Nanotechnology, Computer science, Chemistry, Optics, Thermodynamics, Organic chemistry, Composite material, Metallurgy, Microelectromechanical systems, Resonator, Electronic engineering, Silicon, Mechanical engineering, Acoustics, Mathematics, Geography, Operating system, Medicine, Aerospace engineering"
Daniel M. Tartakovsky,N/A,I97018004,"Physics, Mathematics, Computer science, Engineering, Geology, Quantum mechanics, Biology, Chemistry, Statistics, Thermodynamics, Geotechnical engineering, Materials science, Mechanics, Environmental science, Artificial intelligence, Composite material, Organic chemistry, Mathematical analysis, Geometry, Ecology, Geography, Statistical physics, Applied mathematics, Machine learning, Philosophy"
Gerald G. Fuller,N/A,I97018004,"Physics, Materials science, Chemistry, Composite material, Thermodynamics, Quantum mechanics, Biology, Organic chemistry, Engineering, Mechanics, Biochemistry, Nuclear magnetic resonance, Chemical engineering, Geology, Optics, Polymer, Nanotechnology, Rheology, Mathematics, Computer science, Medicine, Physical chemistry, Geometry, Paleontology"
Ban C. H. Tsui,N/A,I97018004,"Medicine, Surgery, Biology, Anesthesia, Psychology, Internal medicine, Radiology, Anatomy, Psychiatry, Physics, Neuroscience, Pathology, Mathematics, Computer science"
John I. Brauman,N/A,I97018004,"Chemistry, Organic chemistry, Physics, Quantum mechanics, Biology, Computer science, Political science, Law, Library science, World Wide Web, Citation, Biochemistry, Physical chemistry, Ion, Nuclear physics, Thermodynamics, Materials science, Programming language, Information retrieval, Catalysis, Stereochemistry"
Peter H. Hwang,N/A,I97018004,"Medicine, Biology, Surgery, Internal medicine, Pathology, Immunology, Psychology, Radiology, Anatomy, Genetics, Geology, Psychiatry, Paleontology, Mathematics, Chemistry, Physics, Biochemistry"
Hamdi A. Tchelepi,N/A,I97018004,"Physics, Mathematics, Quantum mechanics, Engineering, Computer science, Geology, Thermodynamics, Mechanics, Chemistry, Geometry, Organic chemistry, Materials science, Applied mathematics, Mathematical optimization, Mathematical analysis, Biology, Composite material, Geotechnical engineering, Geography, Algorithm, Flow (mathematics), Programming language, Porosity, Porous medium, Nonlinear system"
Michiel Hazewinkel,N/A,I97018004,"Mathematics, Computer science, Pure mathematics, Physics, Quantum mechanics, Algebra over a field, Mathematical analysis, Combinatorics, Philosophy, Discrete mathematics"
Alberto Salleo,N/A,I97018004,"Materials science, Physics, Chemistry, Quantum mechanics, Engineering, Organic chemistry, Composite material, Nanotechnology, Optoelectronics, Electrical engineering, Nuclear magnetic resonance, Biology, Polymer, Physical chemistry, Condensed matter physics, Chemical engineering, Optics, Electrode, Metallurgy, Computer science, Thermodynamics, Voltage, Crystallography, Chemical physics, Layer (electronics)"
Susan Athey,N/A,I97018004,"Computer science, Economics, Mathematics, Statistics, Philosophy, Medicine, Artificial intelligence, Business, Econometrics, Machine learning, Epistemology, Physics, Microeconomics, Psychology, Political science, Biology, Law, Pathology, Internal medicine, Engineering, Programming language"
E. D. Bloom,N/A,I97018004,"Physics, Quantum mechanics, Nuclear physics, Astronomy, Optics, Astrophysics, Computer science, Condensed matter physics, Fermi Gamma-ray Space Telescope, Particle physics, Engineering, Galaxy, Telescope, Gamma ray, Mathematics, Computer vision, Stars, Chemistry, Materials science"
Christian Guilleminault,N/A,I97018004,"Medicine, Psychology, Internal medicine, Biology, Psychiatry, Anesthesia, Cardiology, Neuroscience, Obstructive sleep apnea, Computer science, Apnea, Operating system, Programming language, Sleep (system call), Sleep apnea, Electroencephalography, Surgery, Polysomnography, Anatomy, Physics, Pathology, Pharmacology, Endocrinology"
Keith Devlin,N/A,I97018004,"Mathematics, Computer science, Philosophy, Psychology"
Marcelo Fernández-Viña,N/A,I97018004,"Biology, Medicine, Genetics, Immunology, Antigen, Human leukocyte antigen, Chemistry, Biochemistry, Gene, Internal medicine, Allele, Pathology, Surgery, Transplantation, Genotype, Computer science, Disease, Antibody, Sociology, Cell biology, Stem cell, Haplotype"
L. Hollberg,N/A,I97018004,"Physics, Quantum mechanics, Optics, Materials science, Engineering, Laser, Computer science, Optoelectronics, Electrical engineering, Atomic physics, Astronomy, Telecommunications, Chemistry, Atomic clock, Mathematics, Organic chemistry"
Koen Nieman,N/A,I97018004,"Medicine, Internal medicine, Cardiology, Radiology, Surgery, Psychology, Psychiatry, Myocardial infarction, Coronary artery disease, Coronary angiography, Computed tomography, Physics, Biology, Angiography, Nuclear medicine, Pathology, Computer science"
Stanley N. Cohen,N/A,I97018004,"Biology, Chemistry, Genetics, Biochemistry, Gene, DNA, Medicine, Molecular biology, Internal medicine, Plasmid, Physics, Escherichia coli, Gene expression, Mutant, Geology, Genome, Paleontology"
T. I. Kamins,N/A,I97018004,"Physics, Materials science, Chemistry, Optoelectronics, Quantum mechanics, Engineering, Organic chemistry, Nanotechnology, Metallurgy, Silicon, Composite material, Electrical engineering, Optics, Layer (electronics), Biology, Condensed matter physics, Computer science, Thermodynamics, Geology, Physical chemistry, Chemical engineering, Crystallography, Medicine, Epitaxy"
Persi Diaconis,N/A,I97018004,"Mathematics, Computer science, Statistics, Combinatorics, Physics, Discrete mathematics, Mathematical analysis, Quantum mechanics, Pure mathematics, Machine learning, Philosophy, Geometry, Artificial intelligence, Economics, Markov chain, Engineering, Programming language"
JYLLIAN KEMSLEY,N/A,I97018004,"Engineering, Chemistry, Computer science, Physics, Biology, Political science, Business, Law, Organic chemistry, Environmental science, Materials science"
Matthew O. Jackson,N/A,I97018004,"Economics, Computer science, Mathematics, Political science, Law, Microeconomics, Business, Sociology, Psychology, Statistics, Physics, Philosophy, Mathematical economics, Biology, Social psychology, Artificial intelligence, Combinatorics"
Robert B. West,N/A,I97018004,"Biology, Genetics, Medicine, Internal medicine, Chemistry, Biochemistry, Pathology, Cancer, Gene, Cancer research, Immunology, Oncology, Breast cancer, Computer science, Immunohistochemistry, Surgery"
A. Paulraj,N/A,I97018004,"Computer science, Engineering, Telecommunications, Mathematics, Electrical engineering, Computer network, Statistics, Channel (broadcasting), Electronic engineering, Algorithm, Operating system, Physics, Decoding methods, Beamforming, MIMO, Wireless, Artificial intelligence, Quantum mechanics, Fading, Antenna (radio), Estimator, Mathematical analysis, Optics, Economics, Combinatorics"
Noah D. Goodman,N/A,I97018004,"Computer science, Artificial intelligence, Philosophy, Mathematics, Psychology, Epistemology, Biology, Linguistics, Statistics, Programming language, Machine learning, Natural language processing, Economics, Engineering, Physics, Medicine, Political science, Law, Cognitive psychology, Geography, Inference, Cognitive science, Neuroscience, Geology"
Olav Solgaard,N/A,I97018004,"Physics, Materials science, Optics, Quantum mechanics, Engineering, Optoelectronics, Computer science, Electrical engineering, Chemistry, Nanotechnology, Telecommunications, Organic chemistry, Mathematics, Medicine, Pathology, Laser, Composite material, Artificial intelligence, Wavelength, Geometry, Electronic engineering, Metallurgy, Microelectromechanical systems, Biology, Alternative medicine"
Roger T. Howe,N/A,I97018004,"Physics, Materials science, Quantum mechanics, Engineering, Optoelectronics, Chemistry, Nanotechnology, Organic chemistry, Electrical engineering, Composite material, Computer science, Metallurgy, Optics, Thermodynamics, Layer (electronics), Silicon, Biology, Medicine, Physical chemistry, Pathology, Mathematics, Fabrication, Alternative medicine, Electrode, Electronic engineering"
Terence A. Ketter,N/A,I97018004,"Psychology, Medicine, Psychiatry, Biology, Internal medicine, Neuroscience, Endocrinology, Clinical psychology, Social psychology, Cognition, Mood, Lithium (medication), Bipolar disorder, Pathology, Computer science, Mania, Programming language, Anxiety, Economics, Pharmacology, Epilepsy, Schizophrenia (object-oriented programming), Alternative medicine, Macroeconomics, Keynesian economics"
Gordon Wetzstein,N/A,I97018004,"Computer science, Artificial intelligence, Computer vision, Physics, Optics, Mathematics, Computer graphics (images), Engineering, Quantum mechanics, Operating system, Philosophy, Psychology, Machine learning, Biology, Image (mathematics), Algorithm, Programming language, Telecommunications, Electrical engineering"
Alison L. Marsden,N/A,I97018004,"Medicine, Internal medicine, Cardiology, Computer science, Physics, Engineering, Mathematics, Surgery, Radiology, Biology, Thermodynamics, Anesthesia, Mechanics, Hemodynamics, Psychology"
Sally M. Benson,N/A,I97018004,"Geology, Engineering, Biology, Physics, Chemistry, Environmental science, Organic chemistry, Ecology, Quantum mechanics, Thermodynamics, Materials science, Geography, Geotechnical engineering, Computer science, Mathematics, Composite material, Petroleum engineering, Paleontology, Mechanics, Carbon dioxide, Economics, Porosity, Meteorology, Oceanography"
John M. Pauly,N/A,I97018004,"Computer science, Physics, Medicine, Radiology, Engineering, Artificial intelligence, Mathematics, Computer vision, Optics, Quantum mechanics, Electrical engineering, Magnetic resonance imaging, Psychology, Nuclear magnetic resonance, Biology, Telecommunications, Materials science, Machine learning, Algorithm, Chemistry, Nuclear medicine, Statistics, Internal medicine, Mathematical analysis"
Sebastian Thrun,N/A,I97018004,"Computer science, Artificial intelligence, Mathematics, Engineering, Robot, Computer vision, Statistics, Physics, Philosophy, Mobile robot, Programming language, Biology, Operating system, Quantum mechanics, Machine learning, Geography, Epistemology, Economics, Psychology, Geology, Algorithm"
Eric T. Kool,N/A,I97018004,"Chemistry, Biology, Biochemistry, Genetics, Gene, DNA, Organic chemistry, Physics, Nuclear magnetic resonance, Quantum mechanics, Enzyme, Stereochemistry, RNA, Combinatorial chemistry, Computational biology, Medicine, Materials science, Computer science"
Fritz B. Prinz,N/A,I97018004,"Physics, Materials science, Engineering, Chemistry, Quantum mechanics, Organic chemistry, Composite material, Nanotechnology, Metallurgy, Chemical engineering, Biology, Physical chemistry, Electrode, Electrical engineering, Computer science, Thermodynamics, Biochemistry, Geology, Optoelectronics, Layer (electronics), Thin film, Electrolyte, Ceramic, Oxide, Atomic layer deposition"
J Engreitz,N/A,I97018004,"Computer science, Chemistry, Biology, Genetics, Biochemistry, Gene"
William D. Nix,N/A,I97018004,"Physics, Materials science, Composite material, Chemistry, Metallurgy, Thermodynamics, Quantum mechanics, Organic chemistry, Crystallography, Engineering, Geology, Nanotechnology, Condensed matter physics, Biology, Mathematics, Optics, Microstructure, Computer science, Creep, Dislocation, Geography, Oceanography, Philosophy, Meteorology, Geometry"
Percy Liang,N/A,I97018004,"Computer science, Artificial intelligence, Mathematics, Philosophy, Machine learning, Programming language, Biology, Engineering, Linguistics, Natural language processing, Economics, Physics, Statistics, Epistemology, Geography, Operating system, Psychology, Political science, Law, Algorithm, Geology, Chemistry, Quantum mechanics, Mathematical analysis, Management"
Jun Xu,N/A,I97018004,"Physics, Quantum mechanics, Materials science, Chemistry, Organic chemistry, Optics, Computer science, Engineering, Optoelectronics, Composite material, Laser, Programming language, Biology, Chromatography, Electrical engineering, Condensed matter physics, Crystal (programming language), Environmental chemistry, Crystallography, Thermodynamics, Analytical Chemistry (journal), Nanotechnology, Metallurgy, Doping, Telecommunications"
Chelsea Finn,N/A,I97018004,"Computer science, Artificial intelligence, Machine learning, Mathematics, Engineering, Economics, Management, Biology, Reinforcement learning, Systems engineering, Task (project management), Philosophy, Psychology, Physics, Statistics, Robot, Programming language, Epistemology, Operating system, Human–computer interaction, Geography, Quantum mechanics, Mathematical analysis"
Richard H. Bube,N/A,I97018004,"Physics, Materials science, Quantum mechanics, Optoelectronics, Chemistry, Engineering, Organic chemistry, Electrical engineering, Condensed matter physics, Metallurgy, Nanotechnology, Optics, Composite material, Computer science, Thermodynamics, Nuclear physics, Biology, Chromatography, Environmental chemistry, Analytical Chemistry (journal), Crystallography, Physical chemistry"
Anne Lynn S. Chang,N/A,I97018004,"Medicine, Biology, Internal medicine, Genetics, Pathology, Chemistry, Computer science, Biochemistry, Artificial intelligence, Mathematics, Basal cell, Oncology, Surgery, Psychology, Gene, Philosophy, Dermatology, Basal cell carcinoma, Engineering"
P. H. Scherrer,N/A,I97018004,"Physics, Quantum mechanics, Astronomy, Geology, Magnetic field, Geography, Astrophysics, Computer science, Mathematics, Biology, Optics, Nuclear physics, Plasma, Meteorology, Solar wind, Engineering, Environmental science, Remote sensing"
J. Vondrák,N/A,I97018004,"Physics, Computer science, Geography, Mathematics, Astronomy, Geology, Quantum mechanics, Geodesy, Engineering, Biology, Geometry, Combinatorics, Astrophysics, Computer vision"
Clete A. Kushida,N/A,I97018004,"Medicine, Psychology, Biology, Internal medicine, Psychiatry, Neuroscience, Anesthesia, Computer science, Pharmacology, Pathology, Operating system, Insomnia, Cardiology, Programming language, Sleep (system call), Cognition, Obstructive sleep apnea, Electroencephalography, Apnea, Surgery, Physics, Polysomnography, Sleep disorder, Sleep apnea, Neurology"
William J. Greenleaf,N/A,I97018004,"Biology, Genetics, Chemistry, Biochemistry, Gene, Computational biology, DNA, Computer science, Gene expression, Chromatin, Medicine, Cell biology, Transcription factor"
James L. McClelland,N/A,I97018004,"Computer science, Psychology, Biology, Artificial intelligence, Philosophy, Neuroscience, Cognitive psychology, Mathematics, Medicine, Linguistics, Psychiatry, Cognitive science, Epistemology, Cognition, Machine learning, Artificial neural network, Programming language, Political science, Natural language processing, Law"
Fiorenza Micheli,N/A,I97018004,"Biology, Ecology, Geology, Geography, Fishery, Oceanography, Environmental science, Habitat, Ecosystem, Paleontology, Economics, Political science, Law, Environmental resource management, Computer science, Botany, Physics, History, Archaeology, Medicine, Fish <Actinopterygii>"
C. C. Young,N/A,I97018004,"Physics, Particle physics, Nuclear physics, Quantum mechanics, Mathematics, Chemistry, Atomic physics, Hadron, Branching fraction, Electron–positron annihilation, Meson, Organic chemistry, Computer science, Geometry, Materials science"
Donald E. Knuth,N/A,I97018004,"Computer science, Mathematics, Programming language, Combinatorics, Philosophy, Discrete mathematics, Algorithm"
Soichi Wakatsuki,N/A,I97018004,"Chemistry, Biology, Biochemistry, Physics, Genetics, Organic chemistry, Computer science, Gene, Medicine, Crystallography, Quantum mechanics, Nuclear magnetic resonance, Cell biology, Materials science, Programming language, Engineering, Internal medicine, Enzyme, Mathematics"
Jeffrey D. Ullman,N/A,I97018004,"Computer science, Mathematics, Programming language, Theoretical computer science, Algorithm, Artificial intelligence, Database, Philosophy, Data mining, Physics, Operating system, Engineering, Information retrieval, Discrete mathematics, Combinatorics, Biology, World Wide Web"
Eric Stice,N/A,I97018004,"Medicine, Psychology, Psychiatry, Internal medicine, Biology, Pathology, Clinical psychology, Endocrinology, Eating disorders, Obesity, Developmental psychology, Social psychology, Neuroscience, Nursing, Psychotherapist, Mathematics, Sociology, Surgery, Computer science, Statistics, Economics"
Katherine W. Ferrara,N/A,I97018004,"Medicine, Physics, Biology, Acoustics, Radiology, Engineering, Chemistry, Materials science, Genetics, Computer science, Ultrasound, Internal medicine, Biochemistry, Optics, Quantum mechanics, Biomedical engineering, Artificial intelligence, Computer vision, Microbubbles, Electrical engineering, Nanotechnology, Biotechnology, In vivo, Organic chemistry"
Jason R. Andrews,N/A,I97018004,"Medicine, Pathology, Biology, Internal medicine, Virology, Environmental health, Immunology, Genetics, Mathematics, Sociology, Chemistry, Computer science, Biochemistry, Tuberculosis, Demography, Disease, Engineering, Microbiology, Statistics, Population, Geography, Physics, Geology, Political science, Gene"
Brian T. Bateman,N/A,I97018004,"Medicine, Biology, Internal medicine, Genetics, Pathology, Pregnancy, Psychology, Mathematics, Psychiatry, Statistics, Surgery, Obstetrics, Anesthesia, Chemistry, Biochemistry, Sociology, Computer science, Pediatrics, Pharmacology, Demography, Environmental health, Population"
Susanna Loeb,N/A,I97018004,"Psychology, Mathematics, Political science, Sociology, Economics, Computer science, Law, Mathematics education, Pedagogy, Medicine, Philosophy, Business, Economic growth, Developmental psychology, Physics, Statistics, Quantum mechanics"
Jens Hainmueller,N/A,I97018004,"Computer science, Mathematics, Economics, Political science, Law, Statistics, Geography, Medicine, History, Archaeology, Biology, Philosophy, Virology, Replication (statistics), Sociology, Physics, Politics, Psychology, Immigration, Business, Microeconomics, Pathology"
Gregory C. Beroza,N/A,I97018004,"Geology, Seismology, Engineering, Physics, Computer science, Biology, Civil engineering, Paleontology, Quantum mechanics, Mathematics, Artificial intelligence, Geography"
J. T. Hoeksema,N/A,I97018004,"Physics, Quantum mechanics, Magnetic field, Astronomy, Geology, Geography, Nuclear physics, Astrophysics, Plasma, Solar wind, Computer science, Mathematics, Biology, Coronal mass ejection, Meteorology, Astrobiology, Engineering"
Antonio J. Ricco,N/A,I97018004,"Physics, Engineering, Chemistry, Biology, Materials science, Computer science, Quantum mechanics, Organic chemistry, Nanotechnology, Astronomy, Optics, Electrical engineering, Composite material, Biochemistry, Geology, Chromatography, Physical chemistry, Thermodynamics, Aerospace engineering"
E. Orlando,N/A,I97018004,"Physics, Astrophysics, Quantum mechanics, Astronomy, Nuclear physics, Optics, Condensed matter physics, Fermi Gamma-ray Space Telescope, Computer science, Galaxy, Gamma ray, Telescope, Computer vision, Stars, Cosmic ray, Engineering, Mathematics, Chemistry"
Lee Sanders,N/A,I97018004,"Medicine, Psychology, Biology, Internal medicine, Political science, Law, Pathology, Economics, Sociology, Computer science, Economic growth, Health care, Nursing, Mathematics, Psychiatry"
Manisha Desai,N/A,I97018004,"Medicine, Internal medicine, Biology, Pathology, Genetics, Mathematics, Surgery, Statistics, Psychology, Chemistry, Cancer, Computer science, Endocrinology, Psychiatry, Sociology, Biochemistry, Physics"
William I. Weis,N/A,I97018004,"Chemistry, Biology, Biochemistry, Genetics, Medicine, Cell biology, Internal medicine, Organic chemistry, Physics, Gene, Signal transduction, Receptor, Computer science, Biophysics, Quantum mechanics, Wnt signaling pathway, Cell, Immunology"
Lynn Koegel,N/A,I97018004,"Psychology, Medicine, Computer science, Psychiatry, Developmental psychology, Autism, Biology, Nursing, Sociology"
Mark R. Cullen,N/A,I97018004,"Medicine, Pathology, Internal medicine, Biology, Environmental health, Mathematics, Political science, Law, Sociology, Economics, Demography, Statistics, Chemistry, Psychology, Computer science, Physics, Philosophy, Population"
Eric Q. Wu,N/A,I97018004,"Medicine, Biology, Internal medicine, Pathology, Surgery, Genetics, Psychology, Mathematics, Statistics, Psychiatry, Immunology, Chemistry, Endocrinology, Economics, Oncology, Political science, Law, Biochemistry, Cancer, Pharmacology, Nursing, Computer science"
Mintu P. Turakhia,N/A,I97018004,"Medicine, Internal medicine, Cardiology, Atrial fibrillation, Biology, Surgery, Pathology, Engineering, Psychology, Physics, Mathematics, Aerospace engineering, Statistics, Psychiatry, Political science, Thermodynamics, Law, Computer science, Mechanical engineering, Intensive care medicine, Stroke (engine)"
Bruce A. Buckingham,N/A,I97018004,"Medicine, Biology, Endocrinology, Diabetes mellitus, Internal medicine, Type 1 diabetes, Biotechnology, Insulin, Glycemic, Type 2 diabetes, Pathology, Surgery, Chemistry, Hypoglycemia, Mathematics, Pediatrics, Continuous glucose monitoring, Computer science"
Marcia Barinaga,N/A,I97018004,"Biology, Medicine, Psychology, Computer science, Chemistry, Genetics, Neuroscience"
Anthony Chen,N/A,I97018004,"Computer science, Mathematics, Engineering, Economics, Physics, Mathematical optimization, Transport engineering, Statistics, Operating system, Biology, Quantum mechanics, Programming language, Political science, Business, Law, Computer network, Geography, Operations research, Philosophy, Medicine, Machine learning, Psychology, Artificial intelligence"
C. P. O’Grady,N/A,I97018004,"Physics, Particle physics, Nuclear physics, Quantum mechanics, Atomic physics, Hadron, Chemistry, Branching fraction, Mathematics, Meson, Organic chemistry, Electron–positron annihilation, Computer science"
Juan G. Santiago,N/A,I97018004,"Physics, Chemistry, Materials science, Quantum mechanics, Thermodynamics, Engineering, Biology, Physical chemistry, Organic chemistry, Nanotechnology, Biochemistry, Mechanics, Genetics, Chromatography, Electrode, Mathematics, Computer science, Electrical engineering, Geography, Composite material, Electrolyte, Meteorology, Geology, Microfluidics, Geometry"
Blas Cabrera,N/A,I97018004,"Physics, Computer science, Engineering, Quantum mechanics, Electrical engineering, Optics, Telecommunications, Materials science, Detector, Optoelectronics, Chemistry, Astronomy, Condensed matter physics, Nuclear physics, Organic chemistry, Astrophysics, Programming language, Computer vision, Mathematics, Metallurgy, Particle physics, Artificial intelligence, Superconductivity"
Randall S. Stafford,N/A,I97018004,"Medicine, Internal medicine, Biology, Pathology, Computer science, Surgery, Psychology, Political science, Psychiatry, Law, Mathematics, Nursing, Endocrinology, Economics, Statistics, Chemistry, Family medicine"
Harden M. McConnell,N/A,I97018004,"Chemistry, Physics, Biology, Biochemistry, Quantum mechanics, Genetics, Organic chemistry, Medicine, Materials science, Nuclear magnetic resonance, Membrane, Thermodynamics, Computer science, Immunology, Engineering, Biophysics, Internal medicine, Nanotechnology, Antigen"
Gordon Lee,N/A,I97018004,"Computer science, Business, Economics, Political science, Medicine, Biology, Engineering, Law, Physics, Geography, Psychology, Mathematics"
A. R. Gillman,N/A,I97018004,"Physics, Quantum mechanics, Nuclear physics, Particle physics, Large Hadron Collider, Engineering, Biology, Geology, Medicine, Optics, Anatomy, Computer science, Paleontology, Atlas (anatomy), Mathematics, Telecommunications, Electrical engineering, Detector, Astronomy, Hadron, Astrophysics, Atlas detector, Materials science, Electron, Geography"
David A. Relman,N/A,I97018004,"Biology, Medicine, Genetics, Chemistry, Biochemistry, Gene, Internal medicine, Pathology, Geology, Paleontology, Microbiology, Immunology, Bacteria, Ecology, Disease, Bioinformatics"
Nilàm Ram,N/A,I97018004,"Psychology, Medicine, Computer science, Developmental psychology, Biology, Sociology, Mathematics, Social psychology, Philosophy, Statistics, Political science, Physics, Psychiatry, Law, Psychotherapist, Economics, Linguistics, Gerontology, Pathology, Machine learning, Neuroscience, Clinical psychology, Artificial intelligence, Internal medicine, Geography"
Purvesh Khatri,N/A,I97018004,"Biology, Medicine, Genetics, Internal medicine, Chemistry, Biochemistry, Gene, Pathology, Immunology, Computer science, Gene expression, Computational biology, Cancer research, Mathematics, Immune system, Cell biology, Cancer"
Joseph W. Goodman,N/A,I97018004,"Computer science, Physics, Optics, Quantum mechanics, Engineering, Mathematics, Artificial intelligence, Computer vision, Telecommunications, Materials science, Electrical engineering, Optoelectronics, Electronic engineering, Image (mathematics)"
Joon‐Hyung Lee,N/A,I97018004,"Chemistry, Physics, Materials science, Organic chemistry, Quantum mechanics, Engineering, Composite material, Biology, Metallurgy, Optoelectronics, Medicine, Nanotechnology, Electrical engineering, Optics, Chemical engineering, Chromatography, Geology, Crystallography, Biochemistry, Environmental chemistry, Analytical Chemistry (journal), Thermodynamics, Internal medicine, Physical chemistry, Condensed matter physics"
Daniel Palanker,N/A,I97018004,"Physics, Medicine, Biology, Optics, Chemistry, Ophthalmology, Biochemistry, Psychology, Botany, Retinal, Computer science, Quantum mechanics, Neuroscience, Materials science, Engineering, Retina, Surgery, Internal medicine, Genetics, Endocrinology, Electrical engineering, Laser, Artificial intelligence, Optoelectronics"
Steven L. Shafer,N/A,I97018004,"Medicine, Biology, Anesthesia, Internal medicine, Pharmacology, Surgery, Psychology, Psychiatry, Bioinformatics, Chemistry, Pharmacokinetics, Computer science, Pathology"
Steven J. Davis,N/A,I97018004,"Biology, Environmental science, Ecology, Geology, Geography, Economics, Engineering, Physics, Oceanography, Chemistry, Organic chemistry, Natural resource economics, History, Archaeology, Computer science, Greenhouse gas, Mathematics, Business, Climate change, Quantum mechanics, Waste management, Political science, Meteorology, Law"
Dmitri A. Petrov,N/A,I97018004,"Biology, Genetics, Chemistry, Biochemistry, Gene, Medicine, Evolutionary biology, Computer science, Sociology, Environmental health, Demography, Population, Genome, Computational biology, Physics, Internal medicine, Psychology, Artificial intelligence, Cancer research"
Jonathan D. Klein,N/A,I97018004,"Medicine, Psychology, Pathology, Political science, Law, Environmental health, Sociology, Nursing, Family medicine, Biology, Economics, Internal medicine, Economic growth, Computer science, Demography, Psychiatry, Health care, Population, Mathematics"
D. L. Burke,N/A,I97018004,"Physics, Quantum mechanics, Astronomy, Astrophysics, Computer science, Galaxy, Redshift, Cosmology, Dark energy, Optics, Computer vision, Mathematics, Stars, Engineering, Particle physics, Biology, Statistics"
Matthias F. Kling,N/A,I97018004,"Physics, Quantum mechanics, Optics, Laser, Chemistry, Organic chemistry, Materials science, Atomic physics, Engineering, Nuclear physics, Ultrashort pulse, Ion, Computer science, Electron, Optoelectronics, Ionization, Electrical engineering, Attosecond, Mathematics, Biology, Astronomy"
Kincho H. Law,N/A,I97018004,"Computer science, Engineering, Operating system, Mathematics, Physics, Programming language, Artificial intelligence, Economics, Biology, Quantum mechanics, Structural engineering, Political science, Thermodynamics, Law, Materials science, Electrical engineering, Geography, Composite material, Philosophy, Management, World Wide Web, Business"
Stacey F. Bent,N/A,I97018004,"Physics, Chemistry, Materials science, Organic chemistry, Quantum mechanics, Engineering, Biology, Nanotechnology, Chemical engineering, Composite material, Layer (electronics), Biochemistry, Thin film, Metallurgy, Physical chemistry, Optoelectronics, Atomic layer deposition, Geology, Catalysis, Paleontology, Geomorphology, Sediment, Deposition (geology), Structural basin, Optics"
Y. Suzuki,N/A,I97018004,"Materials science, Physics, Quantum mechanics, Chemistry, Condensed matter physics, Organic chemistry, Engineering, Composite material, Nanotechnology, Magnetic field, Optoelectronics, Metallurgy, Optics, Biology, Crystallography, Magnetization, Electrical engineering, Ferromagnetism, Thermodynamics, Thin film, Layer (electronics), Geology, Mathematics"
Tsachy Weissman,N/A,I97018004,"Computer science, Mathematics, Statistics, Algorithm, Artificial intelligence, Engineering, Physics, Telecommunications, Computer vision, Operating system, Computer network, Electrical engineering, Programming language, Quantum mechanics, Chemistry, Mathematical analysis, Biology, Combinatorics, Sociology, Philosophy, Social science, Coding (social sciences), Economics, Data compression, Materials science"
I. Aracena,N/A,I97018004,"Physics, Quantum mechanics, Particle physics, Nuclear physics, Large Hadron Collider, Biology, Geology, Medicine, Anatomy, Paleontology, Atlas (anatomy), Engineering, Mathematics, Computer science, Optics, Astronomy, Astrophysics, Electrical engineering, Telecommunications, Detector, Hadron, Atlas detector, Electron, Geography, Lepton"
Andrei Linde,N/A,I97018004,"Physics, Quantum mechanics, Theoretical physics, Astronomy, Astrophysics, Mathematics, Inflation (cosmology), Mathematical physics, Cosmology, Particle physics, Universe, Classical mechanics, Computer science, Geometry, Dark energy, Inflaton, Supersymmetry"
Michael E. Moseley,N/A,I97018004,"Medicine, Radiology, Internal medicine, Magnetic resonance imaging, Biology, Psychology, Physics, Psychiatry, Cardiology, Chemistry, Computer science, Nuclear medicine, Neuroscience, Engineering, Surgery, Nuclear magnetic resonance, Anesthesia, Thermodynamics, Quantum mechanics, Pathology, Diffusion MRI, Organic chemistry, Artificial intelligence, Mathematics, Genetics"
Michael F. Marmor,N/A,I97018004,"Medicine, Biology, Ophthalmology, Chemistry, Physics, Psychology, Biochemistry, Optics, Botany, Neuroscience, Retinal, Internal medicine, Retina, Optometry, Genetics, Pathology, Surgery, Endocrinology, Computer science, Organic chemistry"
Allen W. Wood,N/A,I97018004,"Philosophy, Epistemology, Political science, Law, Theology, Computer science, Sociology, Psychology, Art, History, Linguistics"
Jacob Fox,N/A,I97018004,"Mathematics, Combinatorics, Discrete mathematics, Computer science, Theoretical computer science, Graph, Mathematical analysis, Biology, Physics, Pure mathematics, Upper and lower bounds, Programming language, Botany, Geometry, Philosophy, Conjecture, Ecology, Vertex (graph theory)"
Johan van Benthem,N/A,I97018004,"Computer science, Philosophy, Mathematics, Epistemology, Artificial intelligence, Programming language, Linguistics, Theoretical computer science, Chemistry, Physics, Materials science, Composite material, Modal, Polymer chemistry, Psychology, Modal logic, Description logic, Engineering, Multimodal logic, Quantum mechanics, Political science, Cognitive science, Economics, Geometry, Law"
Yvonne Maldonado,N/A,I97018004,"Medicine, Biology, Pathology, Virology, Immunology, Genetics, Internal medicine, Pediatrics, Family medicine, Sociology, Disease, Environmental health, Computer science, Virus, Antibody, Mathematics, Immune system, Demography, Political science, Infectious disease (medical specialty), Statistics, Economics, Coronavirus disease 2019 (COVID-19), Vaccination, Antigen"
Justin N. Baker,N/A,I97018004,"Medicine, Biology, Internal medicine, Psychology, Nursing, Genetics, Cancer, Family medicine, Political science, Law, Psychiatry, Pathology, Palliative care, Sociology, Psychotherapist, Economics, Philosophy, Surgery, Computer science, Mathematics"
S. Tether,N/A,I97018004,"Physics, Particle physics, Quantum mechanics, Nuclear physics, Large Hadron Collider, Tevatron, Mathematics, Collider Detector at Fermilab, Fermilab, Hadron, Collider, Quark, Computer science, Economics, Engineering, Geography, Electron, Astronomy, Quantum chromodynamics"
G. Jóhannesson,N/A,I97018004,"Physics, Quantum mechanics, Astrophysics, Astronomy, Optics, Condensed matter physics, Fermi Gamma-ray Space Telescope, Nuclear physics, Computer science, Galaxy, Computer vision, Gamma ray, Telescope, Stars, Mathematics, Engineering, Cosmic ray, Materials science, Chemistry, Organic chemistry"
W. Roy Jackson,N/A,I97018004,"Chemistry, Organic chemistry, Biology, Physics, Biochemistry, Materials science, Catalysis, Engineering, Quantum mechanics, Composite material, Metallurgy, Stereochemistry, Geology, Waste management, Geography, Medicine, History"
Christopher Ré,N/A,I97018004,"Computer science, Artificial intelligence, Mathematics, Philosophy, Machine learning, Programming language, Engineering, Operating system, Physics, Statistics, Data mining, Biology, Epistemology, Algorithm, Economics, Database, Information retrieval, Mathematical analysis, Quantum mechanics, Linguistics, Theoretical computer science, Geography, Combinatorics, Discrete mathematics"
Norbert J. Pelc,N/A,I97018004,"Physics, Computer science, Medicine, Optics, Radiology, Mathematics, Artificial intelligence, Engineering, Computer vision, Quantum mechanics, Electrical engineering, Nuclear medicine, Telecommunications, Biology, Internal medicine, Statistics, Image (mathematics), Detector, Geometry, Surgery, Algorithm, Magnetic resonance imaging, Psychology"
Roberto Cachán Cruz,N/A,I97018004,"Biology, Medicine, Internal medicine, Chemistry, Genetics, Physics, Pathology, Computer science, Philosophy, Biochemistry, Surgery, Engineering"
Peter K. Kitanidis,N/A,I97018004,"Mathematics, Physics, Geology, Computer science, Engineering, Biology, Quantum mechanics, Environmental science, Geotechnical engineering, Statistics, Geography, Chemistry, Artificial intelligence, Ecology, Geometry, Algorithm, Mathematical analysis, Groundwater, Materials science, Thermodynamics, Organic chemistry, Mechanics, Aquifer, Applied mathematics, Paleontology"
Wing Hung Wong,N/A,I97018004,"Biology, Computer science, Chemistry, Genetics, Biochemistry, Mathematics, Gene, Statistics, Computational biology, Artificial intelligence, Medicine, Gene expression, Machine learning, Physics, Algorithm, Engineering"
Biondo Biondi,N/A,I97018004,"Computer science, Geology, Physics, Mathematics, Seismology, Optics, Quantum mechanics, Biology, Engineering, Paleontology, Artificial intelligence, Algorithm, Geomorphology, Mathematical analysis, Programming language, Computer vision, Telecommunications, Structural basin, Tectonics, Geography, Astronomy, Inversion (geology), Geometry, Geophysics, Operating system"
Gary Mavko,N/A,I97018004,"Geology, Engineering, Physics, Materials science, Geotechnical engineering, Composite material, Biology, Chemistry, Mathematics, Quantum mechanics, Paleontology, Computer science, Optics, Organic chemistry, Seismology, Mineralogy, Thermodynamics, Porosity, Geochemistry, Geography, Geomorphology"
Robert D. Hawkins,N/A,I97018004,"Biology, Medicine, Psychology, Internal medicine, Genetics, Computer science, Chemistry, Neuroscience, Biochemistry, Mathematics, Philosophy, Artificial intelligence, Pathology, Physics, Endocrinology, Receptor, Statistics"
Michel J. F. Digonnet,N/A,I97018004,"Physics, Optics, Materials science, Quantum mechanics, Engineering, Computer science, Optoelectronics, Chemistry, Telecommunications, Organic chemistry, Composite material, Optical fiber, Laser, Fiber, Wavelength, Electrical engineering, Electronic engineering, Mathematics, Fiber laser, Fiber optic sensor, Condensed matter physics, Aerospace engineering, Doping, Astronomy"
William L. Haskell,N/A,I97018004,"Medicine, Internal medicine, Biology, Physical therapy, Pathology, Endocrinology, Psychology, Gerontology, Physical medicine and rehabilitation, Psychiatry, Sociology, Mathematics, Cardiology, Demography, Physical activity, Statistics, Radiology, Physics, Physiology, Chemistry, Surgery, Computer science, Blood pressure"
Edward E. Graves,N/A,I97018004,"Medicine, Internal medicine, Biology, Radiology, Genetics, Surgery, Physics, Radiation therapy, Chemistry, Nuclear medicine, Computer science, Cancer research, Biochemistry, Cancer, Quantum mechanics, Pathology, Psychology, Optics, Oncology, Engineering, Organic chemistry"
Stephen B. Montgomery,N/A,I97018004,"Biology, Genetics, Chemistry, Biochemistry, Gene, Computational biology, Medicine, Computer science, Internal medicine, Gene expression, Genotype, Single-nucleotide polymorphism, Genome, Sociology, Environmental health, Pathology, Demography, Population"
Jack W. Baker,N/A,I97018004,"Computer science, Mathematics, Engineering, Geology, Physics, Biology, Statistics, Quantum mechanics, Seismology, Structural engineering, Geography, Economics, Artificial intelligence, Medicine, Chemistry, Philosophy, Ground motion, Civil engineering, Ecology"
William C. Dement,N/A,I97018004,"Psychology, Medicine, Biology, Psychiatry, Neuroscience, Internal medicine, Computer science, Pharmacology, Operating system, Programming language, Sleep (system call), Cognition, Endocrinology, Insomnia, Anesthesia, Electroencephalography, Sleep disorder, Chemistry, Biochemistry, Genetics, Artificial intelligence, Ophthalmology, Neurology, Eye movement"
Elliot W. Eisner,N/A,I97018004,"Psychology, Sociology, Political science, Law, Mathematics, Art, Mathematics education, Pedagogy, Philosophy, Computer science, Visual arts, Economics, The arts, Epistemology, Economic growth"
Susan Holmes,N/A,I97018004,"Biology, Genetics, Medicine, Computer science, Chemistry, Biochemistry, Mathematics, Gene, Statistics, Immunology, Internal medicine, Artificial intelligence, Physics, Geology, Machine learning, Paleontology, Engineering"
Geoffrey H. Moore,N/A,I97018004,"Economics, Mathematics, Business, Macroeconomics, Keynesian economics, Econometrics, Physics, Computer science, Quantum mechanics"
Michele J. Gelfand,N/A,I97018004,"Psychology, Political science, Law, Sociology, Social psychology, Philosophy, Computer science, Economics, Epistemology, Social science, Biology, Mathematics, Medicine, Geography"
Andrew Y. Ng,N/A,I97018004,"Computer science, Artificial intelligence, Machine learning, Mathematics, Philosophy, Engineering, Physics, Statistics, Programming language, Psychology, Biology, Linguistics, Economics, Computer vision, Operating system, Geography, Medicine, Cognitive psychology, Pattern recognition (psychology), Epistemology"
G. Gratta,N/A,I97018004,"Physics, Quantum mechanics, Nuclear physics, Particle physics, Engineering, Computer science, Optics, Materials science, Chemistry, Electrical engineering, Mathematics, Atomic physics, Telecommunications, Detector, Organic chemistry, Hadron, Neutrino"
Alex H. S. Harris,N/A,I97018004,"Medicine, Psychology, Biology, Internal medicine, Psychiatry, Political science, Pathology, Law, Economics, Surgery, Mathematics, Computer science, Statistics, Economic growth, Nursing, Chemistry, Sociology, Health care, Biochemistry, Psychotherapist, Radiology, Physics"
Liqun Luo,N/A,I97018004,"Biology, Psychology, Medicine, Neuroscience, Chemistry, Genetics, Biochemistry, Internal medicine, Gene, Cell biology, Endocrinology, Psychiatry, Receptor, Computer science, Anatomy, Central nervous system"
Todd Walter,N/A,I97018004,"Computer science, Engineering, Physics, Operating system, Telecommunications, Astronomy, Global Positioning System, Aerospace engineering, Satellite, Geography, GNSS applications, Geology, Mathematics, Remote sensing, Real-time computing, Satellite navigation, Algorithm, Computer network, Quantum mechanics, Statistics, Electrical engineering, Geodesy, Artificial intelligence, Assisted GPS, Programming language"
Brian A. Wandell,N/A,I97018004,"Computer science, Artificial intelligence, Physics, Psychology, Computer vision, Optics, Biology, Neuroscience, Medicine, Mathematics, Engineering, Cognitive psychology, Quantum mechanics, Philosophy, Radiology, Image (mathematics), Programming language"
Solomon Feferman,N/A,I97018004,"Mathematics, Computer science, Philosophy, Epistemology, Programming language, Medicine, Orthodontics, Dentistry, Calculus (dental), Discrete mathematics, Pure mathematics, Geometry, Linguistics, Economics, Algebra over a field, Art, Artificial intelligence"
Judith J. Prochaska,N/A,I97018004,"Medicine, Psychology, Pathology, Psychiatry, Internal medicine, Biology, Political science, Law, Nursing, Sociology, Environmental health, Smoking cessation, Demography, Neuroscience, Computer science, Psychotherapist, Economics, Mathematics, Surgery, Philosophy, Population, Intervention (counseling), Gerontology"
Beth M. Beadle,N/A,I97018004,"Medicine, Internal medicine, Biology, Surgery, Radiology, Genetics, Radiation therapy, Cancer, Head and neck cancer, Oncology, Pathology, Physics, Computer science, Head and neck, Mathematics, Chemistry, Geology, Nuclear medicine, Paleontology"
M. E. Monzani,N/A,I97018004,"Physics, Quantum mechanics, Astrophysics, Astronomy, Nuclear physics, Optics, Condensed matter physics, Computer science, Fermi Gamma-ray Space Telescope, Engineering, Gamma ray, Telescope, Galaxy, Particle physics, Chemistry, Organic chemistry, Computer vision, Stars, Mathematics, Telecommunications, Materials science, Electrical engineering, Dark matter, Detector"
G. M. Madejski,N/A,I97018004,"Physics, Quantum mechanics, Astrophysics, Astronomy, Nuclear physics, Optics, Galaxy, Gamma ray, Computer science, Blazar, Engineering, Chemistry, Materials science, Active galactic nucleus, Spectral line, Mathematics, Condensed matter physics, Fermi Gamma-ray Space Telescope, Aerospace engineering, Organic chemistry"
P. Segall,N/A,I97018004,"Geology, Seismology, Physics, Biology, Engineering, Paleontology, Geography, Thermodynamics, Materials science, Composite material, Computer science, Aerospace engineering, Geochemistry, Geodesy, Slip (aerodynamics), Civil engineering, Volcano, Tectonics, Quantum mechanics, Mathematics, Meteorology, Petrology"
Xiaolin Zheng,N/A,I97018004,"Physics, Chemistry, Materials science, Quantum mechanics, Engineering, Organic chemistry, Biology, Nanotechnology, Computer science, Metallurgy, Composite material, Physical chemistry, Optoelectronics, Biochemistry, Thermodynamics, Medicine, Chemical engineering, Electrical engineering, Optics, Mathematics"
M. L. Perl,N/A,I97018004,"Physics, Quantum mechanics, Nuclear physics, Particle physics, Mathematics, Computer science, Atomic physics, Optics, Electron, Engineering, Hadron, Chemistry, Lepton"
Dominik Fleischmann,N/A,I97018004,"Medicine, Internal medicine, Radiology, Surgery, Cardiology, Biology, Psychology, Computer science, Psychiatry, Physics, Pathology, Mathematics, Aorta, Nuclear medicine, Artificial intelligence, Engineering"
Latha Palaniappan,N/A,I97018004,"Medicine, Internal medicine, Pathology, Biology, Sociology, Political science, Law, Demography, Environmental health, Anthropology, Population, Gerontology, Ethnic group, Endocrinology, Mathematics, Statistics, Economics, Disease, Diabetes mellitus, Computer science, Economic growth, Surgery, Genetics, Health care, Psychology"
Suzan L. Carmichael,N/A,I97018004,"Medicine, Biology, Internal medicine, Genetics, Pathology, Sociology, Environmental health, Pregnancy, Demography, Mathematics, Statistics, Population, Obstetrics, Pediatrics, Confidence interval, Odds ratio, Computer science, Endocrinology, Surgery, Chemistry, Psychology, Biochemistry, Political science, Law"
Claire E. Wakefield,N/A,I97018004,"Medicine, Biology, Psychology, Internal medicine, Genetics, Cancer, Psychiatry, Pathology, Nursing, Sociology, Family medicine, Political science, Law, Psychotherapist, Economics, Clinical psychology, Childhood cancer, Environmental health, Gerontology, Computer science, Demography, Mathematics, Population, Developmental psychology, Economic growth"
Jeffrey Yao,N/A,I97018004,"Medicine, Biology, Internal medicine, Chemistry, Psychology, Surgery, Biochemistry, Anatomy, Pathology, Psychiatry, Endocrinology, Physics, Genetics, Computer science, Radiology, Neuroscience, Organic chemistry, Geology, Paleontology, Programming language"
Carol S. Dweck,N/A,I97018004,"Psychology, Social psychology, Computer science, Philosophy, Medicine, Developmental psychology, Epistemology, Sociology, Mathematics, Psychiatry, Biology, Political science, Cognitive psychology, Law"
Sylvia K. Plevritis,N/A,I97018004,"Biology, Medicine, Genetics, Internal medicine, Cancer, Chemistry, Pathology, Biochemistry, Cancer research, Oncology, Gene, Computer science, Immunology, Computational biology, Mathematics, Cell biology, Lung cancer, Physics"
Bradley Efron,N/A,I97018004,"Mathematics, Computer science, Statistics, Economics, Econometrics, Artificial intelligence, Machine learning, Medicine, Bayesian probability, Internal medicine, Biology, Philosophy"
Shripad Tuljapurkar,N/A,I97018004,"Sociology, Medicine, Demography, Environmental health, Population, Biology, Mathematics, Economics, Computer science, Ecology, Geography, Physics, Statistics, Genetics, Business, Econometrics, Political science, Law"
Éric F. Lambin,N/A,I97018004,"Biology, Geography, Ecology, Environmental science, Economics, Engineering, History, Archaeology, Computer science, Civil engineering, Land use, Geology, Political science, Business, Agriculture, Environmental resource management, Law, Medicine, Physics, Natural resource economics, Programming language, Agroforestry, Oceanography, Land cover, Deforestation (computer science)"
Britt Hedman,N/A,I97018004,"Chemistry, Physics, Organic chemistry, Materials science, Quantum mechanics, Biology, Biochemistry, Optics, Crystallography, Metallurgy, Absorption spectroscopy, Nuclear magnetic resonance, Genetics, Medicine, Inorganic chemistry, Enzyme, Composite material, Catalysis, Stereochemistry, X-ray absorption spectroscopy, Computer science, Internal medicine, Acoustics, Absorption (acoustics), Computational chemistry"
Heike E. Daldrup‐Link,N/A,I97018004,"Medicine, Biology, Internal medicine, Radiology, Genetics, Pathology, Chemistry, Magnetic resonance imaging, Physics, Surgery, Nuclear medicine, Biochemistry, Psychology, Immunology, Computer science, Neuroscience"
J. W. Harden,N/A,I97018004,"Geology, Biology, Environmental science, Ecology, Geography, Soil science, Soil water, Oceanography, Physics, Paleontology, Ecosystem, Engineering, History, Archaeology, Chemistry, Computer science, Organic chemistry, Soil carbon, Geotechnical engineering, Materials science, Mathematics, Hydrology (agriculture), Composite material, Permafrost, Forestry"
Alex Aiken,N/A,I97018004,"Computer science, Programming language, Operating system, Mathematics, Engineering, Algorithm, Theoretical computer science, Artificial intelligence, Biology, Parallel computing, Philosophy, Physics, Database, Economics, Set (abstract data type), Epistemology, Combinatorics, Distributed computing"
Thomas R. Insel,N/A,I97018004,"Psychology, Medicine, Biology, Neuroscience, Psychiatry, Internal medicine, Genetics, Endocrinology, Chemistry, Biochemistry, Computer science, Receptor, Psychotherapist"
Marco Pérez,N/A,I97018004,"Medicine, Internal medicine, Biology, Cardiology, Chemistry, Biochemistry, Pathology, Genetics, Computer science, Mathematics, Psychology, Gene, Atrial fibrillation, Statistics, Surgery"
Jeffrey Pfeffer,N/A,I97018004,"Economics, Political science, Business, Computer science, Psychology, Law, Management, Sociology, Philosophy, Physics, Mathematics, Social psychology, Quantum mechanics, Engineering, Public relations, Biology, Thermodynamics, Epistemology"
Larry Diamond,N/A,I97018004,"Political science, Law, Politics, Democracy, Economics, Sociology, Political economy, Philosophy, Development economics, History, Geography, Computer science"
Jef Caers,N/A,I97018004,"Computer science, Mathematics, Geology, Statistics, Engineering, Physics, Biology, Artificial intelligence, Geography, Machine learning, Paleontology, Data mining, Geotechnical engineering, Geometry, Algorithm, Economics, Quantum mechanics, Programming language, Petroleum engineering, Geomorphology"
José Blanchet,N/A,I97018004,"Mathematics, Computer science, Statistics, Physics, Economics, Mathematical optimization, Engineering, Quantum mechanics, Mathematical analysis, Applied mathematics, Programming language, Algorithm, Artificial intelligence, Machine learning, Biology, Philosophy, Chemistry, Business, Estimator, Operating system, Computer network, Electrical engineering, Telecommunications, Econometrics, Statistical physics"
Рената Каллош,N/A,I97018004,"Physics, Mathematics, Quantum mechanics, Mathematical physics, Theoretical physics, Particle physics, Supersymmetry, Astronomy, Geometry, Supergravity, Pure mathematics, Mathematical analysis, Computer science, Astrophysics, Classical mechanics, String theory, Inflation (cosmology), Combinatorics"
Oussama Khatib,N/A,I97018004,"Computer science, Artificial intelligence, Engineering, Robot, Physics, Economics, Management, Quantum mechanics, Control (management), Mathematics, Control engineering, Classical mechanics, Operating system, Simulation, Computer vision, Control theory (sociology), Programming language, Biology, Robotics, Thermodynamics, Human–computer interaction, Mechanical engineering, Mobile robot"
John B. Shoven,N/A,I97018004,"Economics, Business, Political science, Law, Market economy, Finance, Macroeconomics, Computer science, Mathematics, Microeconomics, Monetary economics, Social security, Public economics, Sociology, Accounting, Medicine, Labour economics, Actuarial science"
Ernest R. Hilgard,N/A,I97018004,"Psychology, Medicine, Philosophy, Cognitive psychology, Biology, Computer science, Psychoanalysis, Pathology, Alternative medicine, Hypnosis, Mathematics, Epistemology"
Anthony M. Norcia,N/A,I97018004,"Psychology, Biology, Computer science, Neuroscience, Medicine, Artificial intelligence, Physics, Computer vision, Cognitive psychology, Optics, Philosophy, Mathematics, Epistemology, Perception, Audiology, Psychiatry, Quantum mechanics, Ophthalmology, Sociology, Visual cortex, Engineering, Electroencephalography, Psychotherapist"
James Chen,N/A,I97018004,"Biology, Chemistry, Genetics, Biochemistry, Medicine, Gene, Computer science, Physics, Internal medicine, Cell biology, Engineering, Organic chemistry"
Jennifer S Lin,N/A,I97018004,"Biology, Medicine, Computer science, Internal medicine, Pathology, Genetics, Chemistry, Biochemistry, Psychology, Database, Data mining, Table (database), Political science, Physics, Law, Mathematics, Cancer, Psychiatry"
Juan C. Fernandez‐Miranda,N/A,I97018004,"Medicine, Biology, Surgery, Anatomy, Radiology, Internal medicine, Geology, Pathology, Paleontology, Skull, Psychology, Neuroscience, Psychiatry"
R. Bassiri,N/A,I97018004,"Physics, Quantum mechanics, Engineering, Astronomy, Optics, Computer science, Astrophysics, Gravitational wave, Mathematics, Electrical engineering, Telecommunications, Detector, Binary number, Arithmetic, LIGO, Classical mechanics, Neutron star, Materials science, Theoretical physics, Mathematical physics, Interferometry, General relativity, Chemistry, Electronic engineering, Geography"
Nicholas Bambos,N/A,I97018004,"Computer science, Engineering, Mathematics, Computer network, Operating system, Telecommunications, Economics, Physics, Mathematical optimization, Quantum mechanics, Wireless, Statistics, Distributed computing, Electrical engineering, Programming language, Artificial intelligence, Computer security, Thermodynamics, Power (physics), Management, Biology, Wireless network, Operations management, Machine learning, Network packet"
Joseph L. Wooden,N/A,I97018004,"Geology, Biology, Paleontology, Geochemistry, Physics, Seismology, Tectonics, Nuclear physics, Zircon, Petrology, Geophysics, Geography, Materials science, Geomorphology, Metallurgy, History, Archaeology, Mantle (geology), Structural basin, Chemistry, Crust, Volcano, Subduction, Basalt, Composite material"
Kuniaki Takahashi,N/A,I97018004,"Medicine, Biology, Internal medicine, Psychology, Chemistry, Psychiatry, Cardiology, Surgery, Physics, Engineering, Myocardial infarction, Pathology, Mathematics, Computer science, Percutaneous coronary intervention, Materials science, Radiology"
Yan Zhuge,N/A,I97018004,"Engineering, Materials science, Composite material, Physics, Structural engineering, Thermodynamics, Chemistry, Biology, Geography, Computer science, Organic chemistry, Geology, History, Archaeology, Metallurgy, Mathematics, Civil engineering, Quantum mechanics, Cement, Geotechnical engineering, Fibre-reinforced plastic, Compressive strength, Algorithm"
Pamela A. Matson,N/A,I97018004,"Biology, Ecology, Environmental science, Geography, Geology, Medicine, Chemistry, Physics, Organic chemistry, Psychology, Economics, Computer science, Political science, Sociology, Law, History, Archaeology, Quantum mechanics, Ecosystem, Pathology, Mathematics"
Peter Wadhams,N/A,I97018004,"Geology, Oceanography, Geography, Physics, Meteorology, Climatology, Biology, Sea ice, Ecology, Arctic, Engineering, Arctic ice pack, Environmental science, Cryosphere, Computer science, Sea ice thickness, Quantum mechanics, Antarctic sea ice, Drift ice, History, Thermodynamics, Geomorphology, The arctic, Archaeology"
Vinod Menon,N/A,I97018004,"Psychology, Biology, Medicine, Neuroscience, Psychiatry, Cognition, Cognitive psychology, Computer science, Radiology, Functional magnetic resonance imaging, Internal medicine, Artificial intelligence, Mathematics, Developmental psychology, Philosophy, Endocrinology, Functional connectivity"
Tina Hernandez‐Boussard,N/A,I97018004,"Medicine, Internal medicine, Biology, Pathology, Computer science, Political science, Law, Genetics, Surgery, Economics, Psychology, Mathematics, Statistics, Economic growth, Health care, Chemistry, Biochemistry, Psychiatry, Cancer, Machine learning, Nursing, Sociology"
Daphne Koller,N/A,I97018004,"Computer science, Artificial intelligence, Mathematics, Statistics, Philosophy, Machine learning, Programming language, Biology, Epistemology, Engineering, Physics, Genetics, Chemistry, Economics, Theoretical computer science, Algorithm, Linguistics, Psychology, Probabilistic logic, Biochemistry, Medicine"
Hanlee P. Ji,N/A,I97018004,"Biology, Genetics, Chemistry, Biochemistry, Gene, Medicine, Internal medicine, Computational biology, Cancer, Genome, Cancer research, DNA, Pathology, DNA sequencing, Immunology, Computer science"
Hiroyuki Inoue,N/A,I97018004,"Biology, Chemistry, Medicine, Biochemistry, Organic chemistry, Physics, Genetics, Internal medicine, Engineering, Geology, Materials science, Nuclear magnetic resonance, Gene, Enzyme, Paleontology, Endocrinology, Pathology, Surgery"
J. A. S. Smith,N/A,I97018004,"Physics, Chemistry, Quantum mechanics, Organic chemistry, Nuclear magnetic resonance, Computer science, Atomic physics, Biology, Materials science, Particle physics, Quadrupole, Engineering, Condensed matter physics, Resonance (particle physics), Mathematics, Nuclear physics, Political science, Nuclear quadrupole resonance, Law"
Juan J. Alonso,N/A,I97018004,"Computer science, Engineering, Physics, Aerospace engineering, Mathematics, Thermodynamics, Mechanics, Quantum mechanics, Mathematical optimization, Geography, Mechanical engineering, Programming language, Aerodynamics, Geometry"
Gretchen C. Daily,N/A,I97018004,"Biology, Ecology, Geography, Environmental science, Economics, Business, Geology, Environmental resource management, History, Ecosystem, Archaeology, Political science, Ecosystem services, Law, Computer science, Medicine, Sociology, Paleontology, Biodiversity, Natural resource economics, Habitat, Engineering, Environmental health"
Michael Salerno,N/A,I97018004,"Medicine, Internal medicine, Cardiology, Radiology, Psychology, Biology, Psychiatry, Computer science, Mathematics, Physics, Magnetic resonance imaging, Engineering, Pathology, Artificial intelligence, Heart failure, Surgery, Nuclear medicine, Chemistry"
Mary T. Hawn,N/A,I97018004,"Medicine, Surgery, Internal medicine, Biology, Pathology, Psychology, General surgery, Mathematics, Computer science, Psychiatry, Statistics, Radiology, Political science, Law"
Jonathan F. Stebbins,N/A,I97018004,"Chemistry, Physics, Organic chemistry, Materials science, Quantum mechanics, Astronomy, Geology, Metallurgy, Engineering, Biology, Composite material, Mineralogy, Nuclear magnetic resonance, Chemical engineering, Environmental chemistry, Chromatography, Analytical Chemistry (journal), Crystallography, Spectral line, Silicate, Biochemistry, Stereochemistry, Thermodynamics, Nuclear magnetic resonance spectroscopy, Catalysis"
T. H. Geballe,N/A,I97018004,"Physics, Quantum mechanics, Materials science, Condensed matter physics, Chemistry, Organic chemistry, Superconductivity, Engineering, Metallurgy, Optoelectronics, Composite material, Crystallography, Electrical engineering, Optics, Nanotechnology, Thermodynamics, Nuclear physics, Computer science"
Catherine Benedict,N/A,I97018004,"Psychology, Medicine, Biology, Internal medicine, Computer science, Psychiatry, Genetics"
David Goldhaber‐Gordon,N/A,I97018004,"Physics, Quantum mechanics, Materials science, Engineering, Condensed matter physics, Nanotechnology, Nuclear physics, Chemistry, Electrical engineering, Electron, Optoelectronics, Organic chemistry, Mathematics, Chemical engineering, Composite material, Computer science, Optics, Graphene, Thermodynamics, Biology, Magnetic field"
Noah S. Diffenbaugh,N/A,I97018004,"Geology, Environmental science, Geography, Biology, Physics, Oceanography, Ecology, Climatology, Climate change, Meteorology, Atmospheric sciences, Precipitation, History, Mathematics, Computer science, Engineering, Economics, Archaeology, Chemistry"
Joseph M. Kahn,N/A,I97018004,"Computer science, Engineering, Physics, Telecommunications, Electrical engineering, Electronic engineering, Optics, Quantum mechanics, Mathematics, Computer network, Materials science, Statistics, Channel (broadcasting), Optoelectronics, Algorithm, Decoding methods, Chemistry, Laser, Operating system, Organic chemistry, Philosophy, Optical fiber, Bandwidth (computing), Multiplexing, Acoustics"
J.D. Plummer,N/A,I97018004,"Physics, Materials science, Quantum mechanics, Optoelectronics, Engineering, Chemistry, Organic chemistry, Electrical engineering, Metallurgy, Computer science, Thermodynamics, Silicon, Composite material, Voltage, Nanotechnology, Transistor, Electronic engineering, Condensed matter physics, Mathematics, Operating system, Layer (electronics), Doping, Environmental chemistry, Chromatography, Analytical Chemistry (journal)"
Louis J. Durlofsky,N/A,I97018004,"Mathematics, Computer science, Physics, Engineering, Geology, Quantum mechanics, Thermodynamics, Geography, Biology, Geometry, Mathematical optimization, Algorithm, Mechanics, Petroleum engineering, Chemistry, Statistics, Flow (mathematics), Machine learning, Artificial intelligence, Reservoir simulation, Geotechnical engineering, Materials science, Organic chemistry, Paleontology, Composite material"
Sara J. Singer,N/A,I97018004,"Medicine, Political science, Economics, Law, Economic growth, Health care, Psychology, Computer science, Business, Nursing, Biology, Physics, Management, Mathematics, Engineering, Pathology, Family medicine, Philosophy, Sociology, Psychiatry, Quantum mechanics, Statistics, Public relations"
Maysam Ghovanloo,N/A,I97018004,"Computer science, Engineering, Physics, Electrical engineering, Operating system, Telecommunications, Quantum mechanics, Materials science, Electronic engineering, Thermodynamics, Medicine, Wireless, Biology, Power (physics), Optoelectronics, Computer network, Psychology, Chemistry, Mathematics, Philosophy, Voltage, Artificial intelligence, CMOS, Acoustics, Linguistics"
Robert W. Shafer,N/A,I97018004,"Medicine, Biology, Genetics, Virology, Immunology, Family medicine, Human immunodeficiency virus (HIV), Chemistry, Biochemistry, Virus, Gene, Viral load, Antiretroviral therapy, Microbiology, Internal medicine, Drug resistance, Polymerase chain reaction, RNA, Reverse transcriptase, Pathology, Viral disease, Pharmacology, Psychology, Mutation, Computer science"
Benjamin I. Chung,N/A,I97018004,"Medicine, Biology, Internal medicine, Genetics, Pathology, Surgery, Cancer, Mathematics, Endocrinology, Statistics, Radiology, Urology, Sociology, Oncology, Computer science, Demography, General surgery, Physics, Environmental health, Psychology, Cohort, Prostate cancer, Population, Kidney, Prostate"
David M. Studdert,N/A,I97018004,"Medicine, Political science, Law, Economics, Business, Psychology, Computer science, Pathology, Biology, Sociology, Internal medicine, Economic growth, Mathematics, Health care, Finance, Family medicine, Philosophy, Malpractice, Nursing, Medical emergency, Statistics, Accounting"
Michelle M. Mello,N/A,I97018004,"Medicine, Political science, Law, Economics, Business, Computer science, Biology, Psychology, Pathology, Economic growth, Health care, Finance, Nursing, Internal medicine, Sociology, Accounting, Mathematics, Liability, Family medicine, Malpractice, Philosophy, Psychiatry"
Richard J. Shavelson,N/A,I97018004,"Psychology, Mathematics, Computer science, Mathematics education, Sociology, Political science, Economics, Philosophy, Pedagogy, Law, Statistics, Medicine, Engineering, Biology, Developmental psychology, Epistemology, Physics"
S. L. Klemperer,N/A,I97018004,"Geology, Seismology, Biology, Paleontology, Physics, Tectonics, Geophysics, Geochemistry, Geography, Engineering, Computer science, Mantle (geology), Crust, Geomorphology, Lithosphere, Structural basin"
Ron O. Dror,N/A,I97018004,"Biology, Chemistry, Biochemistry, Computer science, Medicine, Genetics, Physics, Internal medicine, Receptor, Cell biology, Mathematics, Quantum mechanics, Organic chemistry, Computational biology, Psychology, Engineering, Biophysics, Signal transduction, Artificial intelligence, Programming language"
Thomas G. Plante,N/A,I97018004,"Psychology, Medicine, Philosophy, Political science, Sociology, Social psychology, Law, Psychotherapist, Clinical psychology, Psychiatry, Theology, Biology, Computer science, Epistemology"
Reinhold H. Dauskardt,N/A,I97018004,"Materials science, Chemistry, Physics, Engineering, Composite material, Organic chemistry, Quantum mechanics, Biology, Nanotechnology, Thermodynamics, Metallurgy, Chemical engineering, Optoelectronics, Electrical engineering, Geology, Computer science, Paleontology, Layer (electronics), Medicine, Nuclear magnetic resonance, Crystallography, Physical chemistry, Geotechnical engineering, Polymer, Structural engineering"
Dan Jurafsky,N/A,I97018004,"Computer science, Artificial intelligence, Philosophy, Linguistics, Natural language processing, Mathematics, Psychology, Political science, Law, Engineering, Physics, Biology, Epistemology, Economics, Programming language, Geography, Machine learning, Sociology, History, Statistics, Archaeology, Quantum mechanics, Speech recognition"
Lexing Ying,N/A,I97018004,"Mathematics, Computer science, Physics, Algorithm, Quantum mechanics, Mathematical analysis, Applied mathematics, Artificial intelligence, Mathematical optimization, Geometry, Engineering, Biology, Programming language, Chemistry, Machine learning, Pure mathematics, Statistics, Optics, Genetics, Philosophy, Computer vision"
O.D. Sherby,N/A,I97018004,"Materials science, Metallurgy, Composite material, Chemistry, Physics, Organic chemistry, Thermodynamics, Crystallography, Microstructure, Alloy, Engineering, Creep, Quantum mechanics, Geology, Mathematics, Superplasticity, Computer science, Biology, Geography, Strain rate, Meteorology"
Joel H. Ferziger,N/A,I97018004,"Physics, Mechanics, Thermodynamics, Mathematics, Geography, Quantum mechanics, Engineering, Meteorology, Computer science, Turbulence, Geometry, Aerospace engineering, Flow (mathematics), Geology, Mathematical analysis, Statistical physics, Classical mechanics"
R. F. W. Pease,N/A,I97018004,"Physics, Materials science, Quantum mechanics, Engineering, Optics, Chemistry, Optoelectronics, Composite material, Organic chemistry, Computer science, Nanotechnology, Electrical engineering, Layer (electronics), Medicine, Pathology, Nuclear physics, Mathematics, Electron, Fabrication, Alternative medicine, Resist, Metallurgy, Telecommunications, Art, Visual arts"
Masud Behnia,N/A,I97018004,"Physics, Thermodynamics, Engineering, Mechanics, Quantum mechanics, Geography, Materials science, Mechanical engineering, Meteorology, Mathematics, Computer science, Biology, Heat transfer, Environmental science, Aerospace engineering, Geology, Geometry, Electrical engineering, Composite material, Chemistry, Ecology, Medicine, Turbulence"
Lambertus Hesselink,N/A,I97018004,"Physics, Quantum mechanics, Optics, Materials science, Engineering, Computer science, Optoelectronics, Mathematics, Electrical engineering, Chemistry, Geometry, Holography, Thermodynamics, Organic chemistry, Operating system, Programming language, Artificial intelligence, Mechanical engineering, Biology, Composite material, Photorefractive effect, Telecommunications"
Noah A. Rosenberg,N/A,I97018004,"Biology, Genetics, Chemistry, Biochemistry, Gene, Medicine, Sociology, Evolutionary biology, Mathematics, Demography, Environmental health, Population, Computer science, Statistics, Allele, Genotype, Artificial intelligence, Phylogenetic tree, Combinatorics, Phylogenetics, Mathematical analysis, Philosophy, Coalescent theory, Tree (set theory)"
H. Craig Heller,N/A,I97018004,"Biology, Medicine, Internal medicine, Psychology, Neuroscience, Endocrinology, Computer science, Chemistry, Programming language, Biochemistry, Psychiatry, Physics, Genetics, Circadian rhythm, Operating system, Philosophy, Sleep (system call), Ecology, Art"
Jonathan K. Pritchard,N/A,I97018004,"Biology, Genetics, Chemistry, Biochemistry, Gene, Medicine, Computational biology, Computer science, Sociology, Environmental health, Demography, Population, Evolutionary biology, Genotype, Single-nucleotide polymorphism, Genome, Allele, Gene expression"
Mehdi Asheghi,N/A,I97018004,"Physics, Materials science, Quantum mechanics, Thermodynamics, Engineering, Chemistry, Composite material, Organic chemistry, Geography, Meteorology, Electrical engineering, Optoelectronics, Nanotechnology, Metallurgy, Thermal, Mechanics, Thermal conductivity, Optics, Computer science, Heat transfer, Mechanical engineering, Condensed matter physics, Mathematics, Physical chemistry, Layer (electronics)"
Kawin Setsompop,N/A,I97018004,"Computer science, Physics, Medicine, Artificial intelligence, Radiology, Computer vision, Engineering, Quantum mechanics, Mathematics, Magnetic resonance imaging, Psychology, Optics, Electrical engineering, Biology, Algorithm, Telecommunications, Cognitive psychology, Nuclear magnetic resonance, Neuroscience, Statistics, Image (mathematics), Materials science, Nuclear medicine, Diffusion MRI"
Jay Bhattacharya,N/A,I97018004,"Medicine, Economics, Political science, Law, Biology, Internal medicine, Business, Sociology, Pathology, Psychology, Computer science, Economic growth, Mathematics, Environmental health, Demography, Health care, Statistics, Population, Psychiatry"
Robert Dale,N/A,I97018004,"Computer science, Artificial intelligence, Philosophy, Natural language processing, Biology, Linguistics, Mathematics, Geography, Programming language, Geology, Psychology, Engineering, Paleontology, History, Operating system, Political science, Archaeology, Law, Physics"
Rodolfo Dirzo,N/A,I97018004,"Biology, Ecology, Geography, Geology, Paleontology, Botany, Medicine, Environmental science, Sociology, Environmental health, Biodiversity, Habitat, Demography, Population, Computer science, History, Ecosystem, Archaeology"
Beverley McKeon,N/A,I97018004,"Physics, Mechanics, Thermodynamics, Geography, Mathematics, Meteorology, Turbulence, Engineering, Geometry, Quantum mechanics, Aerospace engineering, Mathematical analysis, Computer science, Flow (mathematics), Classical mechanics, Reynolds number, Materials science, Geology, Pure mathematics, Boundary layer, Resolvent, Composite material, Chemistry"
B. Richter,N/A,I97018004,"Physics, Quantum mechanics, Nuclear physics, Particle physics, Engineering, Computer science, Mathematics, Optics, Atomic physics, Hadron, Economics"
Darrell Duffie,N/A,I97018004,"Economics, Business, Finance, Computer science, Mathematics, Macroeconomics, Financial economics, Econometrics, Political science, Law, Monetary economics, Statistics, Financial system, Microeconomics, Physics, Actuarial science, Computer security"
Dustin M. Schroeder,N/A,I97018004,"Geology, Geography, Physics, Engineering, Computer science, Biology, Oceanography, Telecommunications, Remote sensing, Aerospace engineering, Radar, Meteorology, Geomorphology, Paleontology, Cartography, Physical geography, Quantum mechanics, Climatology, Depth sounding, Glacier, Ice sheet, Sea ice, Mathematics, Astronomy, Cryosphere"
Curtis W. Frank,N/A,I97018004,"Chemistry, Materials science, Physics, Organic chemistry, Composite material, Engineering, Biology, Quantum mechanics, Nuclear magnetic resonance, Chemical engineering, Polymer, Polymer chemistry, Biochemistry, Nanotechnology, Optics, Physical chemistry, Copolymer, Thermodynamics, Genetics, Computer science, Monomer, Medicine"
Gio Wiederhold,N/A,I97018004,"Computer science, Engineering, Programming language, Operating system, Database, Mathematics, Political science, Law, Artificial intelligence, Philosophy, Information retrieval, Economics, World Wide Web, Data mining, Geography, Linguistics"
Neil Malhotra,N/A,I97018004,"Political science, Law, Computer science, Mathematics, Biology, Economics, Medicine, Psychology, Politics, Statistics, Sociology, Geography, Philosophy, Social psychology, Virology, Replication (statistics), History, Archaeology"
Kai Lai Chung,N/A,I97018004,"Mathematics, Computer science, Statistics, Physics, Economics, Mathematical analysis, Quantum mechanics, Philosophy, Pure mathematics, Mathematical economics, Combinatorics, Machine learning"
G. Vianello,N/A,I97018004,"Physics, Astrophysics, Quantum mechanics, Astronomy, Condensed matter physics, Fermi Gamma-ray Space Telescope, Computer science, Optics, Nuclear physics, Gamma-ray burst, Gamma ray, Galaxy, Engineering, Telescope, Mathematics"
Erik Brynjolfsson,N/A,I97018004,"Computer science, Economics, Business, Political science, Law, Mathematics, Operating system, Engineering, Statistics, Macroeconomics, Market economy, Physics, Economic growth, Marketing, Microeconomics, Industrial organization, World Wide Web, Philosophy, Productivity, Biology, Quantum mechanics, Artificial intelligence, Thermodynamics"
Korey K. Hood,N/A,I97018004,"Medicine, Biology, Endocrinology, Diabetes mellitus, Internal medicine, Psychology, Type 1 diabetes, Type 2 diabetes, Psychiatry, Biotechnology, Insulin, Psychotherapist, Nursing, Glycemic, Pathology, Economics, Clinical psychology, Political science, Mathematics, Law, Statistics, Computer science, Sociology, Gerontology, Surgery"
Jonathan H. Chen,N/A,I97018004,"Medicine, Computer science, Biology, Internal medicine, Political science, Economics, Law, Artificial intelligence, Psychology, Mathematics, Pathology, Chemistry, Statistics, Physics, Machine learning, Surgery, Biochemistry, Economic growth, Health care"
Ye Wei,N/A,I97018004,"Biology, Medicine, Internal medicine, Genetics, Cancer, Colorectal cancer, Chemistry, Biochemistry, Surgery, Pathology, Oncology, Gene, Cancer research, Gastroenterology, Immunology, Mathematics, Computer science, Statistics"
Anthony D. Wagner,N/A,I97018004,"Psychology, Biology, Neuroscience, Medicine, Psychiatry, Cognitive psychology, Cognition, Computer science, Philosophy, Internal medicine, Linguistics, Artificial intelligence, Endocrinology, Cognitive science, Episodic memory, Radiology"
Stephen G. Monismith,N/A,I97018004,"Geology, Oceanography, Physics, Biology, Geography, Ecology, Thermodynamics, Mechanics, Engineering, Fishery, Environmental science, Meteorology, Quantum mechanics, Mathematics, Turbulence, Optics, Geometry, Aerospace engineering, Botany, Chemistry, History, Archaeology, Geotechnical engineering, Flow (mathematics)"
Utkan Demirci,N/A,I97018004,"Biology, Medicine, Chemistry, Materials science, Genetics, Nanotechnology, Physics, Engineering, Biochemistry, Computer science, Pathology, Internal medicine, Quantum mechanics, Cell biology, Thermodynamics, Organic chemistry, Microfluidics, Gene, Electrical engineering, Biomedical engineering"
Thomas P. Andriacchi,N/A,I97018004,"Medicine, Biology, Surgery, Anatomy, Physical medicine and rehabilitation, Pathology, Physical therapy, Physics, Alternative medicine, Physiology, Radiology, Osteoarthritis, Engineering, Orthodontics, Quantum mechanics, Gait, Knee Joint, Classical mechanics, Computer science, Internal medicine, Geology, Kinematics, Psychology, Mathematics, Thermodynamics"
John B. Taylor,N/A,I97018004,"Economics, Macroeconomics, Keynesian economics, Monetary economics, Business, Monetary policy, Political science, Mathematics, Computer science, Finance, Law, Physics, Quantum mechanics, Philosophy, Econometrics"
David B. Larson,N/A,I97018004,"Medicine, Psychology, Psychiatry, Political science, Biology, Law, Computer science, Economics, Philosophy, Physics, Sociology, Psychotherapist, Pathology, Mathematics, Radiology, Internal medicine"
Ira D. Glick,N/A,I97018004,"Psychology, Medicine, Psychiatry, Computer science, Biology, Psychotherapist, Political science, Law, Internal medicine, Programming language, Schizophrenia (object-oriented programming), Economics, Pathology, Clinical psychology, Nursing, Sociology, Mathematics"
Abbas El Gamal,N/A,I97018004,"Computer science, Engineering, Mathematics, Physics, Electrical engineering, Telecommunications, Quantum mechanics, Computer network, Statistics, Algorithm, Artificial intelligence, Operating system, Electronic engineering, Combinatorics, Computer vision, Thermodynamics, Materials science, Channel (broadcasting), Mathematical analysis, Sociology, Programming language, Social science, Optics, Coding (social sciences), Biology"
Philippe C. Schmitter,N/A,I97018004,"Political science, Law, Politics, Economics, Sociology, Philosophy, Democracy, Business, Computer science, Political economy"
Todd H. Wagner,N/A,I97018004,"Medicine, Internal medicine, Biology, Psychology, Pathology, Political science, Law, Economics, Psychiatry, Surgery, Economic growth, Health care, Computer science, Mathematics, Nursing, Family medicine, Statistics, Business, Veterans Affairs, Sociology, Genetics"
Hans Ulrich Gumbrecht,N/A,I97018004,"Philosophy, Art, Political science, Humanities, Computer science, History, Epistemology"
William Stafford,N/A,I97018004,"History, Philosophy, Biology, Art, Geography, Computer science, Political science, Physics, Law, Engineering, Linguistics"
Edward P. Lazear,N/A,I97018004,"Economics, Business, Political science, Law, Labour economics, Market economy, Mathematics, Microeconomics, Computer science, Economic growth, Macroeconomics, Psychology, Engineering, Philosophy, Sociology"
Seiji Nishino,N/A,I97018004,"Medicine, Biology, Psychology, Neuroscience, Psychiatry, Internal medicine, Pharmacology, Genetics, Endocrinology, Modafinil, Neurology, Chemistry, Narcolepsy, Biochemistry, Cognition, Receptor, Insomnia, Sleep disorder, Computer science, Cataplexy, Neuropeptide, Orexin, Pathology, Electroencephalography, Programming language"
Richard L. Popp,N/A,I97018004,"Medicine, Internal medicine, Cardiology, Radiology, Surgery, Biology, Physics, Endocrinology, Blood pressure, Computer science, Engineering, Diastole, Acoustics"
Roy Pea,N/A,I97018004,"Computer science, Psychology, Mathematics, Sociology, Mathematics education, Engineering, Philosophy, Biology, Political science, Law, Pedagogy, Artificial intelligence, Operating system, Human–computer interaction, Epistemology, Multimedia, World Wide Web, Programming language, Physics, Medicine"
John K. Ratliff,N/A,I97018004,"Medicine, Surgery, Biology, Internal medicine, Radiology, Pathology, Psychology, Psychiatry, Mathematics, Physics, Statistics, Anatomy, Computer science, Political science, Law, Genetics, Economics, Sociology, Neuroscience, Anesthesia, Retrospective cohort study"
Alfredo Dubra,N/A,I97018004,"Physics, Optics, Biology, Medicine, Ophthalmology, Chemistry, Biochemistry, Botany, Retinal, Psychology, Neuroscience, Computer science, Astronomy, Adaptive optics, Retina, Radiology, Mathematics, Artificial intelligence, Optical coherence tomography, Quantum mechanics, Genetics, Computer vision, Engineering, Materials science, Scanning laser ophthalmoscopy"
T. L. Duvall,N/A,I97018004,"Physics, Quantum mechanics, Magnetic field, Geology, Geography, Astronomy, Computer science, Astrophysics, Helioseismology, Mathematics, Optics, Meteorology, Geometry, Biology, Computer vision, Geodesy, Mechanics, Engineering"
Elizabeth C. Mormino,N/A,I97018004,"Medicine, Biology, Psychology, Internal medicine, Neuroscience, Pathology, Disease, Psychiatry, Cognition, Dementia, Chemistry, Alzheimer's disease, Radiology, Genetics, Biochemistry, Mathematics, Cognitive impairment, Endocrinology, Nuclear medicine, Computer science, Statistics, Cognitive decline"
George Ś. Springer,N/A,I97018004,"Materials science, Physics, Engineering, Composite material, Computer science, Mathematics, Chemistry, Organic chemistry, Thermodynamics, Quantum mechanics, Biology, Algorithm, Composite number, Structural engineering, Geology, Geography, Metallurgy"
Sidney D. Drell,N/A,I97018004,"Physics, Nuclear physics, Quantum mechanics, Political science, Particle physics, Law, Computer science, Engineering, Mathematics, Atomic physics, Optics"
Emmanuel J. Candès,N/A,I97018004,"Computer science, Mathematics, Artificial intelligence, Algorithm, Physics, Statistics, Mathematical analysis, Philosophy, Geometry, Machine learning, Quantum mechanics, Chemistry, Epistemology, Programming language, Biology, Economics, Combinatorics, Computer vision, Engineering, Econometrics, Genetics, Biochemistry, Mathematical optimization, Gene"
Sung Won Kim,N/A,I97018004,"Computer science, Engineering, Operating system, Computer network, Telecommunications, Mathematics, Computer security, Biology, Electrical engineering, Wireless, Medicine, Physics, Artificial intelligence, Embedded system, Pathology, Economics, Quantum mechanics, Statistics, Genetics"
A. M. Gabareen,N/A,I97018004,"Physics, Particle physics, Quantum mechanics, Nuclear physics, Chemistry, Hadron, Mathematics, Atomic physics, Organic chemistry, Optics, Branching fraction, Meson, Electron–positron annihilation, Computer science, Chromatography"
Jeffrey T. Hancock,N/A,I97018004,"Computer science, Psychology, Political science, Law, Social psychology, Philosophy, Sociology, Biology, Linguistics, World Wide Web, Medicine, Physics, Epistemology, Social science, Communication, Mathematics, Artificial intelligence, Internet privacy, Operating system, Deception, Art, Quantum mechanics, Geography, Economics, Engineering"
Trisha Suppes,N/A,I97018004,"Psychology, Medicine, Psychiatry, Biology, Internal medicine, Neuroscience, Clinical psychology, Endocrinology, Cognition, Social psychology, Mood, Lithium (medication), Bipolar disorder, Pathology, Mania, Computer science, Economics, Macroeconomics, Keynesian economics, Depression (economics), Programming language, Schizophrenia (object-oriented programming), Anxiety, Surgery, Epilepsy"
Jeremy N. Bailenson,N/A,I97018004,"Computer science, Psychology, Artificial intelligence, Human–computer interaction, Operating system, Philosophy, Virtual reality, Social psychology, Biology, Sociology, Physics, Political science, Medicine, Cognitive psychology, Epistemology, Law, Linguistics, Mathematics, Engineering, Art, Neuroscience, Social science, Computer vision, Communication, Economics"
Pascal Geldsetzer,N/A,I97018004,"Medicine, Pathology, Biology, Sociology, Environmental health, Internal medicine, Demography, Mathematics, Economics, Statistics, Political science, Law, Psychology, Population, Nursing, Economic growth, Geography, Computer science, Family medicine, Psychiatry, Virology, Disease, Endocrinology, Gerontology, Health care"
Jon A. Krosnick,N/A,I97018004,"Psychology, Political science, Law, Computer science, Social psychology, Mathematics, Sociology, Economics, Philosophy, Politics, Statistics, Biology, Medicine, Business, Physics"
T. Sands,N/A,I97018004,"Physics, Materials science, Quantum mechanics, Chemistry, Engineering, Nanotechnology, Composite material, Optoelectronics, Organic chemistry, Optics, Electrical engineering, Metallurgy, Condensed matter physics, Layer (electronics), Thermodynamics, Chemical engineering, Biology, Crystallography, Computer science, Thin film, Geology, Epitaxy"
Paul H. Wise,N/A,I97018004,"Medicine, Political science, Law, Biology, Economics, Psychology, Internal medicine, Computer science, Pathology, Sociology, Economic growth, Environmental health, Nursing, Psychiatry, Demography, Genetics, Population"
Jack L. Goldsmith,N/A,I136199984,"Political science, Law, Philosophy, Linguistics, Epistemology, Statement (logic), Business, Economics, Computer science, Database, Biology, Finance, Biotechnology, Executive summary, Agreement, Geography, History, Accounting, Archaeology, Library science, Management"
George Lauder,N/A,I136199984,"Biology, Computer science, Fishery, Fish <Actinopterygii>, Environmental science, Trout"
Christopher J. McDougle,N/A,I136199984,"Psychology, Medicine, Biology, Computer science, Psychiatry, Internal medicine"
B Bernstein,N/A,I136199984,Computer science
Andrew T. Chan,N/A,I136199984,"Medicine, Biology, Internal medicine, Genetics, Cancer, Chemistry, Biochemistry, Colorectal cancer, Pathology, Mathematics, Oncology, Statistics, Surgery, Gene, Computer science, Endocrinology, Gastroenterology, Confidence interval"
Kosuke Imai,N/A,I136199984,"Computer science, Mathematics, Statistics, Medicine, Biology, Economics, Replication (statistics), Virology"
Carlos A. Camargo,N/A,I136199984,"Medicine, Internal medicine, Biology, Psychology, Psychiatry, Pathology, Immunology, Mathematics, Statistics, Nursing, Surgery, Emergency department, Emergency medicine, Genetics, Pediatrics, Asthma, Chemistry, Endocrinology, Sociology, Environmental health, Biochemistry, Political science, Law, Medical emergency, Computer science"
Rohit Kulkarni,N/A,I136199984,Computer science
Gad Getz,N/A,I136199984,"Biology, Genetics, Medicine, Chemistry, Internal medicine, Biochemistry, Gene, Cancer, Cancer research, Immunology, Computational biology, Pathology, Mutation, Oncology, Computer science"
David C. Christiani,N/A,I136199984,"Medicine, Biology, Internal medicine, Genetics, Chemistry, Pathology, Biochemistry, Mathematics, Gene, Oncology, Statistics, Lung cancer, Environmental health, Genotype, Surgery, Philosophy, Computer science, Cancer, Organic chemistry"
Peter Kraft,N/A,I136199984,"Biology, Genetics, Medicine, Internal medicine, Chemistry, Biochemistry, Gene, Cancer, Genotype, Pathology, Single-nucleotide polymorphism, Oncology, Genome-wide association study, Mathematics, Statistics, Computer science, Sociology, Breast cancer, Endocrinology, Demography, Genetic association"
Ronald C. Kessler,N/A,I136199984,"Psychology, Medicine, Psychiatry, Clinical psychology, Psychotherapist, Pathology, Internal medicine, Environmental health, Sociology, Mental health, Biology, Demography, Anxiety, Nursing, Population, Economics, Mathematics, Political science, Computer science, Law, Statistics, Epidemiology, Social psychology, Comorbidity, Public health"
Susan Redline,N/A,I136199984,"Medicine, Biology, Internal medicine, Psychology, Psychiatry, Pathology, Computer science, Neuroscience, Anesthesia, Cardiology, Endocrinology, Programming language, Mathematics, Statistics, Operating system, Sleep (system call), Sociology, Apnea, Genetics, Obstructive sleep apnea, Chemistry, Electroencephalography, Demography, Polysomnography, Biochemistry"
E. J. Corey,N/A,I136199984,"Chemistry, Organic chemistry, Biology, Biochemistry, Stereochemistry, Catalysis, Combinatorial chemistry, Computer science, Physics, Materials science, Enantioselective synthesis, Medicine, Political science, Law"
George M. Whitesides,N/A,I136199984,"Chemistry, Physics, Materials science, Organic chemistry, Biology, Quantum mechanics, Nanotechnology, Biochemistry, Engineering, Computer science, Composite material, Physical chemistry, Thermodynamics, Medicine, Nuclear magnetic resonance"
Bernard Rosner,N/A,I136199984,"Medicine, Internal medicine, Biology, Pathology, Mathematics, Genetics, Statistics, Endocrinology, Chemistry, Surgery, Cancer, Confidence interval, Biochemistry, Psychology, Sociology, Computer science, Demography, Physics, Oncology, Breast cancer, Prospective cohort study"
Matcheri S. Keshavan,N/A,I136199984,"Psychology, Medicine, Psychiatry, Biology, Computer science, Neuroscience, Programming language, Schizophrenia (object-oriented programming), Internal medicine, Cognition, Psychosis, Clinical psychology, Endocrinology, Radiology, Pathology, Chemistry, Genetics, Biochemistry, Social psychology"
Joel Schwartz,N/A,I136199984,"Medicine, Biology, Internal medicine, Mathematics, Statistics, Chemistry, Environmental health, Pathology, Sociology, Demography, Organic chemistry, Ecology, Physics, Geography, Population, Genetics, Computer science, Psychology, Environmental science, Confidence interval, Air pollution, Surgery, Psychiatry, Endocrinology, Meteorology"
Federico Capasso,N/A,I136199984,"Physics, Quantum mechanics, Materials science, Optics, Optoelectronics, Engineering, Chemistry, Electrical engineering, Laser, Computer science, Chemical engineering, Chromatography, Cascade, Quantum, Condensed matter physics, Organic chemistry, Wavelength, Nanotechnology, Composite material, Telecommunications, Mathematics, Terahertz radiation, Semiconductor, Quantum cascade laser"
Zhi,N/A,I136199984,"Chemistry, Biology, Physics, Organic chemistry, Medicine, Biochemistry, Materials science, Genetics, Engineering, Quantum mechanics, Computer science, Internal medicine, Composite material"
Jon Clardy,N/A,I136199984,"Chemistry, Biology, Biochemistry, Organic chemistry, Stereochemistry, Genetics, Geology, Computer science, Medicine, Paleontology, Botany, Physics"
Charles A. Nelson,N/A,I136199984,"Psychology, Medicine, Biology, Physics, Psychiatry, Developmental psychology, Neuroscience, Quantum mechanics, Mathematics, Particle physics, Nuclear physics, Computer science, Philosophy, Cognition"
Eugene Braunwald,N/A,I136199984,"Medicine, Internal medicine, Cardiology, Psychology, Psychiatry, Myocardial infarction, Biology, Computer science, Chemistry, Surgery, Biochemistry, Pathology, Percutaneous coronary intervention, Conventional PCI, Endocrinology, Library science, Editorial board, Thrombolysis, TIMI"
Stuart L. Schreiber,N/A,I136199984,"Chemistry, Biology, Biochemistry, Genetics, Medicine, Gene, Computer science, Internal medicine, Organic chemistry, Physics, Cell biology, Computational biology, Cancer research"
P. Giromini,N/A,I136199984,"Physics, Particle physics, Quantum mechanics, Nuclear physics, Large Hadron Collider, Mathematics, Geography, Quark, Tevatron, Astronomy, Hadron, Astrophysics, Materials science, Electron, Computer science, History, Archaeology, Lepton, Metallurgy, Geology, Gauge (firearms), Engineering, Standard Model (mathematical formulation), Boson, Biology"
Shuji Ogino,N/A,I136199984,"Medicine, Biology, Internal medicine, Genetics, Cancer, Colorectal cancer, Chemistry, Biochemistry, Oncology, Gene, Pathology, Mathematics, Statistics, Cancer research, Surgery, Computer science, Immunology"
David W. Bates,N/A,I136199984,"Medicine, Political science, Law, Economics, Computer science, Biology, Economic growth, Health care, Psychology, Internal medicine, Nursing, Pathology, Psychiatry, Medical emergency, Mathematics, Family medicine, Business, Statistics, Surgery, Pharmacology, Physics, Engineering, Emergency medicine"
Lorelei A. Mucci,N/A,I136199984,"Medicine, Biology, Internal medicine, Genetics, Cancer, Prostate cancer, Oncology, Chemistry, Pathology, Biochemistry, Prostate, Mathematics, Statistics, Gene, Cancer research, Sociology, Endocrinology, Demography, Surgery, Psychology, Computer science"
David A. Weitz,N/A,I136199984,"Materials science, Physics, Chemistry, Engineering, Biology, Organic chemistry, Thermodynamics, Composite material, Quantum mechanics, Nanotechnology, Chemical engineering, Biochemistry, Computer science, Medicine, Genetics, Mathematics, Physical chemistry, Geology, Optics, Microfluidics, Nuclear magnetic resonance"
Álvaro Pascual‐Leone,N/A,I136199984,"Psychology, Medicine, Biology, Neuroscience, Internal medicine, Psychiatry, Endocrinology, Stimulation, Transcranial magnetic stimulation, Cognition, Pathology, Computer science, Physical medicine and rehabilitation, Cognitive psychology, Audiology, Physics, Philosophy"
Catherine J. Wu,N/A,I136199984,"Biology, Genetics, Medicine, Internal medicine, Immunology, Chemistry, Biochemistry, Cancer research, Immune system, Cancer, Gene, Pathology, Oncology, Immunotherapy, Antigen, Leukemia, Receptor, Cell biology, Surgery, Computer science"
Vinothan Manoharan,N/A,I136199984,"Computer science, Physics, Quantum mechanics, Optics, Materials science, Computer graphics (images), Medicine, Holography, Pathology, Microscopy, Digital holographic microscopy, Geology, Digital holography"
Martin Feldstein,N/A,I136199984,"Economics, Business, Political science, Law, Macroeconomics, Finance, Monetary economics, Market economy, Public economics, Computer science, Geography, History, Keynesian economics, Philosophy"
Brian M. Wolpin,N/A,I136199984,"Biology, Medicine, Genetics, Internal medicine, Cancer, Chemistry, Pancreatic cancer, Biochemistry, Oncology, Gene, Cancer research, Pathology, Colorectal cancer, Computer science, Surgery, Mutation, Database, Data mining, Table (database), Mathematics, KRAS"
William C. Hahn,N/A,I136199984,"Biology, Genetics, Chemistry, Biochemistry, Medicine, Gene, Internal medicine, Cancer research, Cancer, Cell biology, Computational biology, Computer science"
Brent A. Coull,N/A,I136199984,"Medicine, Biology, Internal medicine, Mathematics, Statistics, Chemistry, Pathology, Environmental health, Genetics, Computer science, Sociology, Psychology, Demography, Organic chemistry, Ecology, Economics, Physics, Psychiatry, Endocrinology, Machine learning, Geography, Pregnancy"
Stuart R. Lipsitz,N/A,I136199984,"Medicine, Internal medicine, Biology, Mathematics, Statistics, Pathology, Economics, Computer science, Surgery, Genetics, Psychology, Cancer, Sociology, Machine learning, Political science, Law, Demography, Psychiatry"
Roy F. Baumeister,N/A,I136199984,"Psychology, Social psychology, Philosophy, Computer science, Medicine, Political science, Biology, Epistemology, Developmental psychology, Law, Psychotherapist, Sociology, Economics, Psychiatry, Physics"
Jason L. Hornick,N/A,I136199984,"Medicine, Biology, Internal medicine, Genetics, Pathology, Chemistry, Biochemistry, Cancer research, Cancer, Gene, Immunology, Surgery, Oncology, Radiology, Immunohistochemistry, Mutation, Colorectal cancer, Computer science, KRAS"
Edward C. Pickering,N/A,I136199984,"Physics, Astronomy, Astrophysics, Computer science, Political science, Law, Biology, Geology, Astrobiology, Geography, Library science, World Wide Web, Citation, Computer vision"
R. J. Madix,N/A,I136199984,"Chemistry, Organic chemistry, Biology, Physics, Materials science, Quantum mechanics, Physical chemistry, Biochemistry, Catalysis, Adsorption, Mathematics, Medicine, Inorganic chemistry, Computer science, Engineering, Metallurgy"
Martin Karplus,N/A,I136199984,"Chemistry, Physics, Quantum mechanics, Biology, Biochemistry, Organic chemistry, Computer science, Computational chemistry, Genetics, Nuclear magnetic resonance, Mathematics, Molecule, Molecular dynamics, Engineering, Crystallography, Thermodynamics, Materials science"
George M. Church,N/A,I136199984,"Biology, Genetics, Chemistry, Biochemistry, Gene, Computational biology, Computer science, Medicine, Genome, DNA, Physics, Cell biology, Bioinformatics, Internal medicine, Engineering"
Mikhail D. Lukin,N/A,I136199984,"Physics, Quantum mechanics, Quantum, Engineering, Materials science, Chemistry, Optics, Computer science, Organic chemistry, Condensed matter physics, Optoelectronics, Mathematics, Composite material, Quantum computer, Thermodynamics, Biology, Metallurgy, Atomic physics, Electrical engineering, Quantum entanglement, Mechanical engineering, Quantum information, Nanotechnology, Qubit"
Brian Leahy,N/A,I136199984,"Computer science, Physics, Computer graphics (images), Quantum mechanics, Optics, Medicine, Pathology, Microscopy, Holography, Digital holographic microscopy, Geology, Materials science, Digital holography"
Aaron S. Kesselheim,N/A,I136199984,"Medicine, Biology, Pharmacology, Economics, Business, Psychology, Political science, Law, Psychiatry, Internal medicine, Pathology, Mathematics, Drug, Computer science, Nursing, Statistics, Family medicine, Medical prescription, Chemistry, Environmental health, Genetics"
George I. Papakostas,N/A,I136199984,"Psychology, Medicine, Biology, Psychiatry, Internal medicine, Neuroscience, Endocrinology, Computer science, Clinical psychology, Cognition, Social psychology, Mood, Chemistry, Amygdala, Major depressive disorder, Pathology, Anxiety, Biochemistry"
Gerhard Wagner,N/A,I136199984,"Chemistry, Biology, Biochemistry, Physics, Genetics, Organic chemistry, Nuclear magnetic resonance, Medicine, Quantum mechanics, Gene, Stereochemistry, Computer science, Cell biology, Internal medicine"
Ichiro Kawachi,N/A,I136199984,"Medicine, Sociology, Pathology, Internal medicine, Demography, Psychology, Environmental health, Mathematics, Biology, Statistics, Political science, Law, Economics, Population, Gerontology, Psychiatry, Computer science, Nursing, Psychotherapist"
Paul W. Franks,N/A,I136199984,"Biology, Medicine, Internal medicine, Endocrinology, Pathology, Genetics, Chemistry, Biochemistry, Diabetes mellitus, Gene, Mathematics, Type 2 diabetes, Obesity, Sociology, Statistics, Demography, Genotype, Environmental health, Psychology, Computer science"
Karestan C. Koenen,N/A,I136199984,"Medicine, Psychology, Psychiatry, Biology, Clinical psychology, Internal medicine, Pathology, Genetics, Chemistry, Mathematics, Environmental health, Biochemistry, Statistics, Sociology, Psychotherapist, Political science, Demography, Gene, Neuroscience, Law, Computer science, Economics, Social psychology"
Philip Kim,N/A,I136199984,"Physics, Materials science, Quantum mechanics, Engineering, Nanotechnology, Chemistry, Condensed matter physics, Chemical engineering, Graphene, Optoelectronics, Biology, Organic chemistry, Composite material, Optics, Medicine, Computer science, Nuclear physics, Electrical engineering, Mathematics, Electron, Biochemistry"
Tyler J. VanderWeele,N/A,I136199984,"Medicine, Psychology, Mathematics, Economics, Statistics, Pathology, Political science, Computer science, Internal medicine, Sociology, Law, Biology, Philosophy, Social psychology, Psychotherapist, Econometrics, Epistemology, Psychiatry, Physics"
Gonzalo Giribet,N/A,I136199984,"Biology, Geology, Ecology, Zoology, Chemistry, Genetics, Paleontology, Biochemistry, Gene, Evolutionary biology, Phylogenetics, Phylogenetic tree, Botany, Clade, Computer science, Geography, Medicine"
Isaac S. Kohane,N/A,I136199984,"Biology, Medicine, Computer science, Genetics, Chemistry, Biochemistry, Internal medicine, Gene, Pathology, Psychology, Mathematics, Statistics, Political science, Psychiatry, Law, Economics, Computational biology, Artificial intelligence"
Jack L. Strominger,N/A,I136199984,"Biology, Genetics, Chemistry, Biochemistry, Medicine, Gene, Immunology, Antigen, Physics, Molecular biology, Nuclear magnetic resonance, Immune system, Organic chemistry, Internal medicine, Enzyme, Cell biology, In vitro, Human leukocyte antigen, Geology, Paleontology, Bacteria, Antibody, Cytotoxic T cell"
David Cutler,N/A,I136199984,"Economics, Medicine, Political science, Law, Business, Economic growth, Health care, Sociology, Biology, Psychology, Computer science, Nursing, Environmental health, Demography, Pathology, Mathematics, Population, Physics, Internal medicine"
Richard D. Cummings,N/A,I136199984,"Chemistry, Biology, Genetics, Biochemistry, Medicine, Molecular biology, Immunology, Glycoprotein, Internal medicine, Glycan, Organic chemistry, Gene, Physics, Cell biology, Computer science"
Michael I. Bruce,N/A,I136199984,"Chemistry, Organic chemistry, Materials science, Crystallography, Biology, Biochemistry, Catalysis, Physics, Stereochemistry, Quantum mechanics, Medicinal chemistry, Crystal structure, Metallurgy, Computer science, Molecule, Metal, Programming language, Operating system, Ruthenium, Medicine, Computer network, Cluster (spacecraft), Genetics"
Kerry J. Ressler,N/A,I136199984,"Medicine, Psychology, Biology, Psychiatry, Internal medicine, Neuroscience, Chemistry, Genetics, Biochemistry, Clinical psychology, Endocrinology, Gene, Computer science, Mathematics, Anxiety, Amygdala, Receptor, Statistics, Pathology"
Roy H. Perlis,N/A,I136199984,"Medicine, Biology, Internal medicine, Psychology, Psychiatry, Pathology, Neuroscience, Genetics, Computer science, Endocrinology, Chemistry, Clinical psychology, Biochemistry, Social psychology, Cognition, Mathematics, Disease, Economics, Mood, Political science, Infectious disease (medical specialty), Coronavirus disease 2019 (COVID-19), Gene, Statistics, Law"
David S. Friedman,N/A,I136199984,"Medicine, Biology, Ophthalmology, Psychology, Neuroscience, Surgery, Optometry, Physics, Glaucoma, Psychiatry, Internal medicine, Pathology, Optics, Mathematics, Intraocular pressure, Statistics, Political science, Computer science, Law, Sociology, Chemistry, Genetics, Environmental health"
P. Catastini,N/A,I136199984,"Physics, Particle physics, Quantum mechanics, Nuclear physics, Large Hadron Collider, Mathematics, Astronomy, Astrophysics, Geography, Electron, Materials science, Quark, Galaxy, Tevatron, Luminosity, History, Archaeology, Lepton, Computer science, Metallurgy, Gauge (firearms), Standard Model (mathematical formulation), Engineering, Hadron, Geology"
Norbert Perrimon,N/A,I136199984,"Biology, Genetics, Chemistry, Biochemistry, Gene, Cell biology, Medicine, Computational biology, Internal medicine, Signal transduction, Drosophila melanogaster, Physics, Drosophila (subgenus), Computer science"
Eric J. Rubin,N/A,I136199984,"Medicine, Biology, Pathology, Chemistry, Political science, Physics, Biochemistry, Law, Internal medicine, Genetics, Geology, Economics, Ecology, Virology, Economic growth, Quantum mechanics, Health care, Disease, Psychology, Business, Tuberculosis, Infectious disease (medical specialty), Coronavirus disease 2019 (COVID-19), Gene, Action (physics)"
Daniel L. Schacter,N/A,I136199984,"Psychology, Cognitive psychology, Biology, Medicine, Neuroscience, Psychiatry, Cognition, Philosophy, Computer science, Linguistics, Cognitive science, Episodic memory, Recall, Artificial intelligence, Epistemology"
Peter K. Sorger,N/A,I136199984,"Biology, Genetics, Medicine, Chemistry, Internal medicine, Biochemistry, Cancer, Cancer research, Computer science, Cell biology, Gene, Immunology, Pathology, Physics, Immune system, Computational biology"
Chris Sander,N/A,I136199984,"Biology, Genetics, Chemistry, Biochemistry, Medicine, Gene, Computational biology, Computer science, Internal medicine, Cancer, Cancer research, Physics, Pathology"
I‐Min Lee,N/A,I136199984,"Medicine, Internal medicine, Biology, Pathology, Mathematics, Statistics, Genetics, Endocrinology, Physical therapy, Surgery, Cancer, Sociology, Chemistry, Physical medicine and rehabilitation, Biochemistry, Demography, Confidence interval, Physical activity, Gerontology, Oncology, Psychology, Disease, Physics, Environmental health, Computer science"
Ross J. Baldessarini,N/A,I136199984,"Medicine, Psychology, Biology, Internal medicine, Psychiatry, Endocrinology, Neuroscience, Clinical psychology, Chemistry, Social psychology, Mood, Cognition, Biochemistry, Lithium (medication), Computer science, Bipolar disorder, Genetics, Pharmacology, Pathology, Programming language, Receptor, Anxiety, Economics, Schizophrenia (object-oriented programming), Dopamine"
Jonathan A. Nowak,N/A,I136199984,"Medicine, Biology, Genetics, Internal medicine, Cancer, Chemistry, Biochemistry, Oncology, Colorectal cancer, Cancer research, Gene, Pancreatic cancer, Computer science, Mutation, KRAS, Immunology, Pathology, Mathematics, Database, Data mining, Immune system, Table (database)"
Jeffrey A. Frankel,N/A,I136199984,"Economics, Business, Macroeconomics, Monetary economics, Finance, Political science, Law, Philosophy, Mathematics, Linguistics, International economics, Exchange rate, Keynesian economics, Computer science, Econometrics, Currency, Geography, Market economy, History"
Petros Koutrakis,N/A,I136199984,"Biology, Medicine, Chemistry, Physics, Organic chemistry, Environmental science, Ecology, Geography, Internal medicine, Mathematics, Meteorology, Statistics, Environmental health, Geology, Engineering, Pathology, Computer science, Air pollution, Particulates, Sociology, Environmental chemistry, Demography, Aerosol"
S. V. Subramanian,N/A,I136199984,"Medicine, Sociology, Demography, Environmental health, Pathology, Mathematics, Economics, Internal medicine, Biology, Population, Statistics, Political science, Law, Psychology, Geography, Computer science, Economic growth, Nursing, Machine learning, Gerontology, Public health, Socioeconomic status, History"
Jeffrey N. Katz,N/A,I136199984,"Medicine, Pathology, Surgery, Internal medicine, Biology, Psychology, Physical therapy, Mathematics, Radiology, Psychiatry, Statistics, Alternative medicine, Osteoarthritis, Computer science, Sociology, Physics, Nursing, Political science, Economics, Law"
Eduardo D. Sontag,N/A,I136199984,"Computer science, Mathematics, Physics, Artificial intelligence, Quantum mechanics, Economics, Biology, Management, Control (management), Control theory (sociology), Mathematical analysis, Engineering, Applied mathematics, Machine learning, Philosophy, Chemistry, Programming language, Nonlinear system, Genetics, Algorithm, Pure mathematics, Epistemology, Combinatorics, Statistics, Geometry"
David E. Bloom,N/A,I136199984,"Medicine, Economics, Sociology, Political science, Biology, Law, Demography, Environmental health, Economic growth, Business, Population, Pathology, Mathematics, Geography, Computer science, Internal medicine, Psychology, Demographic economics"
Daniel H. Solomon,N/A,I136199984,"Medicine, Internal medicine, Biology, Pathology, Mathematics, Surgery, Statistics, Psychology, Immunology, Psychiatry, Rheumatoid arthritis, Endocrinology, Physical therapy, Chemistry, Radiology, Sociology, Computer science, Biochemistry, Disease, Political science, Law"
Robert J. Glynn,N/A,I136199984,"Medicine, Internal medicine, Biology, Pathology, Mathematics, Statistics, Surgery, Psychology, Psychiatry, Endocrinology, Chemistry, Biochemistry, Confidence interval, Cardiology, Computer science, Pharmacology, Physics, Economics, Sociology, Genetics"
Sebastian Schneeweiß,N/A,I136199984,"Medicine, Internal medicine, Biology, Mathematics, Pathology, Statistics, Surgery, Psychology, Computer science, Economics, Psychiatry, Political science, Pharmacology, Law, Confidence interval, Endocrinology, Nursing, Sociology, Chemistry, Demography"
Martin L. Yarmush,N/A,I136199984,"Biology, Chemistry, Medicine, Genetics, Biochemistry, Internal medicine, Cell biology, Physics, Endocrinology, In vitro, Immunology, Organic chemistry, Engineering, Surgery, Gene, Computer science, Materials science, Pathology"
Masanori Aikawa,N/A,I136199984,"Biology, Medicine, Chemistry, Genetics, Biochemistry, Internal medicine, Pathology, Immunology, Cell biology, Gene, Endocrinology, Malaria, Physics, Plasmodium falciparum, Computer science, Virology"
Jeffrey M. Drazen,N/A,I136199984,"Medicine, Biology, Internal medicine, Chemistry, Immunology, Biochemistry, Physics, Genetics, Asthma, Psychology, Anesthesia, Surgery, Philosophy, Geography, Pathology, Endocrinology, Linguistics, Meteorology, Psychiatry, Political science, Computer science, Law, Airway"
David R. Williams,N/A,I136199984,"Medicine, Psychology, Sociology, Political science, Law, Biology, Pathology, Psychiatry, Demography, Economics, Environmental health, Internal medicine, Nursing, Psychotherapist, Mathematics, Population, Gerontology, Philosophy, Computer science, Economic growth, Public health, Clinical psychology, Statistics, Anthropology, Social psychology"
Douglas P. Kiel,N/A,I136199984,"Medicine, Biology, Internal medicine, Pathology, Endocrinology, Osteoporosis, Chemistry, Genetics, Mathematics, Biochemistry, Statistics, Surgery, Psychology, Bone mineral, Disease, Sociology, Gene, Computer science, Demography, Framingham Risk Score"
Howard D. Sesso,N/A,I136199984,"Medicine, Internal medicine, Biology, Pathology, Genetics, Chemistry, Cancer, Biochemistry, Endocrinology, Mathematics, Statistics, Oncology, Surgery, Disease, Confidence interval, Gene, Psychology, Computer science, Sociology"
Stephen Ansolabehere,N/A,I136199984,"Computer science, Political science, Mathematics, Programming language, Operating system, Law, Database, Politics, Economics"
Robert W. McCarley,N/A,I136199984,"Psychology, Medicine, Biology, Neuroscience, Psychiatry, Computer science, Programming language, Internal medicine, Schizophrenia (object-oriented programming), Cognition, Endocrinology, Audiology, Chemistry, Radiology, Electroencephalography, Genetics, Biochemistry, Cognitive psychology, Psychosis"
Bruce R. Rosen,N/A,I136199984,"Medicine, Biology, Psychology, Radiology, Neuroscience, Internal medicine, Psychiatry, Computer science, Magnetic resonance imaging, Physics, Endocrinology, Chemistry, Pathology, Artificial intelligence, Nuclear medicine, Genetics, Cardiology"
Xiang Li,N/A,I136199984,"Computer science, Artificial intelligence, Biology, Mathematics, Psychology, Physics, Engineering, Machine learning, Medicine, Chemistry, Philosophy, Statistics, Cognitive psychology, Computer vision, Geography, Quantum mechanics, Economics, Programming language, Geology, Pattern recognition (psychology), Linguistics, Operating system, Neuroscience"
Timothy R. Rebbeck,N/A,I136199984,"Medicine, Biology, Genetics, Internal medicine, Cancer, Oncology, Pathology, Chemistry, Biochemistry, Prostate cancer, Gene, Sociology, Mathematics, Demography, Statistics, Environmental health, Computer science, Population, Prostate, Breast cancer, Political science, Surgery"
Robert Wolf,N/A,I136199984,"Computer science, World Wide Web, Medicine, Chemistry, Biology, Library science, Political science, Internal medicine"
Jeremy M. Wolfe,N/A,I136199984,"Computer science, Psychology, Biology, Artificial intelligence, Neuroscience, Cognitive psychology, Philosophy, Medicine, Visual search, Physics, Computer vision, Mathematics, Engineering, Linguistics, Epistemology, Programming language, Sociology, Economics, Perception, Psychiatry"
Kimberlee Gauvreau,N/A,I136199984,"Medicine, Internal medicine, Cardiology, Surgery, Pathology, Biology, Mathematics, Statistics, Heart disease, Radiology, Psychology, Psychiatry, Pediatrics, Computer science"
John E. Mayer,N/A,I136199984,"Medicine, Internal medicine, Cardiology, Surgery, Biology, Pathology, Psychology, Heart disease, Psychiatry, Computer science, Radiology, Engineering, Chemistry"
Uwe Siebert,N/A,I136199984,"Medicine, Internal medicine, Biology, Pathology, Mathematics, Economics, Psychology, Political science, Statistics, Genetics, Law, Computer science, Chemistry, Surgery, Psychiatry, Engineering, Business, Biochemistry, Environmental health, Sociology, Nursing, Demography"
J. M. Moran,N/A,I136199984,"Physics, Astronomy, Astrophysics, Quantum mechanics, Optics, Computer science, Geography, Geology, Galaxy, Computer vision, Stars, Maser, Engineering, Mathematics, Geodesy, Very-long-baseline interferometry, Chemistry, Biology"
Alberto Alesina,N/A,I136199984,"Political science, Economics, Law, Politics, Sociology, Business, Macroeconomics, Philosophy, Mathematics, Computer science, Monetary economics, Keynesian economics, Geography"
Joshua A Hirsch,N/A,I136199984,"Medicine, Internal medicine, Surgery, Biology, Psychology, Radiology, Psychiatry, Physics, Pathology, Thermodynamics, Engineering, Political science, Cardiology, Law, Aerospace engineering, Mechanical engineering, Stroke (engine), Computer science, Anatomy, Chemistry, Anesthesia, Mathematics"
R. H. Holm,N/A,I136199984,"Chemistry, Organic chemistry, Materials science, Physics, Metallurgy, Computer science, Crystallography, Quantum mechanics, Biology, Stereochemistry, Biochemistry, Programming language, Inorganic chemistry, Operating system, Crystal structure, Molecule, Political science, Law, Library science, World Wide Web, Citation, Medicine, Information retrieval"
Ryan B. Corcoran,N/A,I136199984,"Biology, Genetics, Medicine, Internal medicine, Chemistry, Biochemistry, Cancer, Colorectal cancer, Cancer research, Gene, Oncology, Mutation, Mathematics, Pathology, Cell biology, Signal transduction, Computer science, Kinase"
Rifat Atun,N/A,I136199984,"Medicine, Political science, Economics, Law, Pathology, Biology, Economic growth, Nursing, Sociology, Environmental health, Health care, Internal medicine, Business, Computer science, Public health, Demography, Psychology, Population, Mathematics, Psychiatry, Geography"
Martin A. Nowak,N/A,I136199984,"Biology, Medicine, Sociology, Computer science, Genetics, Chemistry, Biochemistry, Demography, Environmental health, Population, Mathematics, Gene, Psychology, Philosophy, Economics, Artificial intelligence, Physics, Microeconomics, Evolutionary biology, Machine learning, Mathematical economics, Epistemology, Ecology, Immunology, Social psychology"
John Y. Campbell,N/A,I136199984,"Computer science, Economics, Business, Mathematics, Finance, Biology, Financial economics, Statistics, Econometrics, Philosophy, Macroeconomics, Medicine, Monetary economics, Computer security, Asset (computer security), Replication (statistics), Virology, Geography, Political science"
Gregory A. Petsko,N/A,I136199984,"Biology, Chemistry, Biochemistry, Genetics, Physics, Organic chemistry, Nuclear magnetic resonance, Gene, Enzyme, Computer science, Medicine, Crystallography, Stereochemistry, Quantum mechanics"
Max Essex,N/A,I136199984,"Medicine, Biology, Virology, Immunology, Genetics, Virus, Family medicine, Human immunodeficiency virus (HIV), Internal medicine, Chemistry, Biochemistry, Gene, Pathology, Antibody, Computer science, Antigen, Engineering, Viral load, Viral disease"
Donald E. Ingber,N/A,I136199984,"Biology, Genetics, Medicine, Chemistry, Biochemistry, Internal medicine, Cell biology, Physics, Materials science, Cell, Engineering, Pathology, Nanotechnology, Organic chemistry, Immunology, Gene, Psychology, Computer science, Quantum mechanics, Composite material"
Carmen Reinhart,N/A,I136199984,"Economics, Business, Macroeconomics, Finance, Monetary economics, Political science, Law, Keynesian economics, Philosophy, Linguistics, History, Geography, Art, Financial system, International economics, Archaeology, Exchange rate, Market economy, Computer science, Mathematics, Financial crisis, Microeconomics, Debt, Physics, Visual arts"
John Quackenbush,N/A,I136199984,"Biology, Genetics, Chemistry, Biochemistry, Gene, Medicine, Computational biology, Computer science, Internal medicine, Gene expression, Pathology, Mathematics, Cancer research, Cancer, Bioinformatics"
Dale W. Jorgenson,N/A,I136199984,"Economics, Macroeconomics, Political science, Computer science, Business, Law, Mathematics, Economic growth, Geography, Microeconomics, Market economy, Biology, History, Productivity, Archaeology"
Simon K. Warfield,N/A,I136199984,"Medicine, Computer science, Psychology, Artificial intelligence, Radiology, Biology, Computer vision, Mathematics, Magnetic resonance imaging, Physics, Neuroscience, Image (mathematics), Engineering, Psychiatry, Cognitive psychology, Statistics, Pattern recognition (psychology), Pathology, Internal medicine, Algorithm, Diffusion MRI"
John Torous,N/A,I136199984,"Medicine, Psychology, Psychiatry, Computer science, Political science, Law, Psychotherapist, Economics, Mental health, Economic growth, Health care, Biology, Nursing, World Wide Web, Pathology, Operating system, Psychological intervention, Internal medicine, Clinical psychology, Internet privacy, Engineering, Philosophy, Mathematics, Sociology, Programming language"
Martha E. Shenton,N/A,I136199984,"Medicine, Psychology, Biology, Psychiatry, Neuroscience, Computer science, Radiology, Magnetic resonance imaging, Programming language, Schizophrenia (object-oriented programming), Cognition, Internal medicine, White matter, Diffusion MRI, Psychosis, Audiology, Cognitive psychology, Pathology, Mathematics, Artificial intelligence"
Steven C. Schachter,N/A,I136199984,"Medicine, Psychology, Biology, Psychiatry, Neuroscience, Epilepsy, Internal medicine, Computer science, Pathology"
Andrew A. Nierenberg,N/A,I136199984,"Psychology, Medicine, Psychiatry, Biology, Internal medicine, Clinical psychology, Neuroscience, Endocrinology, Social psychology, Cognition, Mood, Pathology, Lithium (medication), Economics, Bipolar disorder, Anxiety, Macroeconomics, Keynesian economics, Depression (economics), Psychotherapist, Chemistry, Computer science, Biochemistry, Mathematics, Amygdala"
Andrew J. Aguirre,N/A,I136199984,"Biology, Medicine, Genetics, Internal medicine, Cancer, Chemistry, Biochemistry, Cancer research, Gene, Pancreatic cancer, Oncology, Colorectal cancer, Mutation, KRAS, Computer science, Database, Table (database), Data mining, Computational biology, Pathology"
James Hanken,N/A,I136199984,"Biology, Medicine, Geology, Paleontology, Geomorphology, Head (geology), Nuclear medicine, Computer science, Genetics"
John M. Bennett,N/A,I136199984,"Medicine, Biology, Internal medicine, Immunology, Genetics, Pathology, Surgery, Chemistry, Bone marrow, Oncology, Leukemia, Biochemistry, Cancer research, Myelodysplastic syndromes, Chemotherapy, Computer science, Gastroenterology"
David R. Clarke,N/A,I136199984,"Physics, Materials science, Chemistry, Composite material, Organic chemistry, Quantum mechanics, Metallurgy, Engineering, Nanotechnology, Thermodynamics, Optoelectronics, Optics, Crystallography, Computer science, Biology, Geology, Medicine, Condensed matter physics, Ceramic, Layer (electronics), Electrical engineering"
Miquéias Ferrão,N/A,I136199984,"Business, Geology"
Axel Meyer,N/A,I136199984,"Biology, Genetics, Chemistry, Biochemistry, Gene, Evolutionary biology, Fishery, Ecology, Zoology, Fish <Actinopterygii>, Medicine, Phylogenetic tree, Phylogenetics, Geology, Cichlid, Paleontology, Sociology, Environmental health, Demography, Population, Genome"
Sandro Santagata,N/A,I136199984,"Biology, Medicine, Genetics, Internal medicine, Chemistry, Biochemistry, Cancer research, Pathology, Cancer, Immunology, Gene, Surgery, Oncology, Radiology, Computer science, Immune system"
Marc Lipsitch,N/A,I136199984,"Medicine, Biology, Pathology, Genetics, Internal medicine, Virology, Sociology, Immunology, Chemistry, Biochemistry, Demography, Environmental health, Computer science, Geology, Paleontology, Disease, Microbiology, Mathematics, Population, Infectious disease (medical specialty), Engineering, Antibiotics, Bacteria, Coronavirus disease 2019 (COVID-19), Geography"
Makoto Iwata,N/A,I136199984,"Chemistry, Biology, Physics, Medicine, Materials science, Quantum mechanics, Engineering, Internal medicine, Organic chemistry, Psychology, Condensed matter physics, Electrical engineering, Optoelectronics, Dielectric, Thermodynamics, Neuroscience, Genetics, Pathology, Biochemistry, Psychiatry, Mathematics, Computer science, Phase (matter)"
Bob S. Carter,N/A,I136199984,"Medicine, Biology, Internal medicine, Genetics, Chemistry, Cancer research, Biochemistry, Surgery, Psychology, Pathology, Gene, Radiology, Physics, Sociology, Political science, Computer science, Law, Cancer"
D. Gulhan,N/A,I136199984,"Physics, Nuclear physics, Particle physics, Quantum mechanics, Large Hadron Collider, Mathematics, Astronomy, Quark, Astrophysics, Chemistry, Materials science, Geography, Biology, Computer science, Metallurgy, History, Archaeology, Hadron, Engineering, Gauge (firearms), Standard Model (mathematical formulation), Electron, Luminosity, Galaxy, Lepton"
Edward O. Wilson,N/A,I136199984,"Biology, Philosophy, Ecology, Computer science, Sociology, Art, Geography, Political science"
David C. Glahn,N/A,I136199984,"Biology, Medicine, Psychology, Neuroscience, Psychiatry, Cognition, Internal medicine, Computer science, Genetics, Chemistry, Biochemistry, Gene, Clinical psychology, Endocrinology, Programming language, Radiology, Schizophrenia (object-oriented programming), Pathology, Sociology"
Edward L. Glaeser,N/A,I136199984,"Economics, Political science, Law, Business, Geography, Sociology, Computer science, Engineering, Philosophy, Economic growth, Mathematics, Biology, History, Microeconomics, Finance, Economic geography, Medicine, Archaeology"
David R. Walt,N/A,I136199984,"Chemistry, Biology, Genetics, Biochemistry, Medicine, Computer science, Physics, Materials science, Engineering, Organic chemistry, Mathematics, Optics, Internal medicine, Nanotechnology, Quantum mechanics, Biomarker, Pathology, Chromatography"
Stuart F. Quan,N/A,I136199984,"Medicine, Biology, Psychology, Internal medicine, Psychiatry, Anesthesia, Computer science, Pathology, Neuroscience, Cardiology, Operating system, Programming language, Sleep (system call), Obstructive sleep apnea, Pharmacology, Insomnia, Apnea, Physics, Electroencephalography, Mathematics, Cognition, Sleep apnea, Polysomnography, Endocrinology, Surgery"
Kornélia Polyák,N/A,I136199984,"Biology, Genetics, Medicine, Internal medicine, Cancer, Chemistry, Breast cancer, Biochemistry, Gene, Cancer research, Oncology, Computational biology, Computer science, Cell biology, Pathology, Immunology"
A. Dalgarno,N/A,I136199984,"Physics, Quantum mechanics, Chemistry, Organic chemistry, Atomic physics, Nuclear physics, Astronomy, Optics, Biology, Materials science, Computer science, Engineering, Ion, Molecule, Mathematics, Astrophysics"
Susan Bonner‐Weir,N/A,I136199984,"Chemistry, Biology, Medicine, Internal medicine, Endocrinology, Biotechnology, Diabetes mellitus, Insulin, Genetics, Biochemistry, Islet, Cell biology, Computer science, Gene, Pathology"
Andrea L. Pusic,N/A,I136199984,"Medicine, Biology, Surgery, Internal medicine, Psychology, Genetics, Cancer, Pathology, Nursing, Breast cancer, Mathematics, Psychotherapist, Statistics, Quality of life (healthcare), Physics, Political science, Law, Breast reconstruction, Business, Marketing, Psychiatry, Economics, Mastectomy, Computer science, Sociology"
Roy G. Gordon,N/A,I136199984,"Physics, Chemistry, Materials science, Quantum mechanics, Organic chemistry, Engineering, Metallurgy, Composite material, Nanotechnology, Biology, Optoelectronics, Chemical engineering, Layer (electronics), Inorganic chemistry, Physical chemistry, Thermodynamics, Computer science, Electrical engineering, Thin film, Geology, Crystallography, Optics, Electrode, Mathematics"
Scott L. Rauch,N/A,I136199984,"Medicine, Psychology, Biology, Psychiatry, Neuroscience, Internal medicine, Clinical psychology, Cognition, Computer science, Endocrinology, Radiology, Cognitive psychology"
Harald Paganetti,N/A,I136199984,"Medicine, Physics, Radiology, Internal medicine, Quantum mechanics, Surgery, Radiation therapy, Optics, Engineering, Nuclear physics, Proton, Structural engineering, Civil engineering, Beam (structure), Proton therapy, Nuclear medicine, Mathematics, Statistics, Biology, Computer science, Monte Carlo method, Irradiation, Chemistry, Materials science, Genetics"
David Sinclair,N/A,I136199984,"Biology, Medicine, Chemistry, Genetics, Biochemistry, Internal medicine, Physics, Gene, Organic chemistry, Pathology, Cell biology, Computer science, Endocrinology, Nuclear magnetic resonance, Enzyme"
Daniel W. Cramer,N/A,I136199984,"Medicine, Biology, Genetics, Internal medicine, Cancer, Ovarian cancer, Oncology, Chemistry, Biochemistry, Pathology, Gynecology, Mathematics, Gene, Statistics, Endocrinology, Computer science, Sociology, Demography, Environmental health, Surgery, Obstetrics"
Dennis Brown,N/A,I136199984,"Chemistry, Biology, Medicine, Genetics, Biochemistry, Internal medicine, Cell biology, Endocrinology, Organic chemistry, Physics, Pathology, Gene, Cell, Membrane, Kidney, Receptor, Engineering, Nuclear magnetic resonance, Enzyme, Geology, Anatomy"
Guillermo J. Tearney,N/A,I136199984,"Medicine, Physics, Optics, Radiology, Biology, Internal medicine, Computer science, Pathology, Ophthalmology, Optical coherence tomography, Engineering, Genetics, Mathematics, Quantum mechanics, Surgery, Materials science, Chemistry, Artificial intelligence, Computer vision, Cardiology, Biomedical engineering, Biochemistry, Geometry, Psychology"
Sidney B. Fay,N/A,I136199984,"Political science, History, Art, Philosophy, Law, Computer science, Geography"
E. M. Farina,N/A,I136199984,"Physics, Quantum mechanics, Particle physics, Nuclear physics, Large Hadron Collider, Biology, Medicine, Geology, Anatomy, Computer science, Paleontology, Atlas (anatomy), Engineering, Mathematics, Optics, Electrical engineering, Telecommunications, Materials science, Boson, Detector, Higgs boson, Hadron, Electron, Geography, Lepton"
Döst Öngür,N/A,I136199984,"Medicine, Psychology, Psychiatry, Biology, Neuroscience, Internal medicine, Computer science, Endocrinology, Programming language, Cognition, Schizophrenia (object-oriented programming), Clinical psychology, Chemistry, Biochemistry, Psychosis, Social psychology"
Nikos Makris,N/A,I136199984,"Psychology, Medicine, Biology, Computer science, Neuroscience, Psychiatry, Radiology, Internal medicine, Magnetic resonance imaging, Endocrinology, White matter, Cognition, Chemistry, Artificial intelligence, Diffusion MRI"
N. Gregory Mankiw,N/A,I136199984,"Economics, Macroeconomics, Political science, Keynesian economics, Mathematics, Philosophy, Monetary economics, Computer science, Business"
Lawrence H. Summers,N/A,I136199984,"Economics, Business, Political science, Macroeconomics, Law, Finance, Monetary economics, Mathematics, Computer science, Keynesian economics, Philosophy, Market economy, Geography, Physics, History, Economic growth"
Roger Fu,N/A,I136199984,"Biology, Physics, Quantum mechanics, Magnetic field, Chemistry, Mathematics, Materials science, Medicine, Metallurgy, Organic chemistry, Optics, Engineering, Composite material, Statistics, Pathology, Diamond, Replication (statistics), Microscope, Virology, Magnetometer, Electronic engineering, Computer science, Sensitivity (control systems), Quantum, Classical mechanics"
Michael H. Picard,N/A,I136199984,"Medicine, Internal medicine, Cardiology, Biology, Radiology, Surgery, Psychology, Psychiatry, Heart failure, Endocrinology, Physics, Pathology, Computer science"
Joseph P. Newhouse,N/A,I136199984,"Economics, Medicine, Political science, Law, Business, Economic growth, Health care, Computer science, Actuarial science, Nursing, Mathematics, Biology, Psychology, Sociology, Family medicine, Internal medicine, Pathology, Finance"
Dani Rodrik,N/A,I136199984,"Economics, Political science, Law, Business, Philosophy, Market economy, Macroeconomics, Politics, Geography, Biology, Finance, International economics, International trade, Computer science, Sociology, Economic growth, Mathematics, History, Linguistics"
Ron Kikinis,N/A,I136199984,"Medicine, Computer science, Radiology, Artificial intelligence, Biology, Psychology, Computer vision, Physics, Magnetic resonance imaging, Mathematics, Psychiatry, Engineering, Programming language, Neuroscience, Internal medicine, Surgery, Image (mathematics), Pathology, Operating system"
Sharon‐Lise T. Normand,N/A,I136199984,"Medicine, Internal medicine, Psychology, Psychiatry, Mathematics, Statistics, Computer science, Economics, Pathology, Political science, Law, Surgery, Cardiology, Biology, Sociology, Economic growth, Health care, Emergency medicine, Demography, Myocardial infarction, Physics, Nursing, Machine learning, Environmental health"
Lisa Berkman,N/A,I136199984,"Medicine, Psychology, Sociology, Internal medicine, Biology, Pathology, Mathematics, Gerontology, Demography, Political science, Psychiatry, Statistics, Law, Computer science, Economics, Environmental health, Population, Neuroscience, Psychotherapist, Nursing"
David A. Evans,N/A,I136199984,"Chemistry, Biology, Organic chemistry, Biochemistry, Catalysis, Stereochemistry, Materials science, Combinatorial chemistry, Enantioselective synthesis, Computer science, Physics, Medicinal chemistry, Metallurgy"
Russ Mayer,N/A,I136199984,"Computer science, Political science, Politics, Law, Democracy, Programming language, Database, Mathematics, Algorithm, Geography, Operating system, Data file, Chemistry"
Greg Adams,N/A,I136199984,"Computer science, Political science, Politics, Law, Democracy, Programming language, Database, Mathematics, Algorithm, Geography, Operating system, Data file, Chemistry"
Brett E. Bouma,N/A,I136199984,"Physics, Optics, Medicine, Radiology, Computer science, Quantum mechanics, Ophthalmology, Optical coherence tomography, Engineering, Materials science, Mathematics, Biology, Artificial intelligence, Internal medicine, Computer vision, Chemistry, Pathology, Statistics, Biomedical engineering, Tomography, Surgery, Telecommunications, Cardiology, Genetics, Coherence (philosophical gambling strategy)"
Michael R. Jaff,N/A,I136199984,"Medicine, Internal medicine, Surgery, Cardiology, Psychology, Psychiatry, Radiology, Biology, Pathology, Myocardial infarction, Vascular disease, Arterial disease, Computer science, Revascularization, Physics, Intensive care medicine"
Curtis Huttenhower,N/A,I136199984,"Biology, Genetics, Medicine, Chemistry, Biochemistry, Internal medicine, Gene, Bioinformatics, Pathology, Microbiome, Computational biology, Geology, Paleontology, Immunology, Disease, Computer science, Bacteria, Metagenomics, Gut flora, Ecology"
Ian Taylor,N/A,I136199984,"Computer science, Engineering, Physics, Mathematics, Geography, Biology, Operating system, Economics, Quantum mechanics, Medicine, Programming language, Geology, World Wide Web, Political science"
Ferenc A. Jólesz,N/A,I136199984,"Medicine, Radiology, Biology, Physics, Computer science, Psychology, Magnetic resonance imaging, Internal medicine, Artificial intelligence, Neuroscience, Surgery, Engineering, Psychiatry, Computer vision, Pathology, Nuclear medicine, Chemistry, Genetics, Quantum mechanics"
Brian M. Alexander,N/A,I136199984,"Medicine, Biology, Internal medicine, Genetics, Chemistry, Cancer research, Oncology, Biochemistry, Pathology, Cancer, Surgery, Gene, Radiology, Mathematics, Statistics, Computer science, Radiation therapy"
Xihong Lin,N/A,I136199984,"Biology, Medicine, Genetics, Chemistry, Biochemistry, Internal medicine, Mathematics, Computer science, Gene, Statistics, Pathology, Psychology, Genotype, Single-nucleotide polymorphism, Economics, Computational biology, Machine learning, Sociology, Philosophy, Artificial intelligence"
Bernard T. Lee,N/A,I136199984,"Medicine, Surgery, Biology, Internal medicine, Pathology, Genetics, Psychology, Computer science, Cancer, Breast cancer, Radiology, Mathematics, Physics, Political science, Law, Sociology, Breast reconstruction, Psychiatry, Statistics, Economics, Chemistry"
Sheryl L. Rifas‐Shiman,N/A,I136199984,"Medicine, Biology, Internal medicine, Pathology, Genetics, Endocrinology, Mathematics, Statistics, Pregnancy, Chemistry, Sociology, Psychology, Demography, Pediatrics, Body mass index, Biochemistry, Cohort, Obesity, Obstetrics, Environmental health, Surgery, Psychiatry, Computer science, Immunology"
M. Brandon Westover,N/A,I136199984,"Medicine, Psychology, Biology, Psychiatry, Neuroscience, Internal medicine, Computer science, Electroencephalography, Mathematics, Statistics, Pathology, Anesthesia, Surgery, Artificial intelligence, Physics, Epilepsy, Machine learning"
Raphael Bueno,N/A,I136199984,"Medicine, Biology, Genetics, Pathology, Internal medicine, Chemistry, Biochemistry, Materials science, Composite material, Mesothelioma, Cancer research, Oncology, Gene, Cancer, Surgery, Computer science, Immunology, Philosophy, Computational biology, Lung cancer, Linguistics, Lung, Mathematics"
Jerome Kagan,N/A,I136199984,"Psychology, Developmental psychology, Medicine, Social psychology, Computer science, Biology, Philosophy, Psychiatry, Cognitive psychology, Psychoanalysis, Neuroscience, Epistemology"
Zhigang Suo,N/A,I136199984,"Materials science, Physics, Composite material, Chemistry, Engineering, Organic chemistry, Quantum mechanics, Thermodynamics, Biology, Computer science, Electrical engineering, Nanotechnology, Geology, Metallurgy, Mathematics, Optoelectronics, Physical chemistry, Oceanography, Structural engineering, Mechanics, Elastomer, Chemical engineering, Nuclear magnetic resonance, Polymer, Geography"
Francine Laden,N/A,I136199984,"Medicine, Internal medicine, Biology, Mathematics, Statistics, Pathology, Environmental health, Sociology, Demography, Genetics, Confidence interval, Chemistry, Computer science, Physics, Surgery, Ecology, Psychology, Population, Organic chemistry, Cohort, Cancer, Economics, Cohort study"
Jessica E. Haberer,N/A,I136199984,"Medicine, Biology, Family medicine, Psychology, Immunology, Virology, Internal medicine, Human immunodeficiency virus (HIV), Pathology, Genetics, Nursing, Sociology, Psychiatry, Computer science, Mathematics, Virus, Viral load, Statistics, Political science, Law, Economics, Demography, Environmental health, Antiretroviral therapy"
Joseph T. Coyle,N/A,I136199984,"Medicine, Biology, Psychology, Internal medicine, Chemistry, Neuroscience, Biochemistry, Genetics, Endocrinology, Receptor, Psychiatry, Glutamate receptor, Pathology, Organic chemistry, Physics, Pharmacology, Central nervous system, NMDA receptor, Computer science, Dopamine"
Zoltán Szállási,N/A,I136199984,"Biology, Genetics, Chemistry, Medicine, Biochemistry, Internal medicine, Gene, Cancer, Cancer research, DNA, Oncology, Computational biology, Physics, Pathology, Computer science"
Adam A. Dmytriw,N/A,I136199984,"Medicine, Internal medicine, Surgery, Radiology, Cardiology, Psychology, Psychiatry, Physics, Biology, Pathology, Engineering, Mechanical engineering, Thermodynamics, Aerospace engineering, Stroke (engine), Mathematics, Statistics, Ischemia, Occlusion, Computer science, Ischemic stroke"
Joel N. Hirschhorn,N/A,I136199984,"Biology, Genetics, Medicine, Chemistry, Biochemistry, Gene, Internal medicine, Genotype, Single-nucleotide polymorphism, Endocrinology, Pathology, Sociology, Demography, Genome-wide association study, Environmental health, Computational biology, Population, Genetic association, Evolutionary biology, Allele, Mathematics, Phenotype, Computer science, Psychology, Statistics"
Felton J. Earls,N/A,I136199984,"Psychology, Medicine, Geography, Sociology, Computer science, Psychiatry, Political science, Developmental psychology, Law"
John D. Spengler,N/A,I136199984,"Biology, Environmental science, Medicine, Geography, Chemistry, Ecology, Organic chemistry, Physics, Environmental health, Engineering, Meteorology, Mathematics, Internal medicine, Geology, Statistics, Pathology, Computer science, Sociology, Psychology, Environmental chemistry, Air pollution, Environmental engineering"
Michael A. J. Ferguson,N/A,I136199984,"Biology, Chemistry, Genetics, Biochemistry, Medicine, Gene, Organic chemistry, Physics, Immunology, Nuclear magnetic resonance, Computer science, Enzyme, Cell biology, Molecular biology, Pathology, Internal medicine, Trypanosoma brucei, World Wide Web, Virology, Glycoprotein, Parasite hosting"
Ashvin Vishwanath,N/A,I136199984,"Physics, Quantum mechanics, Condensed matter physics, Mathematics, Engineering, Materials science, Electrical engineering, Combinatorics, Quantum, Nuclear physics, Geometry, Chemistry, Topology (electrical circuits), Particle physics, Superconductivity, Thermodynamics, Organic chemistry, Theoretical physics, Computer science, Electron"
Martin Reuter,N/A,I136199984,"Biology, Medicine, Psychology, Computer science, Mathematics, Physics, Neuroscience, Psychiatry, Internal medicine, Quantum mechanics, Chemistry, Genetics, Endocrinology, Philosophy, Artificial intelligence, Biochemistry, Radiology"
Henry W. Long,N/A,I136199984,"Biology, Genetics, Medicine, Chemistry, Biochemistry, Internal medicine, Cancer, Cancer research, Gene, Oncology, Computer science, Breast cancer, Cell biology, Gene expression, Immunology, Endocrinology, DNA, Database, Data mining, Apoptosis, Table (database)"
Charles M. Lieber,N/A,I136199984,"Materials science, Physics, Quantum mechanics, Nanotechnology, Chemistry, Engineering, Optoelectronics, Organic chemistry, Optics, Nanowire, Computer science, Composite material, Electrical engineering, Condensed matter physics, Biology, Chemical engineering, Metallurgy, Medicine, Biochemistry"
Charles A. Czeisler,N/A,I136199984,"Medicine, Psychology, Biology, Internal medicine, Neuroscience, Endocrinology, Circadian rhythm, Physics, Psychiatry, Computer science, Operating system, Programming language, Chemistry, Sleep (system call), Biochemistry, Art, Philosophy, Acoustics, Genetics, Pathology, Pharmacology, Aesthetics, Gene, Rhythm, Circadian clock"
Andrew H. Knoll,N/A,I136199984,"Biology, Geology, Paleontology, Chemistry, Ecology, Geochemistry, Physics, Geomorphology, Organic chemistry, Geography, Seismology, Structural basin, Botany, Materials science, Tectonics, History, Genetics, Oceanography, Astrobiology, Metallurgy, Sedimentary rock, Astronomy, Mineralogy, Quantum mechanics, Proterozoic"
Marko Lončar,N/A,I136199984,"Physics, Materials science, Quantum mechanics, Optoelectronics, Optics, Engineering, Chemistry, Computer science, Electrical engineering, Organic chemistry, Composite material, Nanotechnology, Laser, Metallurgy, Telecommunications, Lithium niobate, Photonics, Diamond, Quantum, Biology, Medicine"
Lawrence L. Wald,N/A,I136199984,"Computer science, Medicine, Physics, Engineering, Radiology, Biology, Quantum mechanics, Artificial intelligence, Psychology, Electrical engineering, Magnetic resonance imaging, Optics, Computer vision, Neuroscience, Mathematics, Nuclear magnetic resonance, Telecommunications, Internal medicine, Materials science, Chemistry, Psychiatry, Electromagnetic coil"
Christophe Benoist,N/A,I136199984,"Biology, Genetics, Medicine, Chemistry, Biochemistry, Immunology, Gene, Immune system, Internal medicine, Cell biology, Antigen, Pathology, T cell, Physics, Antibody, Computer science, Disease, Endocrinology, In vitro"
Miguel A. Hernán,N/A,I136199984,"Medicine, Internal medicine, Pathology, Mathematics, Statistics, Biology, Computer science, Psychology, Surgery, Economics, Genetics, Econometrics, Sociology, Confidence interval, Physics, Observational study, Demography, Environmental health, Psychiatry, Causal inference, Population, Philosophy, Immunology"
Craig Gérard,N/A,I136199984,"Chemistry, Biology, Medicine, Genetics, Internal medicine, Biochemistry, Immunology, Receptor, Immune system, Inflammation, Computer science"
Michelle A. Williams,N/A,I136199984,"Medicine, Biology, Internal medicine, Pathology, Genetics, Mathematics, Statistics, Pregnancy, Endocrinology, Psychology, Obstetrics, Chemistry, Sociology, Biochemistry, Psychiatry, Computer science, Environmental health, Odds ratio, Demography, Confidence interval, Gestation, Diabetes mellitus"
Diego A. Pizzagalli,N/A,I136199984,"Psychology, Medicine, Biology, Neuroscience, Psychiatry, Internal medicine, Clinical psychology, Cognition, Endocrinology, Computer science, Social psychology, Economics, Psychotherapist, Macroeconomics, Keynesian economics, Depression (economics), Dopamine, Mood, Cognitive psychology, Amygdala, Programming language, Developmental psychology, Chemistry, Radiology, Pathology"
Michael J. Barry,N/A,I136199984,"Medicine, Biology, Internal medicine, Pathology, Genetics, Cancer, Surgery, Psychology, Prostate, Political science, Law, Prostate cancer, Mathematics, Family medicine, Gynecology, Computer science, Nursing, Endocrinology, Economics"
Christine S. Ritchie,N/A,I136199984,"Medicine, Psychology, Nursing, Internal medicine, Pathology, Biology, Psychiatry, Political science, Law, Economics, Gerontology, Sociology, Family medicine, Economic growth, Health care, Disease, Computer science, Palliative care, Mathematics, Statistics, Psychotherapist, Surgery, Demography"
John R. Weisz,N/A,I136199984,"Psychology, Medicine, Psychiatry, Clinical psychology, Psychotherapist, Developmental psychology, Biology, Pathology, Economics, Internal medicine, Computer science, Nursing, Political science, Anxiety, Law, Mathematics, Social psychology, Philosophy, Mental health, Surgery, Statistics, Neuroscience, Macroeconomics"
Ali S. Raja,N/A,I136199984,"Medicine, Psychology, Internal medicine, Psychiatry, Surgery, Biology, Nursing, Emergency department, Emergency medicine, Pathology, Computer science, Radiology, Medical emergency, Political science, Law, Physics, Economics, Mathematics, Chemistry"
Edward H Phillips,N/A,I136199984,"Engineering, Aeronautics, Business, Aerospace engineering, Medicine, Computer science, Aviation, Biology, Transport engineering, Internal medicine, Physics, Surgery, Geography"
Yu Shrike Zhang,N/A,I136199984,"Medicine, Biology, Engineering, Materials science, Chemistry, Genetics, Nanotechnology, Physics, Computer science, Biomedical engineering, Organic chemistry, Biochemistry, Composite material, Internal medicine, Chemical engineering, Pathology, Quantum mechanics, Tissue engineering, Thermodynamics, Cell biology"
Sharon K. Inouye,N/A,I136199984,"Medicine, Psychology, Psychiatry, Intensive care medicine, Delirium, Internal medicine, Biology, Pathology, Mathematics, Statistics, Neuroscience, Surgery, Disease, Political science, Law, Nursing, Dementia, Cognition, Computer science"
George C. Velmahos,N/A,I136199984,"Medicine, Internal medicine, Surgery, Biology, Psychology, Psychiatry, Pathology, Emergency medicine, Radiology, Anesthesia, Intensive care medicine, Mathematics, Chemistry, Computer science, Statistics"
Jessica Lasky‐Su,N/A,I136199984,"Biology, Medicine, Chemistry, Internal medicine, Genetics, Biochemistry, Gene, Immunology, Bioinformatics, Pathology, Asthma, Psychology, Computer science, Endocrinology, Mathematics, Genotype, Single-nucleotide polymorphism, Chromatography, Metabolomics, Psychiatry, Statistics"
Aaron M. Ellison,N/A,I136199984,"Biology, Ecology, Geology, Geography, Computer science, Paleontology, Botany, Mathematics, Physics, Chemistry, Medicine, Environmental science, History, Sociology, Engineering"
Hugo J.W.L. Aerts,N/A,I136199984,"Medicine, Computer science, Biology, Internal medicine, Radiology, Artificial intelligence, Genetics, Surgery, Mathematics, Pathology, Oncology, Psychology, Statistics, Cancer, Physics, Chemistry, Machine learning, Lung cancer, Radiomics, Nuclear medicine, Biochemistry, Philosophy, Radiation therapy"
Dorene M. Rentz,N/A,I136199984,"Medicine, Psychology, Biology, Neuroscience, Psychiatry, Internal medicine, Pathology, Cognition, Disease, Dementia, Alzheimer's disease, Cognitive impairment, Mathematics, Cognitive decline, Statistics, Radiology, Endocrinology, Chemistry, Gerontology, Audiology, Clinical psychology, Genetics, Computer science"
W. Allan Walker,N/A,I136199984,"Medicine, Biology, Internal medicine, Chemistry, Genetics, Biochemistry, Immunology, Pathology, Endocrinology, Geology, Physics, Computer science"
Theodore A. Stern,N/A,I136199984,"Medicine, Psychology, Psychiatry, Biology, Internal medicine, Engineering, Computer science, Physics, Economics"
J. Beckmann,N/A,I136199984,"Biology, Genetics, Chemistry, Biochemistry, Gene, Medicine, Internal medicine, Computational biology, Pathology, Endocrinology, Genotype, Computer science, Phenotype"
Daniel L. Hartl,N/A,I136199984,"Biology, Genetics, Chemistry, Biochemistry, Gene, Medicine, Evolutionary biology, Genome, Sociology, Environmental health, Demography, Population, Computer science"
Richard C Lewontin,N/A,I136199984,"Biology, Genetics, Computer science, Chemistry, Biochemistry, Gene, Philosophy, Evolutionary biology, Sociology, Medicine"
Anthony L. Zietman,N/A,I136199984,"Medicine, Internal medicine, Biology, Genetics, Cancer, Surgery, Radiology, Radiation therapy, Prostate cancer, Pathology, Oncology, Prostate, Urology, Mathematics, Physics, Computer science, Statistics, Bladder cancer"
P. Ellen Grant,N/A,I136199984,"Medicine, Psychology, Biology, Radiology, Neuroscience, Psychiatry, Internal medicine, Magnetic resonance imaging, Computer science, Genetics, Physics, Pathology, Artificial intelligence, Endocrinology, Chemistry, Mathematics, Surgery"
Editors,N/A,I136199984,"Computer science, Engineering, Geography, Political science, Philosophy, History"
Marc G. Weisskopf,N/A,I136199984,"Medicine, Biology, Internal medicine, Pathology, Mathematics, Statistics, Environmental health, Psychology, Chemistry, Sociology, Demography, Psychiatry, Genetics, Computer science, Population, Biochemistry, Confidence interval, Endocrinology, Organic chemistry, Surgery, Disease"
Sharmila Dorbala,N/A,I136199984,"Medicine, Internal medicine, Cardiology, Biology, Radiology, Psychology, Pathology, Psychiatry, Coronary artery disease, Nuclear medicine, Heart failure, Endocrinology, Perfusion, Surgery, Computer science, Physics, Myocardial perfusion imaging, Amyloidosis, Mathematics, Myocardial infarction, Transthyretin, Neuroscience, Statistics"
Bruce Fischl,N/A,I136199984,"Psychology, Medicine, Biology, Neuroscience, Computer science, Artificial intelligence, Radiology, Psychiatry, Computer vision, Internal medicine, Mathematics, Physics, Magnetic resonance imaging, Pathology, Cognitive psychology, Endocrinology, Genetics, Engineering, Pattern recognition (psychology), Chemistry, Optics, Statistics, Anatomy"
Petros Koumoutsakos,N/A,I136199984,"Physics, Computer science, Mathematics, Engineering, Thermodynamics, Quantum mechanics, Mechanics, Artificial intelligence, Geography, Biology, Geometry, Materials science, Chemistry, Machine learning, Meteorology, Aerospace engineering, Statistics, Geology, Algorithm, Composite material, Classical mechanics, Economics"
Lewis A. Lipsitz,N/A,I136199984,"Medicine, Biology, Internal medicine, Psychology, Pathology, Psychiatry, Endocrinology, Radiology, Neuroscience, Cardiology, Surgery, Mathematics, Physical therapy, Blood pressure, Computer science, Physics, Statistics, Physical medicine and rehabilitation, Gerontology, Anesthesia, Sociology"
Tianxi Cai,N/A,I136199984,"Medicine, Mathematics, Computer science, Statistics, Internal medicine, Biology, Pathology, Economics, Machine learning, Artificial intelligence, Psychology, Genetics, Chemistry, Surgery, Econometrics, Biochemistry, Physics, Data mining, Philosophy, Disease, Estimator, Radiology"
Mark Poster,N/A,I136199984,"History, Philosophy, Sociology, Political science, Art, Computer science, Law, Epistemology"
Michael Klompas,N/A,I136199984,"Medicine, Internal medicine, Biology, Intensive care medicine, Pathology, Surgery, Psychology, Geography, Psychiatry, Political science, Law, Immunology, Mathematics, Chemistry, History, Emergency medicine, Archaeology, Biochemistry, Genetics, Economics, Computer science, Economic growth, Health care, Microbiology, Disease"
Alex Toker,N/A,I136199984,"Chemistry, Biology, Genetics, Biochemistry, Medicine, Cell biology, Internal medicine, Signal transduction, Cancer research, Phosphorylation, Apoptosis, Cancer, Gene, Protein kinase B, Kinase, PI3K/AKT/mTOR pathway, Physics, Nuclear magnetic resonance, Organic chemistry, Enzyme, Breast cancer, Computer science"
David R. Nelson,N/A,I136199984,"Physics, Chemistry, Biology, Quantum mechanics, Materials science, Mathematics, Thermodynamics, Condensed matter physics, Organic chemistry, Engineering, Geology, Genetics, Biochemistry, Paleontology, Medicine, Composite material, Geometry, Geography, Computer science, Mechanics, Meteorology, Statistical physics"
Yoshito Kishi,N/A,I136199984,"Chemistry, Biology, Organic chemistry, Stereochemistry, Biochemistry, Genetics, Computer science, Combinatorial chemistry, Physics, Materials science, Medicine, Catalysis"
José M. Quintana,N/A,I136199984,"Medicine, Internal medicine, Biology, Mathematics, Computer science, Psychology, Pathology, Statistics, Psychiatry, Physics, Surgery, Nursing, Quantum mechanics, Machine learning"
Lisa Feldman Barrett,N/A,I136199984,"Psychology, Biology, Medicine, Cognitive psychology, Philosophy, Computer science, Neuroscience, Social psychology, Epistemology, Psychiatry, Sociology, Artificial intelligence, Linguistics, Developmental psychology, Communication, Cognition, Mathematics, Internal medicine, Physics"
John S. Brownstein,N/A,I136199984,"Medicine, Biology, Pathology, Computer science, Internal medicine, Virology, Disease, Environmental health, Political science, Nursing, Sociology, Law, Geography, Public health, Infectious disease (medical specialty), Demography, Mathematics, Outbreak, Economics, Psychology, Immunology, Genetics, Statistics, Coronavirus disease 2019 (COVID-19), World Wide Web"
Richard J. McNally,N/A,I136199984,"Psychology, Medicine, Psychiatry, Clinical psychology, Biology, Neuroscience, Philosophy, Anxiety, Psychotherapist, Cognition, Computer science, Cognitive psychology, Social psychology, Developmental psychology, Political science, Law, Linguistics, Mathematics"
Nathan Keyfitz,N/A,I136199984,"Sociology, Political science, Demography, Economics, Medicine, Computer science, Environmental health, Population, Geography, Mathematics, Law, Philosophy, History"
David C. Parkes,N/A,I136199984,"Computer science, Economics, Mathematics, Microeconomics, Business, Statistics, Philosophy, Artificial intelligence, Engineering, Mathematical economics, Epistemology, Physics, Political science, Programming language, Law, Mathematical optimization, Biology, Quantum mechanics, Machine learning, Operating system, Finance, Psychology, Market economy, Common value auction, Medicine"
Raymond Y. Kwong,N/A,I136199984,"Medicine, Internal medicine, Cardiology, Radiology, Psychology, Psychiatry, Biology, Magnetic resonance imaging, Pathology, Heart failure, Surgery, Myocardial infarction, Endocrinology, Chemistry, Cardiac magnetic resonance, Computer science, Coronary artery disease"
Jaime E. Hart,N/A,I136199984,"Medicine, Internal medicine, Biology, Environmental health, Mathematics, Pathology, Statistics, Sociology, Demography, Genetics, Surgery, Confidence interval, Chemistry, Computer science, Psychology, Physics, Ecology, Population, Cohort, Cohort study, Economics, Organic chemistry, Endocrinology, Cancer"
E. John Orav,N/A,I136199984,"Medicine, Internal medicine, Biology, Pathology, Psychology, Surgery, Mathematics, Psychiatry, Economics, Political science, Statistics, Law, Economic growth, Nursing, Sociology, Health care, Family medicine, Emergency medicine, Demography, Computer science, Endocrinology, Genetics, Chemistry, Environmental health"
Katie A. McLaughlin,N/A,I136199984,"Psychology, Medicine, Psychiatry, Clinical psychology, Biology, Developmental psychology, Neuroscience, Psychotherapist, Internal medicine, Sociology, Environmental health, Pathology, Psychopathology, Cognition, Mathematics, Computer science, Social psychology, Demography, Nursing, Political science, Law, Anxiety, Philosophy, Economics, Statistics"
William G. Richards,N/A,I136199984,"Biology, Medicine, Genetics, Chemistry, Internal medicine, Biochemistry, Pathology, Gene, Materials science, Computer science, Cancer research, Oncology, Cancer, Composite material, Mesothelioma, Physics"
Markus Greiner,N/A,I136199984,"Physics, Quantum mechanics, Computer science, Quantum, Condensed matter physics, Mathematics, Chemistry, Materials science"
Nancy L. Keating,N/A,I136199984,"Medicine, Biology, Internal medicine, Genetics, Cancer, Pathology, Mathematics, Political science, Family medicine, Law, Statistics, Sociology, Economics, Oncology, Nursing, Surgery, Psychology, Computer science, Demography, Environmental health, Economic growth, Breast cancer, Population, Health care, Psychiatry"
Gerald B. Pier,N/A,I136199984,"Biology, Genetics, Chemistry, Microbiology, Geology, Paleontology, Medicine, Bacteria, Biochemistry, Immunology, Gene, Internal medicine, Pseudomonas aeruginosa, Immune system, Antibody, Antigen, Staphylococcus aureus, Virology, Organic chemistry, Virulence"
Sydney S. Cash,N/A,I136199984,"Medicine, Biology, Psychology, Neuroscience, Psychiatry, Computer science, Electroencephalography, Internal medicine, Physics, Epilepsy, Artificial intelligence, Engineering, Mathematics, Endocrinology, Chemistry, Quantum mechanics"
Nancy Krieger,N/A,I136199984,"Medicine, Sociology, Political science, Pathology, Law, Biology, Internal medicine, Environmental health, Demography, Economics, Mathematics, Population, Nursing, Public health, Psychology, Economic growth, Genetics, Computer science, Philosophy, Geography, Statistics, Health care, Gerontology, Geology"
Stephen C. Harrison,N/A,I136199984,"Biology, Chemistry, Genetics, Biochemistry, Medicine, Gene, Physics, Immunology, Virology, Cell biology, Virus, Organic chemistry, Internal medicine, Nuclear magnetic resonance, Biophysics, Quantum mechanics, Antibody, Molecular biology, Computer science, Philosophy"
Stephen H. Thomas,N/A,I136199984,"Medicine, Biology, Internal medicine, Psychology, Surgery, Psychiatry, Pathology, Emergency medicine, Medical emergency, Anesthesia, Computer science, Mathematics, Nursing, Chemistry"
Jeremy Green,N/A,I136199984,"Computer science, Library science, Biology, World Wide Web, Political science, History, Subject (documents), Chemistry, Philosophy, Law, Genetics, Medicine, Biochemistry, Psychology, Art, Gene, Geography"
Rajiv Gupta,N/A,I136199984,"Computer science, Operating system, Engineering, Programming language, Mathematics, Parallel computing, Algorithm, Computer network, Electrical engineering, Economics, Physics, Combinatorics, Biology, Philosophy, Compiler, Distributed computing, Statistics, Theoretical computer science, Database"
R Myers,N/A,I136199984,Computer science
Paul E. Peterson,N/A,I136199984,"Political science, Economics, Law, Sociology, Psychology, Mathematics, Business, Computer science, Mathematics education, Politics, Public administration, Economic growth, Biology, Market economy"
David Lazer,N/A,I136199984,"Political science, Computer science, Medicine, Biology, Law, Pathology, Internal medicine, Sociology, Mathematics, Infectious disease (medical specialty), Disease, Coronavirus disease 2019 (COVID-19), Psychology, Economics, Philosophy, Virology, Outbreak, Business, 2019-20 coronavirus outbreak, Severe acute respiratory syndrome coronavirus 2 (SARS-CoV-2), Politics, Physics, Statistics, World Wide Web"
Robert J. Wood,N/A,I136199984,"Engineering, Computer science, Physics, Artificial intelligence, Quantum mechanics, Materials science, Electrical engineering, Thermodynamics, Robot, Biology, Mechanical engineering, Structural engineering, Medicine, Composite material, Actuator, Aerospace engineering, Operating system, Chemistry, Mathematics, Nanotechnology, Economics, Management, Simulation, Mechanics"
Bradford C. Dickerson,N/A,I136199984,"Medicine, Psychology, Biology, Internal medicine, Neuroscience, Pathology, Disease, Psychiatry, Dementia, Cognition, Genetics, Frontotemporal dementia, Radiology, Computer science, Chemistry, Alzheimer's disease, Cognitive psychology, Mathematics"
Augustus D. Mazzocca,N/A,I136199984,"Medicine, Biology, Surgery, Anatomy, Radiology, Pathology, Geology, Chemistry, Paleontology, Biochemistry, Rotator cuff, Genetics, Physics, Tendon, Internal medicine, Physical therapy, Immunology, Psychology, Orthodontics, Dentistry, Physical medicine and rehabilitation, Engineering"
Basil T. Darras,N/A,I136199984,"Medicine, Biology, Internal medicine, Genetics, Pathology, Chemistry, Biochemistry, Gene, Mathematics, Computer science, Disease, Algorithm, Combinatorics, SMA*, Psychology, Surgery, Spinal muscular atrophy, Physical medicine and rehabilitation, Psychiatry, Pediatrics, Neuroscience, Physical therapy, Anatomy, Endocrinology"
David Reich,N/A,I136199984,"Biology, Sociology, Medicine, Demography, Environmental health, Population, Genetics, Chemistry, Biochemistry, Gene, History, Geography, Evolutionary biology, Archaeology, Genotype, Ecology, Allele, Ancient DNA, Computer science, Philosophy, Geology, Single-nucleotide polymorphism, Political science"
Marek Kubicki,N/A,I136199984,"Computer science, Psychology, Medicine, Biology, Neuroscience, Radiology, Psychiatry, Magnetic resonance imaging, Diffusion MRI, White matter, Programming language, Schizophrenia (object-oriented programming), Chemistry, Fractional anisotropy, Internal medicine"
Margarita Alegrı́a,N/A,I136199984,"Medicine, Psychology, Psychiatry, Political science, Law, Sociology, Psychotherapist, Economics, Mental health, Pathology, Anthropology, Biology, Nursing, Demography, Clinical psychology, Ethnic group, Environmental health, Economic growth, Internal medicine, Gerontology, Health care, Computer science, Geography, History, Population"
Pamela A. Silver,N/A,I136199984,"Biology, Genetics, Chemistry, Biochemistry, Gene, Cell biology, Medicine, Computational biology, Computer science, Physics, Internal medicine, Psychology, Organic chemistry, Geology, Psychiatry, Cytoplasm"
James A. Tulsky,N/A,I136199984,"Medicine, Psychology, Nursing, Internal medicine, Biology, Psychiatry, Political science, Law, Family medicine, Pathology, Economics, Palliative care, Computer science, Sociology, Psychotherapist, Surgery, Mathematics, Economic growth, Health care, Statistics, Genetics, Philosophy"
Katia Bertoldi,N/A,I136199984,"Computer science, Mathematics, Physics, Materials science, Biology, Engineering, Medicine, Quantum mechanics, Composite material, Statistics, Thermodynamics, Replication (statistics), Virology, Chemistry, Structural engineering, Optics, Geology, Optoelectronics, Mechanical engineering, Organic chemistry"
Sonia Hernández–Dı́az,N/A,I136199984,"Medicine, Biology, Internal medicine, Genetics, Pregnancy, Pathology, Mathematics, Statistics, Obstetrics, Psychology, Pediatrics, Psychiatry, Sociology, Demography, Environmental health, Population, Surgery, Confidence interval, Computer science, Pharmacology, Chemistry, Biochemistry, Cohort, Cohort study, Economics"
Eric A. Secemsky,N/A,I136199984,"Medicine, Internal medicine, Cardiology, Surgery, Psychology, Psychiatry, Myocardial infarction, Pathology, Radiology, Biology, Mathematics, Statistics, Intensive care medicine, Computer science"
David G. Hunter,N/A,I136199984,"Medicine, Biology, Ophthalmology, Surgery, Psychology, Computer science, Physics, Anatomy, Philosophy, Optics, Optometry, Genetics, Chemistry, Strabismus, Pathology, Neuroscience, Internal medicine, Biochemistry"
Alan M. Zaslavsky,N/A,I136199984,"Medicine, Economics, Political science, Law, Psychology, Pathology, Internal medicine, Mathematics, Sociology, Biology, Environmental health, Statistics, Psychiatry, Demography, Computer science, Economic growth, Nursing, Health care, Population, Psychotherapist, Physics, Business, Family medicine, Mental health, Clinical psychology"
Sabine Wilhelm,N/A,I136199984,"Psychology, Medicine, Psychiatry, Biology, Clinical psychology, Psychotherapist, Neuroscience, Internal medicine, Cognition, Pathology, Anxiety, Surgery, Body dysmorphic disorder, Randomized controlled trial, Computer science, Nursing"
Hiroshi Higuchi,N/A,I136199984,"Biology, Medicine, Physics, Chemistry, Internal medicine, Engineering, Genetics, Biochemistry, Mathematics, Thermodynamics, Mechanics, Psychology, Computer science, Geometry, Geography, Geology, Aerospace engineering, Endocrinology, Surgery, Receptor, Materials science"
Shinichi Goto,N/A,I136199984,"Biology, Chemistry, Medicine, Physics, Internal medicine, Organic chemistry, Biochemistry, Engineering, Genetics, Computer science, Materials science, Thermodynamics, Psychology, Surgery"
Hiroko Matsumoto,N/A,I136199984,"Medicine, Biology, Internal medicine, Genetics, Chemistry, Physics, Psychology, Surgery, Psychiatry, Pathology, Biochemistry, Mathematics, Radiology, Materials science, Organic chemistry, Computer science, Scoliosis"
Lauren K. Brais,N/A,I136199984,"Medicine, Biology, Internal medicine, Genetics, Cancer, Chemistry, Biochemistry, Oncology, Pancreatic cancer, Gene, Cancer research, Colorectal cancer, Mutation, KRAS, Pathology, Computer science, Database, Table (database), Data mining"
Joanna Aizenberg,N/A,I136199984,"Materials science, Chemistry, Physics, Engineering, Nanotechnology, Organic chemistry, Biology, Composite material, Quantum mechanics, Chemical engineering, Computer science, Thermodynamics, Geology, Biochemistry, Medicine, Optics, Mathematics, Metallurgy, Physical chemistry, Paleontology"
Yoshihide Hayashizaki,N/A,I136199984,"Biology, Genetics, Chemistry, Biochemistry, Gene, Medicine, Computational biology, Internal medicine, Computer science, Gene expression, Cell biology"
Heidi L. Rehm,N/A,I136199984,"Biology, Genetics, Medicine, Chemistry, Biochemistry, Gene, Computational biology, Internal medicine, Computer science, Pathology, Genome, Phenotype, Bioinformatics, Mutation, Disease"
G. M. Guidi,N/A,I136199984,"Physics, Quantum mechanics, Computer science, Astronomy, Astrophysics, Engineering, Gravitational wave, Optics, Mathematics, Telecommunications, Electrical engineering, Detector, Binary number, Arithmetic, LIGO, Interferometry, Classical mechanics, Theoretical physics, Mathematical physics, General relativity, Electronic engineering, Gravitational-wave observatory, Geography, Neutron star"
Alexander C. Tsai,N/A,I136199984,"Medicine, Biology, Psychology, Sociology, Pathology, Internal medicine, Psychiatry, Environmental health, Demography, Political science, Economics, Nursing, Law, Family medicine, Mathematics, Immunology, Statistics, Virology, Population, Human immunodeficiency virus (HIV), Psychotherapist, Computer science, Genetics, Gerontology, Public health"
Rema Hanna,N/A,I136199984,"Mathematics, Computer science, Economics, Political science, Artificial intelligence, Chemistry, Law, Algorithm, Field (mathematics), Pure mathematics, Codebook, Business, Biology"
Michael J. Eck,N/A,I136199984,"Chemistry, Biology, Biochemistry, Genetics, Medicine, Internal medicine, Gene, Cell biology, Receptor, Organic chemistry, Physics, Nuclear magnetic resonance, Cancer research, Kinase, Cancer, Mutant, Mutation, Computer science, Enzyme, Signal transduction"
Mininder S. Kocher,N/A,I136199984,"Medicine, Surgery, Biology, Radiology, Anatomy, Pathology, Internal medicine, Psychology, Physical therapy, Mathematics, Geology, Physics, Statistics, Paleontology, Psychiatry, Alternative medicine, Anterior cruciate ligament, Sociology"
S. Prell,N/A,I136199984,"Physics, Particle physics, Quantum mechanics, Nuclear physics, Large Hadron Collider, Biology, Medicine, Geology, Anatomy, Paleontology, Atlas (anatomy), Hadron, Mathematics, Engineering, Computer science, Optics, Astronomy, Electron, Lepton, Boson, Geography, Astrophysics, Materials science, History, Archaeology"
Antonella Zanobetti,N/A,I136199984,"Medicine, Biology, Internal medicine, Environmental health, Mathematics, Statistics, Sociology, Demography, Ecology, Pathology, Geography, Chemistry, Physics, Organic chemistry, Population, Environmental science, Computer science, Confidence interval, Psychology, Meteorology, Surgery, Air pollution, Economics"
Eugene I. Shakhnovich,N/A,I136199984,"Chemistry, Biology, Physics, Biochemistry, Nuclear magnetic resonance, Genetics, Quantum mechanics, Cell biology, Computer science, Organic chemistry, Engineering, Gene, Protein folding, Mathematics, Computational biology, Electrical engineering, Mechanical engineering, Structural engineering, Folding (DSP implementation), Medicine, Statistical physics, Protein structure, Crystallography, Biophysics, Thermodynamics"
Ossama Al‐Mefty,N/A,I136199984,"Medicine, Surgery, Biology, Radiology, Anatomy, Pathology, Internal medicine, Psychology, Geology, Paleontology, Psychiatry, Neuroscience, Skull, Meningioma"
James M. Robins,N/A,I136199984,"Mathematics, Statistics, Computer science, Economics, Medicine, Econometrics, Pathology, Internal medicine, Machine learning, Artificial intelligence, Philosophy, Biology, Estimator, Psychology, Epistemology, Physics, Causal inference, Surgery, Confounding"
Aaron N. Hata,N/A,I136199984,"Biology, Medicine, Genetics, Internal medicine, Chemistry, Cancer research, Biochemistry, Cancer, Gene, Oncology, Pathology, Lung cancer, Mutation, Mutant, Colorectal cancer, KRAS, Receptor, Cell biology, Computer science"
Amy Berrington de González,N/A,I136199984,"Medicine, Internal medicine, Biology, Genetics, Cancer, Pathology, Sociology, Demography, Mathematics, Surgery, Oncology, Statistics, Environmental health, Physics, Population, Endocrinology, Breast cancer, Confidence interval, Radiology, Computer science"
Seok Hyun Yun,N/A,I136199984,"Physics, Materials science, Optics, Quantum mechanics, Engineering, Medicine, Biology, Chemistry, Computer science, Optoelectronics, Laser, Genetics, Organic chemistry, Composite material, Telecommunications, Nanotechnology, Pathology, Electrical engineering, Mathematics, Internal medicine, Wavelength, Psychology"
Elizabeth S. Spelke,N/A,I136199984,"Psychology, Computer science, Biology, Philosophy, Neuroscience, Mathematics, Cognitive psychology, Medicine, Artificial intelligence, Linguistics, Epistemology, Sociology, Psychiatry, Physics, Cognition, Developmental psychology, Communication, Engineering, Cognitive science, Object (grammar), Political science, Perception"
Michael P. Brenner,N/A,I136199984,"Physics, Computer science, Chemistry, Quantum mechanics, Mathematics, Engineering, Materials science, Biology, Thermodynamics, Mechanics, Geography, Organic chemistry, Geology, Composite material, Geometry"
Samuel J. Lin,N/A,I136199984,"Medicine, Surgery, Biology, Internal medicine, Pathology, Genetics, Psychology, Mathematics, Computer science, Political science, Law, Cancer, Breast cancer, Ophthalmology, Sociology, Physics, Radiology, Statistics, Anatomy"
Kathleen H. Burns,N/A,I136199984,"Biology, Genetics, Chemistry, Biochemistry, Gene, Medicine, Genome, Internal medicine, Computational biology, Biomarker, Mathematics, DNA, Mutant, Computer science, Transposable element, Geometry, Line (geometry), Gene expression"
Subba R. Digumarthy,N/A,I136199984,"Medicine, Internal medicine, Biology, Genetics, Pathology, Chemistry, Oncology, Radiology, Cancer, Biochemistry, Surgery, Gene, Cancer research, Mutation, Lung cancer, Colorectal cancer, KRAS, Computer science, Physics, Philosophy, Linguistics, Mathematics, Lung"
Andrzej Niemierko,N/A,I136199984,"Medicine, Internal medicine, Biology, Genetics, Surgery, Cancer, Radiology, Pathology, Oncology, Radiation therapy, Mathematics, Statistics, Physics, Breast cancer, Nuclear medicine, Chemistry, Computer science"
Gregory Nagy,N/A,I136199984,"Art, Philosophy, History, Literature, Computer science, Linguistics, Political science"
Tamar Sofer,N/A,I136199984,"Medicine, Biology, Genetics, Chemistry, Internal medicine, Biochemistry, Gene, Sociology, Psychology, Pathology, Demography, Genotype, Computer science, Single-nucleotide polymorphism, Mathematics, Endocrinology, Genome-wide association study, Environmental health, Statistics, Psychiatry, Population, Programming language, Neuroscience, Genetic association"
Carrie Wade,N/A,I136199984,"Physics, Engineering, Astronomy, Aerospace engineering, Course (navigation), Medicine, Computer science, Political science, Library science, Medical education, Nursing, Law, Psychology, Sociology, Pathology"
Beth Azar,N/A,I136199984,"Psychology, Computer science, Biology, Political science, Medicine"
Eli Peli,N/A,I136199984,"Computer science, Physics, Artificial intelligence, Optics, Computer vision, Psychology, Medicine, Biology, Neuroscience, Engineering, Ophthalmology, Mathematics, Optometry, Philosophy, Chemistry, Visual field, Geography"
Dennis Anderson,N/A,I136199984,"Medicine, Computer science, Internal medicine, Pathology, Psychology, Disease, Framingham Risk Score, Framingham Heart Study, World Wide Web, Library science, Subject (documents), Biology"
Kenneth D. Mandl,N/A,I136199984,"Medicine, Computer science, Biology, Pathology, Internal medicine, Political science, Law, Economics, Mathematics, Psychology, Economic growth, Statistics, Health care, Nursing, Operating system, Psychiatry, World Wide Web, Engineering, Genetics, Sociology, Business, Chemistry"
Helen A. Shih,N/A,I136199984,"Medicine, Internal medicine, Surgery, Biology, Radiology, Radiation therapy, Pathology, Genetics, Physics, Oncology, Cancer, Cancer research, Nuclear medicine, Psychology, Optics, Mathematics, Quantum mechanics, Engineering, Chemistry, Nuclear physics, Statistics, Computer science, Civil engineering"
Natalia S. Rost,N/A,I136199984,"Medicine, Internal medicine, Physics, Engineering, Psychology, Thermodynamics, Mechanical engineering, Aerospace engineering, Stroke (engine), Biology, Cardiology, Psychiatry, Pathology, Mathematics, Radiology, Statistics, Surgery, Magnetic resonance imaging, Chemistry, Biochemistry, Ischemia, Computer science, Ischemic stroke, Neuroscience, Genetics"
Michael D. Hughes,N/A,I136199984,"Medicine, Biology, Internal medicine, Pathology, Immunology, Virology, Genetics, Family medicine, Human immunodeficiency virus (HIV), Virus, Mathematics, Surgery, Psychology, Viral load, Statistics, Chemistry, Sociology, Disease, Antiretroviral therapy, Computer science, Biochemistry, Bioinformatics"
Shane Greenstein,N/A,I136199984,"Computer science, Business, Economics, Political science, Operating system, Law, Engineering, World Wide Web, Mathematics, The Internet, Physics, Philosophy, Telecommunications, Marketing, Industrial organization, Geography"
Max H. Bazerman,N/A,I136199984,"Political science, Psychology, Computer science, Law, Economics, Sociology, Social psychology, Philosophy, Mathematics, Business, Social science, Epistemology, Negotiation, Engineering, Biology, Microeconomics, Artificial intelligence"
Karen H. Costenbader,N/A,I136199984,"Medicine, Internal medicine, Biology, Pathology, Immunology, Disease, Mathematics, Psychology, Genetics, Statistics, Psychiatry, Surgery, Antibody, Systemic lupus erythematosus, Rheumatoid arthritis, Chemistry, Sociology, Biochemistry, Computer science, Radiology"
Michael I. Norton,N/A,I136199984,"Psychology, Social psychology, Political science, Law, Economics, Computer science, Philosophy, Business, Biology, Mathematics, Sociology, Epistemology, Medicine"
Dae Hyun Kim,N/A,I136199984,"Medicine, Internal medicine, Biology, Pathology, Mathematics, Psychology, Statistics, Surgery, Psychiatry, Gerontology, Computer science, Endocrinology, Political science, Law, Sociology, Cardiology, Demography, Economics, Chemistry, Nursing"
Lawrence C Katz,N/A,I136199984,"Biology, Psychology, Medicine, Neuroscience, Computer science, Chemistry, Internal medicine, Biochemistry, Genetics"
Edward T. Ryan,N/A,I136199984,"Medicine, Biology, Pathology, Genetics, Virology, Immunology, Internal medicine, Microbiology, Geology, Paleontology, Chemistry, Bacteria, Biochemistry, Vibrio cholerae, Antibody, Cholera, Gene, Immune system, Antigen"
Michael Mitzenmacher,N/A,I136199984,"Computer science, Mathematics, Programming language, Algorithm, Statistics, Engineering, Operating system, Computer security, Theoretical computer science, Computer network, Artificial intelligence, Combinatorics, Physics, Discrete mathematics, Philosophy, Mathematical analysis, Biology, Economics, Mathematical optimization, Telecommunications"
I. Glenn Cohen,N/A,I136199984,"Political science, Law, Medicine, Economics, Biology, Computer science, Psychology, Business, Sociology, Genetics, Economic growth, Philosophy, Health care, Geography, History, Archaeology"
Seward B. Rutkove,N/A,I136199984,"Medicine, Biology, Internal medicine, Endocrinology, Psychology, Pathology, Physics, Cardiology, Anatomy, Physical medicine and rehabilitation, Engineering, Computer science, Neuroscience, Genetics, Chemistry, Electrical impedance myography, Vasodilation, Mathematics, Quantum mechanics, Surgery, Psychiatry, Disease, Radiology, Electrical engineering"
Mark A. Talamini,N/A,I136199984,"Medicine, Surgery, Internal medicine, Biology, General surgery, Radiology, Pathology, Endocrinology, Gastroenterology, Genetics, Mathematics, Computer science, Laparoscopy, Chemistry, Physics, Anesthesia, Statistics, Abdominal surgery"
Laura M. Spring,N/A,I136199984,"Biology, Genetics, Medicine, Internal medicine, Cancer, Breast cancer, Chemistry, Oncology, Biochemistry, Mathematics, Metastatic breast cancer, Biomarker, Pathology, Geometry, Surgery, Cancer research, Line (geometry), Computer science"
Craig P. Hersh,N/A,I136199984,"Medicine, Biology, Internal medicine, Genetics, Chemistry, Biochemistry, Psychology, Psychiatry, Gene, COPD, Pathology, Immunology, Mathematics, Computational biology, Philosophy, Genotype, Statistics, Single-nucleotide polymorphism, Computer science, Linguistics, Pulmonary disease, Lung"
David P. White,N/A,I136199984,"Medicine, Internal medicine, Biology, Anesthesia, Psychology, Psychiatry, Cardiology, Physics, Obstructive sleep apnea, Neuroscience, Computer science, Geography, Apnea, Meteorology, Surgery, Sleep apnea, Programming language, Anatomy, Operating system, Electroencephalography, Sleep (system call), Airway, Pathology, Engineering, Philosophy"
William Klemperèr,N/A,I136199984,"Physics, Quantum mechanics, Chemistry, Organic chemistry, Atomic physics, Molecule, Astronomy, Computer science, Engineering, Optics, Materials science, Spectral line, Mathematics, Biology, Nuclear physics"
Yogesh Rathi,N/A,I136199984,"Medicine, Psychology, Computer science, Radiology, Magnetic resonance imaging, Diffusion MRI, Biology, Artificial intelligence, White matter, Neuroscience, Mathematics, Physics, Psychiatry, Computer vision, Cognitive psychology, Engineering, Tractography, Statistics, Pattern recognition (psychology), Quantum mechanics, Internal medicine, Programming language, Machine learning, Chemistry"
Hiroko H. Dodge,N/A,I136199984,"Medicine, Psychology, Internal medicine, Pathology, Biology, Psychiatry, Disease, Neuroscience, Cognition, Dementia, Gerontology, Mathematics, Computer science, Statistics, Sociology, Cognitive impairment, Political science, Law, Clinical psychology, Demography"
Alfonso Caramazza,N/A,I136199984,"Psychology, Philosophy, Computer science, Biology, Linguistics, Cognitive psychology, Neuroscience, Artificial intelligence, Medicine, Psychiatry, Cognition, Natural language processing, Epistemology, Mathematics, Physics, Political science, Law, Programming language, Sociology, Cognitive science, Communication"
Ciarán P. Kelly,N/A,I136199984,"Medicine, Biology, Internal medicine, Chemistry, Biochemistry, Pathology, Genetics, Gastroenterology, Disease, Microbiology, Immunology, Antibiotics, Clostridium difficile, Surgery, Geology, Physics, Mathematics, Paleontology, Food science"
Amir Yacoby,N/A,I136199984,"Physics, Quantum mechanics, Condensed matter physics, Materials science, Engineering, Nuclear physics, Electron, Chemistry, Nanotechnology, Thermodynamics, Optoelectronics, Quantum, Magnetic field, Mathematics, Computer science, Aerospace engineering, Organic chemistry, Mechanical engineering, Optics, Composite material, Spin (aerodynamics), Biology, Electrical engineering, Metallurgy, Medicine"
Jeff A. Valenti,N/A,I136199984,"Physics, Astronomy, Astrophysics, Computer science, Computer vision, Stars, Quantum mechanics, Biology, Planet, Astrobiology, Optics, Spectral line, Galaxy, Geography, Mathematics, Exoplanet, Geology"
Valentina Nardi,N/A,I136199984,"Biology, Medicine, Genetics, Internal medicine, Chemistry, Biochemistry, Cancer research, Gene, Cancer, Oncology, Mutation, Colorectal cancer, KRAS, Pancreatic cancer, Pathology, Computer science, Immunology, Database, Data mining, Table (database)"
Robert N. Stavins,N/A,I136199984,"Economics, Biology, Ecology, Political science, Business, Geology, Geography, Environmental science, Natural resource economics, Oceanography, Computer science, Law, Climate change, Greenhouse gas, Mathematics, Physics, Philosophy, History, Engineering, Public economics, Environmental economics, Archaeology, Environmental resource management, Microeconomics"
David M. Shahian,N/A,I136199984,"Medicine, Internal medicine, Surgery, Cardiology, Psychology, Psychiatry, Computer science, Pathology, Political science, Economics, Mathematics, Law, Biology, Physics, Statistics, Radiology, Engineering"
Eric J. Heller,N/A,I136199984,"Physics, Quantum mechanics, Mathematics, Computer science, Quantum, Optics, Atomic physics, Engineering, Chemistry, Materials science, Condensed matter physics, Classical mechanics, Nuclear physics, Statistical physics, Semiclassical physics, Geometry, Mathematical analysis, Thermodynamics"
Julie C. Price,N/A,I136199984,"Medicine, Biology, Psychology, Internal medicine, Neuroscience, Psychiatry, Pathology, Radiology, Chemistry, Disease, Cognition, Nuclear medicine, Genetics, Endocrinology, Dementia, Alzheimer's disease, Cognitive impairment, Computer science, Positron emission tomography, Biochemistry, Pittsburgh compound B, Botany, Physics"
Milton C. Weinstein,N/A,I136199984,"Medicine, Biology, Economics, Mathematics, Internal medicine, Pathology, Statistics, Business, Engineering, Political science, Law, Psychology, Environmental health, Risk analysis (engineering), Sociology, Management, Demography, Computer science, Operations management, Genetics, Nursing, Cost effectiveness, Population, Immunology, Family medicine"
Quanzheng Li,N/A,I136199984,"Computer science, Artificial intelligence, Medicine, Mathematics, Psychology, Computer vision, Physics, Radiology, Biology, Machine learning, Pattern recognition (psychology), Cognitive psychology, Image (mathematics), Statistics, Engineering, Philosophy, Quantum mechanics, Algorithm, Optics, Internal medicine, Neuroscience, Nuclear medicine"
Kevin Spencer,N/A,I136199984,"Medicine, Biology, Genetics, Pregnancy, Psychology, Obstetrics, Chemistry, Psychiatry, Internal medicine, Gestation, Fetus, Biochemistry, Computer science, Gynecology, First trimester, Endocrinology, Trisomy, Down syndrome, Gene, Mathematics, Neuroscience, Physics, Chromosome, Aneuploidy"
James H. Stock,N/A,I136199984,"Economics, Mathematics, Computer science, Econometrics, Statistics, Biology, Machine learning, Physics, Business, Macroeconomics, Geology, Keynesian economics, Quantum mechanics, Finance, Monetary economics, Philosophy, Paleontology, Ecology"
Mark J. Siedner,N/A,I136199984,"Medicine, Biology, Pathology, Internal medicine, Immunology, Virology, Family medicine, Human immunodeficiency virus (HIV), Genetics, Mathematics, Sociology, Statistics, Environmental health, Demography, Psychology, Virus, Nursing, Viral load, Economics, Population, Computer science, Surgery, Political science, Psychiatry, Law"
Catherine E. Snow,N/A,I136199984,"Psychology, Philosophy, Mathematics, Linguistics, Sociology, Political science, Computer science, Law, Mathematics education, Pedagogy, Economics, Economic growth, Developmental psychology, Medicine, Reading (process), Literacy, Physics, Biology"
Nancy A. Rigotti,N/A,I136199984,"Medicine, Pathology, Psychology, Internal medicine, Smoking cessation, Biology, Psychiatry, Environmental health, Political science, Nursing, Law, Sociology, Surgery, Family medicine, Demography, Mathematics, Philosophy, Population, Statistics, Randomized controlled trial, Chemistry, Neuroscience, Computer science, Public health, Economics"
Paul J. Schmidt,N/A,I136199984,"Medicine, Biology, Internal medicine, Chemistry, Genetics, Immunology, Biochemistry, Psychology, Computer science, Pathology, Physics, Psychiatry, Surgery, Organic chemistry"
James M. Perrin,N/A,I136199984,"Medicine, Psychology, Political science, Law, Economics, Psychiatry, Family medicine, Economic growth, Biology, Pathology, Internal medicine, Health care, Sociology, Nursing, Pediatrics, Computer science, Mathematics"
Arthur McClelland,N/A,I136199984,"Materials science, Chemistry, Organic chemistry, Biology, Physics, Optics, Quantum mechanics, Engineering, Chemical engineering, Specular reflection, Computer science, Fourier transform infrared spectroscopy, Composite material, Art, Programming language, Reflection (computer programming), Biochemistry, Polymer science, Food science"
Pratiti Bandopadhayay,N/A,I136199984,"Biology, Medicine, Genetics, Internal medicine, Cancer research, Chemistry, Biochemistry, Gene, Cancer, Pathology, Computer science, Glioma, Psychology"
Shawn N. Murphy,N/A,I136199984,"Medicine, Computer science, Biology, Internal medicine, Pathology, Mathematics, Statistics, Political science, Economics, Law, Psychology, Disease, Surgery, Engineering, Genetics, Chemistry, Economic growth, Artificial intelligence, Health care, Operating system, Data science, Biochemistry"
Joseph P. Vacanti,N/A,I136199984,"Medicine, Biology, Genetics, Chemistry, Internal medicine, Engineering, Biomedical engineering, Biochemistry, Surgery, Tissue engineering, Cell biology, Pathology, Materials science, Computer science, Anatomy, In vitro, Physics, Endocrinology, Transplantation"
Richard Platt,N/A,I136199984,"Medicine, Biology, Internal medicine, Pathology, Surgery, Computer science, Mathematics, Political science, Law, Genetics, Chemistry, Statistics, Psychology, Intensive care medicine, Economics, Biochemistry, Psychiatry, Nursing, Environmental health, Economic growth, Microbiology, Radiology, Health care"
D. Branch Moody,N/A,I136199984,"Biology, Medicine, Chemistry, Genetics, Biochemistry, Immunology, Gene, Antigen, Immune system, Cell biology, Internal medicine, Physics, Computer science, T cell, Geology, In vitro, Pathology, Psychology, Paleontology, Cytotoxic T cell"
Jennifer A. Lewis,N/A,I136199984,"Chemistry, Materials science, Engineering, Physics, Organic chemistry, Composite material, Quantum mechanics, Computer science, Biology, Nanotechnology, Medicine, Thermodynamics, Metallurgy, Chemical engineering, Physical chemistry, Mathematics, Optics, Biochemistry, Electrical engineering, Geology, Optoelectronics, Mechanical engineering"
Ary L. Goldberger,N/A,I136199984,"Medicine, Internal medicine, Computer science, Biology, Cardiology, Physics, Psychology, Mathematics, Quantum mechanics, Endocrinology, Radiology, Engineering"
Jeanne‐Marie Guise,N/A,I136199984,"Medicine, Biology, Computer science, Political science, Law, Genetics, Psychology, Pathology, Internal medicine, Obstetrics, Pregnancy, Economics, Database, Data mining, Table (database), Mathematics, Surgery"
Issa J Dahabreh,N/A,I136199984,"Medicine, Computer science, Internal medicine, Mathematics, Pathology, Statistics, Biology, Surgery, Psychology, Economics, Chemistry"
Michael H. Lev,N/A,I136199984,"Medicine, Internal medicine, Radiology, Psychology, Physics, Psychiatry, Biology, Engineering, Surgery, Thermodynamics, Mechanical engineering, Cardiology, Aerospace engineering, Stroke (engine), Computer science, Pathology, Mathematics, Chemistry, Nursing, Nuclear medicine, Emergency department, Magnetic resonance imaging, Neuroscience, Biochemistry, Statistics"
János Kornai,N/A,I136199984,"Political science, Economics, Philosophy, Law, Computer science, Politics, Sociology, Mathematics, Art, Market economy, Economic system, Business"
Jeffrey Peppercorn,N/A,I136199984,"Medicine, Biology, Internal medicine, Genetics, Cancer, Breast cancer, Pathology, Oncology, Psychology, Surgery, Mathematics, Sociology, Chemistry, Psychiatry, Family medicine, Nursing, Biochemistry, Demography, Political science, Law, Statistics, Economics, Computer science, Environmental health, Population"
Daniel Jacob,N/A,I136199984,"Chemistry, Biology, Physics, Geology, Organic chemistry, Geography, Computer science, Environmental science, Ecology, Meteorology, Atmospheric sciences, Biochemistry, Climatology, Engineering, Oceanography, Chromatography"
Bruce E. Landon,N/A,I136199984,"Medicine, Political science, Economics, Law, Economic growth, Health care, Family medicine, Internal medicine, Pathology, Nursing, Business, Biology, Sociology, Mathematics, Computer science, Psychology, Statistics, Demography, Surgery, Physics, Environmental health, Psychiatry, Population, Emergency medicine, Finance"
Beryl R. Benacerraf,N/A,I136199984,"Medicine, Biology, Genetics, Pregnancy, Fetus, Internal medicine, Obstetrics, Radiology, Surgery, Psychology, Physics, Pathology, Computer science, Gestation, Anatomy, Prenatal diagnosis, Gynecology, Chemistry"
Michael C. Monuteaux,N/A,I136199984,"Medicine, Psychology, Psychiatry, Internal medicine, Pathology, Biology, Surgery, Nursing, Mathematics, Emergency medicine, Statistics, Pediatrics, Emergency department, Clinical psychology, Environmental health, Medical emergency, Computer science, Confidence interval, Sociology, Genetics, Chemistry, Political science, Law"
Richard W. Wrangham,N/A,I136199984,"Biology, Ecology, Sociology, Psychology, Medicine, Zoology, Geography, Geology, Paleontology, History, Genetics, Archaeology, Chemistry, Demography, Computer science, Social psychology, Evolutionary biology, Political science, Anthropology, Developmental psychology, Law"
Stephen M. Kosslyn,N/A,I136199984,"Psychology, Biology, Neuroscience, Medicine, Computer science, Cognitive psychology, Psychiatry, Cognition, Philosophy, Artificial intelligence, Mental image, Epistemology, Cognitive science, Mathematics, Perception"
Harrison G. Pope,N/A,I136199984,"Medicine, Psychology, Psychiatry, Biology, Internal medicine, Clinical psychology, Endocrinology, Pathology, Neuroscience, Psychotherapist, Chemistry, Biochemistry, Social psychology, Computer science"
Molin Wang,N/A,I136199984,"Medicine, Internal medicine, Biology, Mathematics, Pathology, Statistics, Genetics, Chemistry, Surgery, Endocrinology, Cancer, Computer science, Biochemistry, Confidence interval, Sociology, Physics, Oncology, Economics, Environmental health"
Karlheinz Stockhausen,N/A,I136199984,"Art, Computer science, Philosophy"
Michael E. Chernew,N/A,I136199984,"Economics, Medicine, Political science, Law, Business, Economic growth, Health care, Computer science, Biology, Actuarial science, Finance, Mathematics, Nursing, Sociology, Family medicine, Physics, Statistics, Pathology, Internal medicine, Psychology, World Wide Web, Philosophy, Demography, Environmental health, Payment"
Brian C. Healy,N/A,I136199984,"Medicine, Biology, Psychology, Psychiatry, Internal medicine, Pathology, Immunology, Multiple sclerosis, Mathematics, Statistics, Disease, Genetics, Neuroscience, Surgery, Computer science, Radiology, Chemistry"
Akira Tsuda,N/A,I136199984,"Medicine, Biology, Internal medicine, Psychology, Chemistry, Physics, Psychiatry, Pathology, Genetics, Philosophy, Biochemistry, Endocrinology, Engineering, Linguistics, Quantum mechanics, Computer science, Mathematics, Thermodynamics, Materials science, Geography"
Daniel H. Rich,N/A,I136199984,"Chemistry, Physics, Biology, Organic chemistry, Biochemistry, Nuclear magnetic resonance, Quantum mechanics, Stereochemistry, Materials science, Genetics, Optics, Optoelectronics, Peptide, Computer science, Enzyme, Composite material, Nanotechnology, Medicine, Condensed matter physics, Luminescence"
Kathryn L. Penney,N/A,I136199984,"Biology, Medicine, Genetics, Internal medicine, Cancer, Prostate cancer, Oncology, Chemistry, Biochemistry, Pathology, Gene, Prostate, Genotype, Mathematics, Single-nucleotide polymorphism, Statistics, Cancer research, Computer science"
Peter McL. Black,N/A,I136199984,"Medicine, Biology, Surgery, Radiology, Psychology, Internal medicine, Psychiatry, Pathology, Genetics, Neuroscience, Physics, Computer science, Chemistry, Cancer research"
Troyen A. Brennan,N/A,I136199984,"Medicine, Political science, Law, Economics, Psychology, Biology, Business, Internal medicine, Family medicine, Nursing, Economic growth, Computer science, Health care, Mathematics, Pathology, Psychiatry, Surgery, Statistics, Philosophy"
Harald von Boehmer,N/A,I136199984,"Biology, Genetics, Medicine, Chemistry, Biochemistry, Immunology, Immune system, Cell biology, Gene, Internal medicine, T cell, Antigen, Molecular biology, In vitro, T-cell receptor, CD8, Cytotoxic T cell, Receptor, Computer science"
John T. Edsall,N/A,I136199984,"Chemistry, Biology, Computer science, Physics, Biochemistry, Library science"
Shaun Purcell,N/A,I136199984,"Biology, Medicine, Genetics, Chemistry, Biochemistry, Gene, Psychology, Psychiatry, Computer science, Genotype, Internal medicine, Single-nucleotide polymorphism, Programming language, Neuroscience, Genome-wide association study, Sociology, Mathematics, Genetic association, Demography, Endocrinology, Statistics, Environmental health, Schizophrenia (object-oriented programming), Population, Pathology"
Myron Spector,N/A,I136199984,"Medicine, Biology, Chemistry, Genetics, Engineering, Biochemistry, Materials science, Anatomy, Pathology, Cell biology, Internal medicine, Biomedical engineering, Surgery, Physics, Computer science, Organic chemistry, Composite material, In vitro, Endocrinology"
Peter Höflich,N/A,I136199984,"Physics, Astronomy, Astrophysics, Quantum mechanics, Supernova, Computer science, Computer vision, Stars, Philosophy, Biology, Spectral line, Optics, Chemistry"
Ana‐Maria Vranceanu,N/A,I136199984,"Medicine, Psychology, Psychiatry, Biology, Psychotherapist, Clinical psychology, Nursing, Pathology, Physical therapy, Internal medicine, Neuroscience, Surgery, Sociology, Economics, Anxiety, Political science, Law, Philosophy, Psychological intervention, Psychosocial, Chronic pain, Computer science"
Kathy L. Gilbert,N/A,I136199984,"Political science, Law, History, Computer science, Philosophy, Sociology, Geography, Business"
Charles C. Davis,N/A,I136199984,"Biology, Ecology, Geology, Botany, Chemistry, Genetics, Paleontology, Computer science, Geography, Biochemistry, Gene, Oceanography, Evolutionary biology, Phylogenetic tree, Phylogenetics, Zoology, Physics"
Mark P. Little,N/A,I136199984,"Medicine, Internal medicine, Biology, Mathematics, Genetics, Physics, Pathology, Statistics, Environmental health, Cancer, Sociology, Demography, Quantum mechanics, Nuclear physics, Population, Chemistry, Nuclear medicine, Optics, Computer science, Confidence interval, Cohort, Surgery, Endocrinology"
Carl Wunsch,N/A,I136199984,"Geology, Physics, Oceanography, Geography, Climatology, Meteorology, Engineering, Biology, Quantum mechanics, Computer science, Mathematics, Mechanics, Environmental science, Thermodynamics, Ecology, Geodesy, Aerospace engineering, Astronomy, Ocean current, Atmospheric sciences, Optics"
Francesca Gino,N/A,I136199984,"Psychology, Social psychology, Political science, Computer science, Philosophy, Law, Economics, Epistemology, Biology, Sociology, Business, Mathematics, Physics, Medicine, Engineering"
Robert A. Parker,N/A,I136199984,"Medicine, Biology, Internal medicine, Computer science, Psychology, Pathology, Physics, Chemistry, Genetics, Psychiatry, Mathematics, Surgery"
William A. Carlezon,N/A,I136199984,"Medicine, Psychology, Biology, Neuroscience, Internal medicine, Chemistry, Genetics, Biochemistry, Psychiatry, Endocrinology, Computer science, Receptor, Pharmacology, Library science, Dopamine, Editorial board"
Tom A. Rapoport,N/A,I136199984,"Biology, Chemistry, Biochemistry, Genetics, Cell biology, Gene, Medicine, Physics, Organic chemistry, Membrane, Internal medicine, Endoplasmic reticulum, Nuclear magnetic resonance, Membrane protein, Enzyme, Biophysics, RNA, Chromosomal translocation, Ribosome, Computer science, Translocon"
Michael Romano,N/A,I136199984,"Business, Computer science, Political science, Medicine, Law, Economics, Physics, Psychology, Quantum mechanics, Engineering, Mathematics, Astronomy"
Umar Mahmood,N/A,I136199984,"Medicine, Biology, Genetics, Internal medicine, Chemistry, Cancer, Biochemistry, Pathology, Physics, Radiology, Cancer research, Surgery, Immunology, Psychology, Oncology, Biotechnology, Computer science, In vivo"
Thomas Bortfeld,N/A,I136199984,"Medicine, Physics, Radiology, Internal medicine, Surgery, Computer science, Radiation therapy, Engineering, Optics, Quantum mechanics, Nuclear medicine, Mathematics, Structural engineering, Civil engineering, Beam (structure), Biology, Nuclear physics, Medical physics, Proton, Artificial intelligence, Proton therapy, Radiation treatment planning, Statistics, Chemistry"
Henrik Malchau,N/A,I136199984,"Medicine, Surgery, Radiology, Biology, Arthroplasty, Physics, Pathology, Internal medicine, Psychology, Total hip arthroplasty, Computer science, Mathematics, Anatomy, Chemistry, Geology, Physical therapy, Engineering, Nuclear physics, Materials science, Paleontology, Psychiatry, Orthodontics, Radiography, Composite material, Implant"
Eric Mazur,N/A,I136199984,"Physics, Quantum mechanics, Optics, Materials science, Optoelectronics, Chemistry, Engineering, Laser, Organic chemistry, Electrical engineering, Composite material, Femtosecond, Computer science, Nanotechnology, Metallurgy, Nuclear physics, Biology, Condensed matter physics, Medicine, Thermodynamics"
Joseph T. Giacino,N/A,I136199984,"Medicine, Psychology, Psychiatry, Biology, Neuroscience, Philosophy, Traumatic brain injury, Epistemology, Consciousness, Physical therapy, Internal medicine, Minimally conscious state, Surgery, Mathematics, Pathology, Anesthesia, Rehabilitation, Persistent vegetative state, Physics, Physical medicine and rehabilitation, Statistics, Glasgow Coma Scale, Computer science"
Joanne Wolfe,N/A,I136199984,"Medicine, Psychology, Nursing, Internal medicine, Biology, Family medicine, Palliative care, Genetics, Psychiatry, Cancer, Psychotherapist, Political science, Pathology, Law, Economics, Mathematics, Pediatrics, Sociology, Statistics, Economic growth, Surgery, Intensive care medicine, Computer science"
Alexandra J. Golby,N/A,I136199984,"Medicine, Radiology, Biology, Psychology, Computer science, Physics, Magnetic resonance imaging, Artificial intelligence, Neuroscience, Surgery, Psychiatry, Internal medicine, Pathology, Computer vision, Mathematics, Engineering, Genetics, Diffusion MRI"
W. S. Fyfe,N/A,I136199984,"Geology, Biology, Paleontology, Chemistry, Geochemistry, Physics, Materials science, Organic chemistry, Engineering, Metallurgy, Mineralogy, Ecology, Seismology, Composite material, Geography, Quantum mechanics, Chemical engineering, Earth science, Environmental science"
Robert T. Morris,N/A,I136199984,"Medicine, Biology, Genetics, Internal medicine, Cancer, Chemistry, Biochemistry, Pathology, Surgery, Oncology, Gene, Cancer research, Ovarian cancer, Immunology, Geology"
David C. Alsop,N/A,I136199984,"Medicine, Biology, Radiology, Internal medicine, Psychology, Magnetic resonance imaging, Physics, Neuroscience, Computer science, Psychiatry, Cardiology, Anesthesia, Pathology, Chemistry, Nuclear magnetic resonance, Perfusion, Cerebral blood flow, Engineering, Genetics, Quantum mechanics, Endocrinology, Mathematics, Nuclear medicine, Artificial intelligence"
Phillip L. Pearl,N/A,I136199984,"Medicine, Biology, Psychology, Psychiatry, Neuroscience, Internal medicine, Epilepsy, Chemistry, Genetics, Biochemistry, Pathology, Pediatrics, Electroencephalography, Endocrinology, Computer science"
Wenya Linda Bi,N/A,I136199984,"Medicine, Biology, Internal medicine, Pathology, Genetics, Surgery, Radiology, Chemistry, Cancer research, Biochemistry, Psychology, Oncology, Gene, Mathematics, Computer science, Cancer, Psychiatry, Statistics"
Vitaly Napadow,N/A,I136199984,"Medicine, Biology, Psychology, Neuroscience, Internal medicine, Psychiatry, Radiology, Pathology, Physical therapy, Alternative medicine, Endocrinology, Anesthesia, Surgery, Physical medicine and rehabilitation, Functional magnetic resonance imaging, Acupuncture, Chronic pain, Computer science, Cognition, Geography"
Kurt Bloch,N/A,I136199984,"Medicine, Biology, Immunology, Genetics, Chemistry, Internal medicine, Biochemistry, Antibody, Endocrinology, Political science, Antigen, Computer science"
Nicola Toschi,N/A,I136199984,"Medicine, Biology, Psychology, Neuroscience, Internal medicine, Computer science, Psychiatry, Radiology, Mathematics, Physics, Artificial intelligence, Genetics, Pathology, Chemistry, Endocrinology, Statistics, Biochemistry, Machine learning"
Mahzarin R. Banaji,N/A,I136199984,"Psychology, Social psychology, Biology, Philosophy, Computer science, Cognitive psychology, Epistemology, Medicine, Political science, Sociology, Law, Developmental psychology, Neuroscience, Mathematics, Psychiatry, Economics, Cognition, Physics, Geology, Paleontology, Artificial intelligence"
S. B. Jacobsen,N/A,I136199984,"Biology, Physics, Geology, Astrobiology, Geochemistry, Chemistry, Astronomy, Paleontology, Quantum mechanics, Organic chemistry, Nuclear physics, Materials science, Geophysics, Astrophysics, Mineralogy, Mantle (geology), Isotope, Metallurgy, Engineering, Seismology, Meteorite, Computer science, Mathematics"
Pardis C. Sabeti,N/A,I136199984,"Biology, Genetics, Medicine, Chemistry, Biochemistry, Gene, Pathology, Virology, Internal medicine, Computer science, Immunology, Disease, Computational biology, Outbreak, Sociology, Genome, Virus, Demography, Evolutionary biology, Environmental health, Population"
John J. Lee,N/A,I136199984,"Biology, Computer science, Engineering, Genetics, Medicine, Mathematics, Chemistry, Geology, Operating system, Physics, Ecology, Biochemistry"
Bruce M. Cohen,N/A,I136199984,"Biology, Medicine, Psychology, Internal medicine, Psychiatry, Chemistry, Neuroscience, Biochemistry, Endocrinology, Genetics, Computer science, Programming language, Clinical psychology, Schizophrenia (object-oriented programming), Pathology, Cognition, Receptor, Pharmacology, Social psychology, Mood"
Alexander H. King,N/A,I136199984,"Materials science, Physics, Chemistry, Composite material, Metallurgy, Crystallography, Engineering, Quantum mechanics, Microstructure, Organic chemistry, Geology, Thermodynamics, Grain boundary, Condensed matter physics, Mathematics, Nanotechnology, Computer science, Biology, Medicine, Chemical engineering"
Matthew K. Waldor,N/A,I136199984,"Biology, Genetics, Chemistry, Biochemistry, Gene, Geology, Paleontology, Medicine, Bacteria, Microbiology, Immunology, Escherichia coli, Vibrio cholerae, Internal medicine, Virology, Genome, Pathology, Virulence, Cell biology, DNA"
Steven A. McCarroll,N/A,I136199984,"Biology, Genetics, Chemistry, Biochemistry, Gene, Medicine, Psychology, Internal medicine, Computer science, Psychiatry, Computational biology, Genome, Genotype, Single-nucleotide polymorphism, Neuroscience, Sociology, Programming language, Demography, Environmental health, Population, Phenotype, Schizophrenia (object-oriented programming), Evolutionary biology, Endocrinology, Allele"
D. R. Herschbach,N/A,I136199984,"Physics, Quantum mechanics, Chemistry, Organic chemistry, Computer science, Atomic physics, Molecule, Mathematics, Engineering, Materials science, Optics, Nuclear physics, Astronomy, Classical mechanics"
Peter W. Reiners,N/A,I136199984,"Geology, Biology, Paleontology, Physics, Geochemistry, Seismology, Tectonics, Nuclear physics, Geography, Zircon, Geomorphology, Chemistry, Engineering, Structural basin, Mineralogy, History, Materials science, Thermochronology, Archaeology, Quantum mechanics, Mathematics, Chemical engineering, Computer science"
James T Mckenna,N/A,I136199984,"Engineering, Aeronautics, Business, Aerospace engineering, Biology, Computer science, Aviation, Transport engineering, Medicine, Psychology, Economics, Neuroscience, Physics, Internal medicine, Chemistry"
Feroze Mahmood,N/A,I136199984,"Medicine, Internal medicine, Cardiology, Surgery, Radiology, Biology, Psychology, Physics, Psychiatry, Anesthesia, Pathology, Mitral valve, Computer science"
Niteesh K. Choudhry,N/A,I136199984,"Medicine, Internal medicine, Biology, Psychology, Pathology, Political science, Psychiatry, Nursing, Law, Mathematics, Surgery, Economics, Statistics, Family medicine, Pharmacology, Chemistry, Computer science, Biochemistry, Cardiology, Economic growth, Health care, Intensive care medicine, Medical prescription, Sociology"
Rishi Desai,N/A,I136199984,"Medicine, Internal medicine, Biology, Pathology, Mathematics, Statistics, Computer science, Surgery, Immunology, Psychology, Genetics, Psychiatry, Endocrinology, Economics, Chemistry, Disease"
Laurent Loinard,N/A,I136199984,"Physics, Astronomy, Astrophysics, Computer science, Quantum mechanics, Computer vision, Stars, Galaxy, Optics, Star formation, Geology, Geography, Mathematics, Engineering, Biology"
Jeannine Cavender‐Bares,N/A,I136199984,"Biology, Ecology, Geography, Geology, Botany, Chemistry, Environmental science, Biochemistry, Computer science, Genetics, Paleontology, Ecosystem, Physics, Biodiversity, Gene, Medicine, Economics, Sociology, Phylogenetic tree, Agronomy"
John K. Iglehart,N/A,I136199984,"Political science, Law, Economics, Medicine, Economic growth, Health care, Business, Philosophy, Public administration, Nursing, Linguistics, Computer science, Sociology, Pathology, Politics, Government (linguistics), Public relations, Finance, Public health, Psychology, Geography, Family medicine, History, Archaeology, Health policy"
Neil Bhattacharyya,N/A,I136199984,"Medicine, Internal medicine, Biology, Surgery, Pathology, Psychology, Psychiatry, Immunology, Mathematics, Radiology, Statistics, Genetics, Sociology, Demography, Environmental health, Political science, Law, Chemistry, Computer science"
Christopher M. Bono,N/A,I136199984,"Medicine, Surgery, Biology, Radiology, Pathology, Anatomy, Internal medicine, Psychology, Physics, Mathematics, Psychiatry, Lumbar, Computer science, Geology, Physical therapy, Paleontology, Statistics"
Richard L. Verrier,N/A,I136199984,"Medicine, Internal medicine, Cardiology, Biology, Psychology, Anesthesia, Endocrinology, Psychiatry, Radiology, Neuroscience, Surgery, Blood pressure, Sudden cardiac death, Heart rate, Computer science, Atrial fibrillation"
Jeremy D. Schmahmann,N/A,I136199984,"Medicine, Biology, Psychology, Neuroscience, Internal medicine, Psychiatry, Endocrinology, Pathology, Cerebellum, Ataxia, Radiology, Genetics, Cognition, Disease, Chemistry, Biochemistry, Anatomy, Gene, Computer science"
Guoan Li,N/A,I136199984,"Medicine, Biology, Surgery, Anatomy, Radiology, Physics, Orthodontics, Quantum mechanics, Classical mechanics, Pathology, Geology, Physical therapy, Kinematics, Paleontology, Engineering, Thermodynamics, Knee Joint, Physiology, Physical medicine and rehabilitation, Anterior cruciate ligament, Computer science, Chemistry, Biomechanics, Materials science, Alternative medicine"
Steven J. Skates,N/A,I136199984,"Biology, Genetics, Medicine, Internal medicine, Chemistry, Biochemistry, Cancer, Biomarker, Mathematics, Ovarian cancer, Oncology, Pathology, Computer science, Geometry, Line (geometry), Gynecology, Surgery"
Peter Caravan,N/A,I136199984,"Medicine, Biology, Internal medicine, Chemistry, Genetics, Physics, Biochemistry, Radiology, Organic chemistry, Materials science, Pathology, Magnetic resonance imaging, Metallurgy, Biotechnology, In vivo, Computer science, Psychology, Nuclear medicine, Nuclear magnetic resonance, Quantum mechanics, Surgery"
Louis Kaplow,N/A,I136199984,"Economics, Political science, Law, Business, Microeconomics, Market economy, Mathematics, Public economics, Sociology, Computer science, Philosophy, Biology, Finance, Law and economics, Psychology, Ecology, Physics, Engineering"
Gerald Holton,N/A,I136199984,"Philosophy, Physics, Quantum mechanics, Computer science, Mathematics, Political science, Epistemology, Art, Sociology, Psychology, History, Law, Engineering"
Stefan Sauer,N/A,I136199984,"Computer science, Engineering, Political science, Philosophy, Operating system, Programming language, Biology, Physics, Geography, Geology, Art, Mathematics, Artificial intelligence, Economics, Software engineering, Humanities"
Anzalee Khan,N/A,I136199984,"Medicine, Biology, Internal medicine, Pathology, Psychology, Psychiatry, Computer science, Surgery, Genetics, Chemistry, Disease, Biochemistry, Mathematics, Physics, Clinical psychology, Neuroscience, Programming language, Statistics"
Rachel Millstein,N/A,I136199984,"Medicine, Psychology, Biology, Internal medicine, Psychiatry, Computer science"
Fred G. Barker,N/A,I136199984,"Medicine, Biology, Surgery, Internal medicine, Pathology, Radiology, Genetics, Psychology, Physics, Mathematics, Chemistry, Geology, Psychiatry, Statistics"
Dyann F. Wirth,N/A,I136199984,"Biology, Genetics, Medicine, Immunology, Pathology, Chemistry, Biochemistry, Malaria, Gene, Plasmodium falciparum, Computer science, Virology, Microbiology, World Wide Web, Parasite hosting"
Robert D. Truog,N/A,I136199984,"Medicine, Psychology, Political science, Law, Biology, Internal medicine, Intensive care medicine, Psychiatry, Surgery, Economics, Philosophy, Nursing, Pathology, Chemistry, Computer science, Anesthesia, Family medicine"
Anders Johansson,N/A,I136199984,"Biology, Computer science, Medicine, Chemistry, Genetics, Biochemistry, Mathematics, Physics, Pathology, Gene, Microbiology, Engineering, Sociology, Political science, Philosophy, Virology, Geography"
Carol B. Benson,N/A,I136199984,"Medicine, Biology, Genetics, Internal medicine, Surgery, Pregnancy, Radiology, Pathology, Fetus, Obstetrics, Physics, Computer science, Gestation, Endocrinology, Gestational age"
Sanjeeva P. Kalva,N/A,I136199984,"Medicine, Internal medicine, Surgery, Radiology, Biology, Pathology, Psychology, Psychiatry, Cardiology, Physics, Computer science, Genetics"
Richard Losick,N/A,I136199984,"Biology, Genetics, Chemistry, Biochemistry, Geology, Paleontology, Gene, Bacteria, Bacillus subtilis, Cell biology, Escherichia coli, Gene expression, Physics, Organic chemistry, Microbiology, Mutant, RNA, Nuclear magnetic resonance, Philosophy, Enzyme, Linguistics, Promoter, Transcription (linguistics), Molecular biology, RNA polymerase"
Jonathan D. Schoenfeld,N/A,I136199984,"Medicine, Internal medicine, Biology, Genetics, Cancer, Oncology, Surgery, Radiology, Radiation therapy, Pathology, Immunology, Immune system, Immunotherapy, Head and neck cancer, Chemistry, Biochemistry, Head and neck, Computer science, Head and neck squamous-cell carcinoma, Cancer research, Mathematics"
Jong Gwan Lee,N/A,I136199984,Computer science
Stephen P. Juraschek,N/A,I136199984,"Medicine, Internal medicine, Biology, Endocrinology, Pathology, Radiology, Blood pressure, Surgery, Mathematics, Chemistry, Cardiology, Statistics, Biochemistry, Sociology, Psychology, Demography, Environmental health, Computer science, Psychiatry, Physical therapy, Randomized controlled trial, Population"
Deeba Husain,N/A,I136199984,"Physics, Chemistry, Optics, Biology, Medicine, Quantum mechanics, Organic chemistry, Ophthalmology, Atomic physics, Materials science, Psychology, Chromatography, Biochemistry, Botany, Internal medicine, Classical mechanics, Nuclear physics, Environmental chemistry, Analytical Chemistry (journal), Computer science, Surgery, Psychiatry, Retinal, Engineering, Astronomy"
Sirano Dhe‐Paganon,N/A,I136199984,"Biology, Chemistry, Genetics, Biochemistry, Gene, Medicine, Cell biology, Organic chemistry, Physics, Nuclear magnetic resonance, Internal medicine, Enzyme, Computer science, Mathematics, Mathematical analysis, Domain (mathematical analysis), Ubiquitin, Cancer research"
Neil S. Horowitz,N/A,I136199984,"Medicine, Biology, Internal medicine, Genetics, Cancer, Surgery, Pathology, Oncology, Chemistry, Ovarian cancer, Biochemistry, Chemotherapy, Gynecology, Immunology, Pregnancy, Cancer research, Obstetrics, Geology, Paleontology"
Ulrich H. von Andrian,N/A,I136199984,"Biology, Medicine, Genetics, Immunology, Chemistry, Internal medicine, Biochemistry, Cell biology, Immune system, Receptor, Pathology, Physics, Antigen, Inflammation, Cell, Psychology, In vitro, Endocrinology, Organic chemistry, Geology, Materials science, Quantum mechanics, Gene"
Frederick M. Ausubel,N/A,I136199984,"Biology, Genetics, Chemistry, Biochemistry, Gene, Medicine, Geology, Paleontology, Bacteria, Mutant, Microbiology, Immunology, Organic chemistry, Physics, Arabidopsis, Internal medicine, Botany, Caenorhabditis elegans, Virulence, Cell biology"
Miriam A. Bredella,N/A,I136199984,"Medicine, Biology, Pathology, Internal medicine, Endocrinology, Surgery, Radiology, Chemistry, Psychology, Biochemistry, Genetics, Anatomy, Obesity, Psychiatry, Physics, Geology, Adipose tissue"
David H. Bailey,N/A,I136199984,"Computer science, Mathematics, Programming language, Operating system, Physics, Algorithm, Engineering, Mathematical analysis, Biology, Philosophy, Pure mathematics"
Dennis Ross‐Degnan,N/A,I136199984,"Medicine, Biology, Political science, Law, Economics, Internal medicine, Nursing, Economic growth, Pathology, Psychology, Health care, Psychiatry, Mathematics, Family medicine, Business, Statistics, Sociology, Environmental health, Pharmacology, Demography, Computer science, Genetics, Endocrinology, Surgery, Population"
Henry Louis Gates,N/A,I136199984,"History, Art, Political science, Philosophy, Art history, Law, Computer science, Sociology, Literature, Geography, Library science, World Wide Web, Linguistics, Biology, Archaeology, Visual arts"
David H. Salat,N/A,I136199984,"Medicine, Biology, Psychology, Neuroscience, Internal medicine, Psychiatry, Radiology, Pathology, Magnetic resonance imaging, Disease, Cognition, White matter, Endocrinology, Genetics, Computer science, Chemistry, Dementia, Mathematics"
David C. Bellinger,N/A,I136199984,"Medicine, Biology, Internal medicine, Psychology, Psychiatry, Pathology, Neuroscience, Mathematics, Environmental health, Cognition, Chemistry, Statistics, Pediatrics, Sociology, Computer science, Genetics, Surgery, Cardiology, Developmental psychology, Demography, Organic chemistry"
David C. Grabowski,N/A,I136199984,"Medicine, Nursing, Economics, Political science, Law, Economic growth, Business, Health care, Psychology, Nursing homes, Computer science, Pathology, Internal medicine, Philosophy, Biology, Physics, Psychiatry, Finance, Quantum mechanics, Family medicine, Sociology, Mathematics, Gerontology, Medicaid, Epistemology"
David Caplan,N/A,I136199984,"Psychology, Philosophy, Computer science, Linguistics, Biology, Medicine, Neuroscience, Psychiatry, Cognitive psychology, Artificial intelligence, Natural language processing, Programming language, Cognition, Comprehension, Aphasia, Sentence, Mathematics, Engineering"
Scott V. Edwards,N/A,I136199984,"Biology, Genetics, Chemistry, Biochemistry, Gene, Evolutionary biology, Ecology, Medicine, Phylogenetic tree, Geology, Zoology, Phylogenetics, Sociology, Paleontology, Genome, Computer science, Environmental health, Demography, Population"
David C. Hooper,N/A,I136199984,"Biology, Genetics, Chemistry, Biochemistry, Microbiology, Medicine, Geology, Paleontology, Antibiotics, Bacteria, Gene, Internal medicine, Escherichia coli, Staphylococcus aureus, Pathology, Organic chemistry, Physics, DNA"
Nathalie Y.R. Agar,N/A,I136199984,"Biology, Medicine, Genetics, Chemistry, Cancer research, Biochemistry, Internal medicine, Gene, Physics, Computer science, Psychology, Pathology, Glioma, Mutant, Epigenetics, Organic chemistry, Endocrinology"
Bertrand I. Halperin,N/A,I136199984,"Physics, Quantum mechanics, Condensed matter physics, Engineering, Nuclear physics, Mathematics, Electron, Materials science, Thermodynamics, Magnetic field, Chemistry, Mechanical engineering, Computer science, Electrical engineering, Aerospace engineering, Quantum, Optoelectronics, Quantum Hall effect, Optics, Spin (aerodynamics), Superconductivity, Particle physics"
Rohit Bakshi,N/A,I136199984,"Medicine, Psychology, Biology, Psychiatry, Internal medicine, Immunology, Pathology, Multiple sclerosis, Radiology, Neuroscience, Magnetic resonance imaging, Genetics, Surgery, Atrophy, Nuclear medicine, Disease, Computer science, Mathematics"
Colleen M. Ryan,N/A,I136199984,"Medicine, Surgery, Psychology, Biology, Internal medicine, Pathology, Environmental health, Burn injury, Emergency medicine, Sociology, Psychiatry, Physical therapy, Medical emergency, Mathematics, Demography, Political science, Law, Computer science, Statistics, Neuroscience, Economics, Psychotherapist, Population, Nursing, Poison control"
Thomas G. Gutheil,N/A,I136199984,"Psychology, Medicine, Political science, Law, Computer science, Psychiatry, Psychotherapist, Philosophy, History, Mathematics, Geography, Biology, Archaeology, Economics, Sociology, Social psychology"
Nils Gehlenborg,N/A,I136199984,"Biology, Computer science, Genetics, Medicine, Chemistry, Biochemistry, Computational biology, Gene, Engineering, Data mining, Artificial intelligence, Internal medicine, Mechanical engineering, Visualization, Mathematics, Operating system, Data science, Programming language, Pathology"
Darin D. Dougherty,N/A,I136199984,"Psychology, Medicine, Biology, Neuroscience, Psychiatry, Internal medicine, Endocrinology, Cognition, Clinical psychology, Pathology, Social psychology, Radiology, Economics, Computer science, Physics, Disease, Chemistry, Mathematics, Stimulation, Deep brain stimulation, Parkinson's disease, Mood, Macroeconomics, Keynesian economics, Depression (economics)"
Frank Dubois,N/A,I136199984,"Medicine, Physics, Biology, Chemistry, Quantum mechanics, Computer science, Genetics, Biochemistry, Optics, Internal medicine, Materials science, Pathology, Cancer research, Mathematics, Holography, Gene, Engineering, Thermodynamics, Cancer, Microscopy, Artificial intelligence, Geography, Digital holographic microscopy"
Nan M. Laird,N/A,I136199984,"Medicine, Mathematics, Biology, Computer science, Statistics, Internal medicine, Chemistry, Genetics, Biochemistry, Gene, Psychology, Economics, Pathology, Machine learning, Econometrics, Sociology, Genotype, Single-nucleotide polymorphism, Demography, Philosophy"
John H. Growdon,N/A,I136199984,"Medicine, Biology, Internal medicine, Pathology, Disease, Psychology, Neuroscience, Chemistry, Biochemistry, Genetics, Alzheimer's disease, Psychiatry, Endocrinology, Dementia, Gene, Computer science"
Steven J. Staffa,N/A,I136199984,"Medicine, Internal medicine, Surgery, Pathology, Biology, Psychology, Mathematics, Statistics, Radiology, Psychiatry, Anesthesia, Physics, Cardiology, Anatomy, Genetics, Computer science, Retrospective cohort study"
Meir J. Stampfer,N/A,I136199984,"Medicine, Internal medicine, Biology, Genetics, Pathology, Chemistry, Cancer, Biochemistry, Mathematics, Oncology, Endocrinology, Statistics, Prostate cancer, Surgery, Computer science, Gene, Confidence interval"
John J. Mekalanos,N/A,I136199984,"Biology, Genetics, Chemistry, Biochemistry, Gene, Geology, Paleontology, Bacteria, Microbiology, Medicine, Vibrio cholerae, Internal medicine, Escherichia coli, Virulence, Endocrinology, Virology, Mutant, Pathology, Immunology, Cholera toxin, Cholera, Cell biology, Genome, DNA"
Loretta J. Mickley,N/A,I136199984,"Environmental science, Chemistry, Geography, Physics, Meteorology, Biology, Geology, Ecology, Organic chemistry, Climatology, Atmospheric sciences, Oceanography, Climate change, Air quality index, Engineering, Ozone, Aerosol, Troposphere"
Peter James,N/A,I136199984,"Medicine, Biology, Internal medicine, Sociology, Environmental health, Pathology, Mathematics, Statistics, Demography, Computer science, Psychology, Genetics, Political science, Law, Population, Geography, Economics, Gerontology, Cancer, Physics, Confidence interval, Surgery, Ecology"
Mauricio Santillana,N/A,I136199984,"Medicine, Pathology, Biology, Internal medicine, Disease, Infectious disease (medical specialty), Coronavirus disease 2019 (COVID-19), Virology, Computer science, Outbreak, Political science, Severe acute respiratory syndrome coronavirus 2 (SARS-CoV-2), 2019-20 coronavirus outbreak, Sociology, Mathematics, Psychology, Demography, Law, Economics, Geography, Environmental health, Physics, Pandemic, Statistics, Engineering"
Michael S. Gilmore,N/A,I136199984,"Biology, Genetics, Chemistry, Biochemistry, Microbiology, Geology, Paleontology, Bacteria, Gene, Medicine, Staphylococcus aureus, Antibiotics, Escherichia coli, Virulence, Enterococcus faecalis, Internal medicine, Immunology, Organic chemistry, Physics, Enterococcus, Ophthalmology"
Robert A. Cormack,N/A,I136199984,"Medicine, Internal medicine, Radiology, Surgery, Radiation therapy, Physics, Biology, Brachytherapy, Nuclear medicine, Computer science, Genetics, Engineering, Cancer, Chemistry, Mathematics, Medical physics, Prostate cancer, Optics, Prostate, Radiation treatment planning, Quantum mechanics, Artificial intelligence"
Russell S. Phillips,N/A,I136199984,"Medicine, Internal medicine, Pathology, Biology, Political science, Law, Psychology, Economics, Family medicine, Nursing, Mathematics, Surgery, Economic growth, Statistics, Computer science, Health care, Sociology, Psychiatry, Chemistry, Demography, Biochemistry"
Sebastien Haneuse,N/A,I136199984,"Medicine, Internal medicine, Biology, Mathematics, Pathology, Statistics, Computer science, Psychology, Sociology, Genetics, Demography, Economics, Physics, Philosophy, Cancer, Surgery, Chemistry, Environmental health, Machine learning, Epistemology, Political science, Law, Psychiatry"
C. H. Langmuir,N/A,I136199984,"Geology, Biology, Paleontology, Geochemistry, Physics, Seismology, Geophysics, Mantle (geology), Geography, Basalt, Tectonics, Cartography, Ridge, Volcano, Chemistry, Engineering, Subduction, Oceanography, Mid-ocean ridge, Organic chemistry, Earth science, Crust, Materials science"
John B. Miller,N/A,I136199984,"Medicine, Biology, Ophthalmology, Physics, Optics, Chemistry, Biochemistry, Surgery, Psychology, Botany, Retinal, Internal medicine, Radiology, Computer science, Psychiatry, Visual acuity, Pathology, Optical coherence tomography, Neuroscience, Optometry, Engineering, Mathematics, Macular degeneration"
Matthew Baum,N/A,I136199984,"Political science, Medicine, Biology, Pathology, Internal medicine, Infectious disease (medical specialty), Disease, Coronavirus disease 2019 (COVID-19), Law, Virology, Computer science, Sociology, Economics, Psychology, Outbreak, Mathematics, 2019-20 coronavirus outbreak, Severe acute respiratory syndrome coronavirus 2 (SARS-CoV-2), Politics, Business, Philosophy"
Andrew W. Murray,N/A,I136199984,"Biology, Chemistry, Genetics, Biochemistry, Medicine, Gene, Cell biology, Internal medicine, Physics, Cell, Organic chemistry, Apoptosis, Cancer, Nuclear magnetic resonance, Cell cycle, Enzyme, Chromosome, Computer science, Yeast"
Atanu Bhattacharjee,N/A,I136199984,"Medicine, Biology, Internal medicine, Pathology, Mathematics, Genetics, Statistics, Surgery, Computer science, Chemistry, Cancer, Oncology, Biochemistry, Radiology, Physics, Artificial intelligence, Chemotherapy, Machine learning"
Vincent J. Carey,N/A,I136199984,"Biology, Medicine, Genetics, Internal medicine, Chemistry, Biochemistry, Gene, Computer science, Pathology, Mathematics, Immunology, Statistics, Psychology, Psychiatry"
Robert D. Howe,N/A,I136199984,"Computer science, Artificial intelligence, Engineering, Physics, Medicine, Computer vision, Robot, Mathematics, Quantum mechanics, Biology, Economics, Mechanical engineering, Materials science, Operating system, Simulation, Radiology, Surgery, Psychology, Management, Thermodynamics, Composite material, Programming language, Acoustics"
Paolo Bonato,N/A,I136199984,"Medicine, Computer science, Biology, Engineering, Psychology, Physical medicine and rehabilitation, Physics, Physical therapy, Neuroscience, Operating system, Psychiatry, Artificial intelligence, Quantum mechanics, Internal medicine, Pathology, Rehabilitation, Thermodynamics, Surgery, Physiology, Embedded system, Wearable computer, Anatomy, Mathematics, Economics, Mechanical engineering"
David Canning,N/A,I136199984,"Economics, Medicine, Sociology, Demography, Environmental health, Population, Political science, Law, Mathematics, Biology, Economic growth, Pathology, Computer science, Business, Statistics, Geography, Demographic economics, Genetics, Psychology, Macroeconomics, Ecology, Internal medicine"
Zvi Griliches,N/A,I136199984,"Economics, Mathematics, Computer science, Econometrics, Macroeconomics, Business, Economic growth, Political science, Statistics, Geography, Biology, Law, Productivity, Microeconomics, Physics, History"
Michael D. Johnson,N/A,I136199984,"Physics, Quantum mechanics, Computer science, Astronomy, Astrophysics, Mathematics, Optics, Engineering, Geology, Galaxy, Geography, Geometry, Computer vision, Supermassive black hole, Event (particle physics), Horizon, Economics, Spacetime, Biology, Computer network, Electronic engineering, Event horizon, Business"
Peter Huybers,N/A,I136199984,"Geology, Biology, Geography, Physics, Oceanography, Climatology, Environmental science, Paleontology, Ecology, Mathematics, History, Meteorology, Archaeology, Computer science, Geomorphology, Atmospheric sciences, Climate change, Engineering, Quantum mechanics, Glacial period, Statistics"
Suzanne Walker,N/A,I136199984,"Biology, Chemistry, Biochemistry, Genetics, Gene, Organic chemistry, Physics, Geology, Paleontology, Nuclear magnetic resonance, Bacteria, Enzyme, Medicine, Microbiology, Botany, Cell wall, Peptidoglycan, Cell biology, Staphylococcus aureus, Bacterial cell structure, Biosynthesis, Antibiotics, Escherichia coli"
David R. Liu,N/A,I136199984,"Biology, Chemistry, Genetics, Biochemistry, Gene, Computational biology, Physics, Medicine, Organic chemistry, DNA, Cell biology, Nuclear magnetic resonance, Genome, CRISPR, Computer science, Genome editing, Enzyme, Internal medicine, Materials science, Mathematics"
Joel S. Weissman,N/A,I136199984,"Medicine, Political science, Law, Economics, Internal medicine, Biology, Psychology, Economic growth, Pathology, Health care, Nursing, Family medicine, Mathematics, Sociology, Computer science, Statistics, Psychiatry, Surgery, Business, Emergency medicine, Environmental health, Demography"
José A. Cancelas,N/A,I136199984,"Biology, Medicine, Genetics, Internal medicine, Chemistry, Immunology, Biochemistry, Cell biology, Stem cell, Pathology, Cancer research, Haematopoiesis, Progenitor cell, Gene, Bone marrow, Surgery, Computer science"
Elsie M. Taveras,N/A,I136199984,"Medicine, Biology, Pathology, Internal medicine, Endocrinology, Psychology, Obesity, Sociology, Body mass index, Mathematics, Statistics, Overweight, Psychiatry, Demography, Political science, Nursing, Law, Pediatrics, Computer science, Environmental health, Economics, Gerontology, Childhood obesity, Genetics, Surgery"
Παγώνα Λάγιου,N/A,I136199984,"Medicine, Biology, Internal medicine, Genetics, Pathology, Cancer, Chemistry, Mathematics, Biochemistry, Statistics, Endocrinology, Surgery, Environmental health, Oncology, Sociology, Confidence interval, Computer science, Demography"
Fred Burchsted,N/A,I136199984,"Computer science, Library science, Political science, History, Law, World Wide Web, Sociology"
John G. Gunderson,N/A,I136199984,"Psychology, Medicine, Psychiatry, Clinical psychology, Social psychology, Psychoanalysis, Psychotherapist, Personality, Borderline personality disorder, Personality disorders, Biology, Computer science, Mathematics, Internal medicine, Developmental psychology, Neuroscience"
